<?xml version="1.0" encoding="UTF-8"?>
<kml xmlns="http://www.opengis.net/kml/2.2" xmlns:gx="http://www.google.com/kml/ext/2.2" xmlns:xsi="http://www.w3.org/2001/XMLSchema-instance"
 xsi:schemaLocation="http://www.opengis.net/kml/2.2 http://schemas.opengis.net/kml/2.2.0/ogckml22.xsd http://www.google.com/kml/ext/2.2 http://code.google.com/apis/kml/schema/kml22gx.xsd">
<Document id="RouteTraces1">
  <name>RouteTraces1</name>
  <snippet></snippet>
  <description><![CDATA[]]></description>
  <Folder id="FeatureLayer0">
    <name>RouteTraces1</name>
    <snippet></snippet>
    <description><![CDATA[]]></description>
    <Placemark id="ID_00000">
      <name>BL</name>
      <snippet></snippet>
      <description><![CDATA[<html xmlns:fo="http://www.w3.org/1999/XSL/Format" xmlns:msxsl="urn:schemas-microsoft-com:xslt">
<head>
<META http-equiv="Content-Type" content="text/html">
<meta http-equiv="content-type" content="text/html; charset=UTF-8">
</head>
<body style="margin:0px 0px 0px 0px;overflow:auto;background:#FFFFFF;">
<table style="font-family:Arial,Verdana,Times;font-size:12px;text-align:left;width:100%;border-collapse:collapse;padding:3px 3px 3px 3px">
<tr style="text-align:center;font-weight:bold;background:#9CBCE2">
<td>BL</td>
</tr>
<tr>
<td>
<table style="font-family:Arial,Verdana,Times;font-size:12px;text-align:left;width:100%;border-spacing:0px; padding:3px 3px 3px 3px">
<tr>
<td>shape_id</td>
<td>12</td>
</tr>
<tr bgcolor="#D4E4F3">
<td>route_id</td>
<td>55</td>
</tr>
<tr>
<td>agency_id</td>
<td>CATA</td>
</tr>
<tr bgcolor="#D4E4F3">
<td>route_short_name</td>
<td>BL</td>
</tr>
<tr>
<td>route_long_name</td>
<td>BL - Blue Loop</td>
</tr>
<tr bgcolor="#D4E4F3">
<td>route_desc</td>
<td>&lt;Null&gt;</td>
</tr>
<tr>
<td>route_type</td>
<td>3</td>
</tr>
<tr bgcolor="#D4E4F3">
<td>route_url</td>
<td>&lt;Null&gt;</td>
</tr>
<tr>
<td>route_sort_order</td>
<td>&lt;Null&gt;</td>
</tr>
<tr bgcolor="#D4E4F3">
<td>continuous_pickup</td>
<td>&lt;Null&gt;</td>
</tr>
<tr>
<td>continuous_drop_off</td>
<td>&lt;Null&gt;</td>
</tr>
<tr bgcolor="#D4E4F3">
<td>route_type_text</td>
<td>Bus</td>
</tr>
<tr>
<td>ColorCode</td>
<td>0000FF</td>
</tr>
<tr bgcolor="#D4E4F3">
<td>Shape__Length</td>
<td>8817.566918</td>
</tr>
<tr>
<td>GlobalID</td>
<td>{EB408C85-FCFD-4591-BE41-2950C92629D6}</td>
</tr>
</table>
</td>
</tr>
</table>
</body><script type="text/javascript">
				function changeImage(attElement, nameElement) {
				document.getElementById('imageAttachment').src = attElement;
				document.getElementById('imageName').innerHTML = nameElement;}
			</script></html>
]]></description>
      <styleUrl>#LineStyle00</styleUrl>
      <MultiGeometry>
        <LineString>
          <extrude>0</extrude>
          <tessellate>1</tessellate><altitudeMode>clampToGround</altitudeMode>
          <coordinates> -77.85274000034926,40.81113999890296,0 -77.85291000022858,40.81130999900433,0 -77.85302999987918,40.81144999932064,0 -77.85304999997065,40.81144999932064,0 -77.85383999999107,40.81225999875176,0 -77.85554999972825,40.81050999900877,0 -77.85586000024797,40.8101899987575,0 -77.85872999990143,40.80714999895519,0 -77.86056000018753,40.8051899990618,0 -77.86066999979238,40.80516999918779,0 -77.86470000026043,40.80092999929668,0 -77.86552999956552,40.80004999909546,0 -77.86583000003948,40.79871999913006,0 -77.86625000016406,40.79826999914174,0 -77.86677999989347,40.79790999899477,0 -77.86828999961411,40.79676999936382,0 -77.86846000039174,40.79652999927346,0 -77.86898000007542,40.7965799989955,0 -77.86934999997128,40.79652999927346,0 -77.87008999976297,40.79601999900583,0 -77.87048999979606,40.79565999889819,0 -77.86958000012504,40.79503999938834,0 -77.86820000010074,40.79353999939637,0 -77.86776999993043,40.79316999939711,0 -77.86684000016793,40.79261999933723,0 -77.86692999968129,40.79265999916138,0 -77.86690000044239,40.79268999884363,0 -77.86654999973972,40.79248999889234,0 -77.86611999956939,40.79224999897163,0 -77.86571000038887,40.79201999908377,0 -77.86566000016018,40.79194999887104,0 -77.86552999956552,40.79187999926458,0 -77.86548000023512,40.79184999921635,0 -77.86528000021858,40.79186999902333,0 -77.86524000003561,40.79187999926458,0 -77.86520999989837,40.79187999926458,0 -77.86512000038499,40.79188999882427,0 -77.86506000011056,40.79189999906252,0 -77.86497999974461,40.79189999906252,0 -77.86490000027698,40.79195999910024,0 -77.86445000001518,40.79230999937321,0 -77.86440999983222,40.7923399992136,0 -77.86411000025656,40.79255999921585,0 -77.86391000024001,40.79270999907762,0 -77.86340999974949,40.79308999897911,0 -77.86300999971643,40.79337999935562,0 -77.86277000041521,40.79355999937438,0 -77.86232000015343,40.79388999882137,0 -77.86166999987509,40.79436999886023,0 -77.8615999995549,40.7944199988489,0 -77.86152000008725,40.79447999932971,0 -77.86147999990429,40.79450999886964,0 -77.86076000020407,40.79505999891445,0 -77.86043999963863,40.79529999887857,0 -77.86037000021672,40.79534999884691,0 -77.86014000006296,40.79552999896518,0 -77.859839999589,40.79575999893498,0 -77.85982000039581,40.79576999927041,0 -77.85952999996759,40.79598999878803,0 -77.85921000030045,40.79622999879044,0 -77.85918000016322,40.79625999889974,0 -77.85897000010094,40.79640999924295,0 -77.85866999962697,40.79663999888421,0 -77.85830999977686,40.79690999907255,0 -77.8580799996231,40.79707999890478,0 -77.85774999991021,40.79733999924622,0 -77.8576500003511,40.79740999921652,0 -77.85761000016812,40.79743999879256,0 -77.85762000021387,40.79744999887491,0 -77.85691999970682,40.79796999904148,0 -77.85794999992676,40.79854999873742,0 -77.85893999996371,40.79913999931372,0 -77.85924000043768,40.79931999935614,0 -77.86028999985079,40.79993999901501,0 -77.85950999987611,40.80074999886011,0 -77.85902000032966,40.80123999913102,0 -77.85902000032966,40.80122999893963,0 -77.85846999961043,40.80177999907001,0 -77.8580799996231,40.80216999878702,0 -77.85795999997249,40.8022899992851,0 -77.85785000036763,40.80247999894996,0 -77.85711999972335,40.80252999895032,0 -77.85711999972335,40.80255999893249,0 -77.85692999975257,40.80256999892347,0 -77.85621000005234,40.80260999887256,0 -77.85552999963677,40.80262999883804,0 -77.85377999971661,40.80433999876061,0 -77.85320999980424,40.80460999890814,0 -77.85277999963392,40.80465999934378,0 -77.85223999985874,40.80475999874212,0 -77.8514900000213,40.80501999892054,0 -77.85107999994247,40.80502999922086,0 -77.85068999995514,40.8050499991371,0 -77.84811999987733,40.80572999882188,0 -77.84798000013524,40.80585999917819,0 -77.84819000019752,40.80633999902013,0 -77.84875000006419,40.80751999922875,0 -77.84856000009337,40.80762999898576,0 -77.84824999957367,40.80782999888041,0 -77.84826999966515,40.80783999875734,0 -77.84819000019752,40.80790999921341,0 -77.84817000010604,40.80793999880352,0 -77.8478999997693,40.80823999939771,0 -77.84910999991429,40.80880999937393,0 -77.84934000006805,40.80892999874505,0 -77.84966999978094,40.80907999901363,0 -77.85039000037949,40.80942999877495,0 -77.85072000009237,40.80958999888629,0 -77.85090000001742,40.8096799987369,0 -77.85095000024613,40.80970999888665,0 -77.85105999985097,40.80977999872996,0 -77.85119000044565,40.80985999875182,0 -77.85140999965536,40.80999999872802,0 -77.85189000005438,40.81033999889746,0 -77.85191000014586,40.81034999907601,0 -77.85237999960083,40.8107799992102,0 -77.85274000034926,40.81113999890296,0 -77.85279973202745,40.81110155496175,0</coordinates>
        </LineString>
      </MultiGeometry>
    </Placemark>
    <Placemark id="ID_00001">
      <name>AC</name>
      <snippet></snippet>
      <description><![CDATA[<html xmlns:fo="http://www.w3.org/1999/XSL/Format" xmlns:msxsl="urn:schemas-microsoft-com:xslt">
<head>
<META http-equiv="Content-Type" content="text/html">
<meta http-equiv="content-type" content="text/html; charset=UTF-8">
</head>
<body style="margin:0px 0px 0px 0px;overflow:auto;background:#FFFFFF;">
<table style="font-family:Arial,Verdana,Times;font-size:12px;text-align:left;width:100%;border-collapse:collapse;padding:3px 3px 3px 3px">
<tr style="text-align:center;font-weight:bold;background:#9CBCE2">
<td>AC</td>
</tr>
<tr>
<td>
<table style="font-family:Arial,Verdana,Times;font-size:12px;text-align:left;width:100%;border-spacing:0px; padding:3px 3px 3px 3px">
<tr>
<td>shape_id</td>
<td>2</td>
</tr>
<tr bgcolor="#D4E4F3">
<td>route_id</td>
<td>71</td>
</tr>
<tr>
<td>agency_id</td>
<td>CATA</td>
</tr>
<tr bgcolor="#D4E4F3">
<td>route_short_name</td>
<td>AC</td>
</tr>
<tr>
<td>route_long_name</td>
<td>Atherton Street Connector</td>
</tr>
<tr bgcolor="#D4E4F3">
<td>route_desc</td>
<td>&lt;Null&gt;</td>
</tr>
<tr>
<td>route_type</td>
<td>3</td>
</tr>
<tr bgcolor="#D4E4F3">
<td>route_url</td>
<td>&lt;Null&gt;</td>
</tr>
<tr>
<td>route_sort_order</td>
<td>&lt;Null&gt;</td>
</tr>
<tr bgcolor="#D4E4F3">
<td>continuous_pickup</td>
<td>&lt;Null&gt;</td>
</tr>
<tr>
<td>continuous_drop_off</td>
<td>&lt;Null&gt;</td>
</tr>
<tr bgcolor="#D4E4F3">
<td>route_type_text</td>
<td>Bus</td>
</tr>
<tr>
<td>ColorCode</td>
<td>00B050</td>
</tr>
<tr bgcolor="#D4E4F3">
<td>Shape__Length</td>
<td>18775.74836</td>
</tr>
<tr>
<td>GlobalID</td>
<td>{A99E8432-5C9C-4ED2-80C4-2F8103217BEB}</td>
</tr>
</table>
</td>
</tr>
</table>
</body><script type="text/javascript">
				function changeImage(attElement, nameElement) {
				document.getElementById('imageAttachment').src = attElement;
				document.getElementById('imageName').innerHTML = nameElement;}
			</script></html>
]]></description>
      <styleUrl>#LineStyle00</styleUrl>
      <MultiGeometry>
        <LineString>
          <extrude>0</extrude>
          <tessellate>1</tessellate><altitudeMode>clampToGround</altitudeMode>
          <coordinates> -77.89526999995904,40.80794999934376,0 -77.89579999968846,40.80799999930283,0 -77.89613000029966,40.80803999937892,0 -77.89643999992106,40.80807999875096,0 -77.89682999990839,40.80812999929201,0 -77.8972600000787,40.80817999911539,0 -77.89737999972931,40.80819999876223,0 -77.89795999968746,40.8082699988386,0 -77.89808000023638,40.80827999932914,0 -77.89819999988696,40.80825999902647,0 -77.89817999979549,40.80832999903954,0 -77.89814999965824,40.80846999884413,0 -77.89814999965824,40.80847999930454,0 -77.89807000019061,40.80882999883095,0 -77.89781999994538,40.80879999896329,0 -77.897470000141,40.80875999934531,0 -77.89739999982081,40.80874999892711,0 -77.89736999968356,40.80874999892711,0 -77.89709000019941,40.808709999279,0 -77.89694000041158,40.80869999885323,0 -77.89686000004563,40.80868999910593,0 -77.89678999972543,40.80869999885321,0 -77.89677999967968,40.80869999885321,0 -77.89672000030355,40.808709999279,0 -77.89666000002909,40.8087299987661,0 -77.89655999957166,40.80878999923101,0 -77.89650000019553,40.80881999910319,0 -77.89637999964661,40.80889999892266,0 -77.8962800000875,40.80895999923389,0 -77.89627000004175,40.80895999923388,0 -77.8961899996758,40.80901999881094,0 -77.89601999979648,40.80911999911864,0 -77.89596999956778,40.80914999884165,0 -77.8957300002666,40.8092999992928,0 -77.89558999962618,40.80921999927572,0 -77.89549000006707,40.80916999887601,0 -77.89537000041648,40.80912999880118,0 -77.89523999982181,40.80908999938214,0 -77.89519999963885,40.80907999901363,0 -77.89511000012547,40.80904999925904,0 -77.89481999969723,40.8089699989405,0 -77.89496000033766,40.80880999937393,0 -77.89503999980528,40.80869999885321,0 -77.89503999980528,40.80868999910593,0 -77.89509000003399,40.8085899988301,0 -77.89510000007974,40.80856999930081,0 -77.8951200001712,40.80853999931559,0 -77.89515000030845,40.80846999884413,0 -77.89516000035418,40.80843999881372,0 -77.8951899995931,40.80832999903955,0 -77.89522999977606,40.80814999895393,0 -77.89526999995904,40.80794999934376,0</coordinates>
        </LineString>
        <LineString>
          <extrude>0</extrude>
          <tessellate>1</tessellate><altitudeMode>clampToGround</altitudeMode>
          <coordinates> -77.89819999988696,40.80825999902647,0 -77.89825000011568,40.80825999902647,0 -77.89868000028599,40.80830999875194,0 -77.89929000038136,40.80838999918625,0 -77.89969999956186,40.80843999881373,0 -77.90011999968642,40.80848999908353,0 -77.900539999811,40.80853999931559,0 -77.9012500003638,40.8086299992305,0 -77.901709999773,40.80867999935708,0 -77.90217000008055,40.8087299987661,0 -77.90288999978077,40.80881999910319,0 -77.90359000028782,40.80889999892266,0 -77.90402999960557,40.80895999923389,0 -77.90408999988001,40.80895999923389,0 -77.90441000044549,40.80899999873131,0 -77.9046099995637,40.80901999881094,0 -77.90504999977976,40.8090699993236,0 -77.90548999999582,40.80911999911865,0 -77.90559999960065,40.80912999880118,0 -77.9055800004075,40.80922999894313,0 -77.90556000031602,40.80933999926518,0 -77.90552000013304,40.80956999897846,0 -77.90546999990431,40.80980999883445,0 -77.90542999972135,40.81002999873306,0 -77.90538000039095,40.81026999896499,0 -77.90536000029948,40.81034999907601,0 -77.90534000020799,40.81046999906175,0 -77.90533000016224,40.81058999883044,0 -77.9053200001165,40.81068999881187,0 -77.90533000016224,40.81078999932247,0 -77.90538000039095,40.81084999928456,0 -77.90542999972135,40.81089999909818,0 -77.90547999995007,40.81093999878595,0 -77.90553000017879,40.81097999912957,0 -77.90569000001236,40.81105999906448,0 -77.90590000007462,40.81117999912596,0 -77.90601999972523,40.81106999913454,0 -77.90612000018267,40.81098999921168,0 -77.90621999974178,40.81090999919236,0 -77.90630000010772,40.81084999928457,0 -77.90637999957535,40.81078999932247,0 -77.9063899996211,40.81078999932247,0 -77.90649000007851,40.81072999930615,0 -77.90657000044446,40.81068999881187,0 -77.90657999959188,40.81067999936442,0 -77.90664999991209,40.81064999897335,0 -77.90675000036951,40.81060999911077,0 -77.90678999965417,40.81059999897133,0 -77.90685999997437,40.81057999936792,0 -77.90687000002012,40.81056999922403,0 -77.9070099997622,40.81052999931317,0 -77.90703999989942,40.81051999916172,0 -77.90712000026537,40.81048999937823,0 -77.90721999982448,40.81045999890127,0 -77.90728000009895,40.81043999925564,0 -77.90735999956657,40.81040999875606,0 -77.90741999984103,40.81037999892285,0 -77.90748000011547,40.81034999907601,0 -77.90754000038994,40.81030999903259,0 -77.90755000043568,40.81029999884794,0 -77.90762999990331,40.8102499992621,0 -77.90768000013202,40.8102099991584,0 -77.90775999959965,40.81012999887852,0 -77.90778999973688,40.81007999916459,0 -77.90782999991985,40.81002999873306,0 -77.90786000005707,40.80996999938938,0 -77.9078700001028,40.80993999935718,0 -77.90788000014857,40.80989999906659,0 -77.90789000019431,40.80986999900272,0 -77.90793000037728,40.80968999901499,0 -77.90793000037728,40.8096799987369,0 -77.9079599996162,40.80945999903773,0 -77.90798999975341,40.80945999903773,0 -77.9080800001651,40.80946999934893,0 -77.908890000277,40.80956999897846,0 -77.90901999997335,40.8095899988863,0 -77.90920999994415,40.8096099987881,0 -77.90973999967358,40.80966999913729,0 -77.91014999975241,40.80971999916017,0 -77.91030999958596,40.80973999902279,0 -77.91049999955676,40.80975999887939,0 -77.91094999981856,40.80980999883445,0 -77.91117999997233,40.80983999892536,0 -77.91136999994313,40.80985999875182,0 -77.91145000030907,40.80986999900274,0 -77.91159000005115,40.80988999882015,0 -77.91169999965601,40.80989999906659,0 -77.91192999980977,40.8099299991168,0 -77.91294999998397,40.81005999940445,0 -77.91323000036647,40.81008999938238,0 -77.91324999955962,40.81008999938238,0 -77.91348999975914,40.81011999934674,0 -77.91401000034114,40.81017999923469,0 -77.91420000031192,40.81016999903051,0 -77.9144100003742,40.81018999875752,0 -77.91446999975037,40.81019999895869,0 -77.91464999967542,40.81021999935655,0 -77.91487999982917,40.8102499992621,0 -77.91529999995375,40.81029999884795,0 -77.91554000015327,40.81031999921566,0 -77.91577000030703,40.81034999907601,0 -77.91646999991576,40.81042999909066,0 -77.91773000028948,40.81058999883044,0 -77.91779999971136,40.81058999883044,0 -77.91814000036831,40.81063999884,0 -77.91880999983981,40.81075999898113,0 -77.91886000006852,40.81076999909644,0 -77.91895999962765,40.81078999932247,0 -77.91925000005585,40.81085999938627,0 -77.91927000014735,40.81085999938627,0 -77.91940999988942,40.81089999909818,0 -77.9195000003011,40.81091999928501,0 -77.91970000031766,40.81096999904589,0 -77.91972000040914,40.81097999912957,0 -77.91986000015123,40.81101999876909,0 -77.91993999961886,40.8110399989198,0 -77.92006000016777,40.81106999913454,0 -77.92037999983491,40.81116999907248,0 -77.92044000010935,40.81107999920309,0 -77.92048000029233,40.81100999937141,0 -77.92053999966848,40.81090999919236,0 -77.92063000008017,40.81074999886435,0 -77.92072999963928,40.81057999936792,0 -77.92076999982226,40.81051999916172,0 -77.92077999986799,40.81049999885428,0 -77.92084000014245,40.81041999892409,0 -77.92097999988452,40.81021999935655,0 -77.92099999997602,40.8102099991584,0 -77.92106000025048,40.81015999882482,0 -77.92107000029621,40.8101499992975,0 -77.92127000031276,40.81000999895783,0 -77.92155999984266,40.80983999892538,0 -77.92166000030011,40.80977999872996,0 -77.92184000022516,40.8096799987369,0 -77.92192999973852,40.80963999896949,0 -77.92174999981347,40.8094499994049,0 -77.92171999967624,40.80940999881889,0 -77.92168000039158,40.80933999926518,0 -77.92166000030011,40.80924999895344,0 -77.92166000030011,40.809169998876,0 -77.92166000030011,40.80915999919955,0 -77.92168000039158,40.80909999906915,0 -77.92169000043732,40.80908999938213,0 -77.92173999976772,40.80900999911182,0 -77.92189999960129,40.80884999896177,0 -77.92190999964704,40.80883999923708,0 -77.92194999983002,40.80880999937393,0 -77.92202000015021,40.80875999934531,0 -77.92208999957209,40.80871999902329,0 -77.92212999975507,40.80868999910593,0 -77.92214999984655,40.80867999935708,0 -77.92231999972586,40.80857999906619,0 -77.92250999969666,40.80846999884412,0 -77.92287999959251,40.80824999921287,0 -77.92306000041589,40.80812999929201,0 -77.92318000006648,40.80805999906794,0 -77.92324000034094,40.80801999900392,0 -77.92333999990005,40.80794999934376,0 -77.92339000012876,40.80790999921341,0 -77.92342000026599,40.80788999879923,0 -77.92343000031173,40.80787999892988,0 -77.92350999977937,40.80779999924059,0 -77.92352999987085,40.80776999890732,0 -77.9235399999166,40.80776999890732,0 -77.92356000000807,40.80773999924038,0 -77.92363000032829,40.80759999925558,0 -77.92366999961294,40.80745999897538,0 -77.92366999961294,40.80742999916829,0 -77.92366999961294,40.80724999936116,0 -77.92367999965867,40.80652999933002,0 -77.92367999965867,40.80651999925567,0 -77.92367999965867,40.80601999905794,0 -77.9237099997959,40.80581999914802,0 -77.92374999997888,40.8056999989127,0 -77.9237800001161,40.80563999905366,0 -77.9240899997375,40.80545999915111,0 -77.92418000014919,40.80552999939787,0 -77.92424999957107,40.80558999935636,0 -77.92424999957107,40.80559999889087,0 -77.92439000021147,40.80573999901526,0 -77.92451999990783,40.80586999935201,0 -77.92466999969564,40.80600999890682,0 -77.92470999987862,40.80605999896765,0 -77.92482000038179,40.8061599989763,0 -77.92494000003239,40.80627999905975,0 -77.92496000012387,40.80629999927923,0 -77.92497000016961,40.8063099993867,0 -77.92509999986595,40.80643999928685,0 -77.92523999960802,40.80660999919041,0 -77.92531999997398,40.80674999922394,0 -77.92534000006546,40.80676999930177,0 -77.92544999967032,40.80699999908351,0 -77.92544999967032,40.80700999908553,0 -77.92548999985328,40.80716999891245,0 -77.92548999985328,40.80717999888883,0 -77.92550999994478,40.80726999928835,0 -77.92550999994478,40.80734999893657,0 -77.92551999999051,40.80736999883355,0 -77.92549999989905,40.80743999910551,0 -77.9254699997618,40.80751999922875,0 -77.92545999971607,40.80756999883184,0 -77.9254200004314,40.80760999916714,0 -77.92536000015694,40.80765999938237,0 -77.92535000011119,40.80767999918593,0 -77.92519000027762,40.80780999912204,0 -77.92497000016961,40.80797999891576,0 -77.92487999975792,40.80806999891023,0 -77.92481000033602,40.80812999929201,0 -77.92470999987862,40.80820999926335,0 -77.92487999975792,40.80832999903955,0 -77.92519000027762,40.80855999885394,0 -77.92534000006546,40.80866999892684,0 -77.92540000033992,40.80869999885321,0 -77.92547999980754,40.80875999934532,0 -77.92563999964112,40.80885999936496,0 -77.92580000037302,40.80893999913616,0 -77.92593000006934,40.80900999911182,0 -77.92577000023577,40.80917999923096,0 -77.92551999999051,40.80938999885685,0 -77.92533000001973,40.80952999914474,0 -77.92522892966879,40.80959803828323,0 -77.92521000036912,40.8096099987881,0 -77.92502000039832,40.80970999888665,0 -77.92451999990783,40.80997999894377,0 -77.92450999986207,40.80998999917665,0 -77.92424000042365,40.8101399990888,0 -77.9241600000577,40.8101899987575,0 -77.92415000001195,40.81019999895869,0 -77.92409999978325,40.81023999906848,0 -77.92403000036136,40.81029999884794,0 -77.9238999997667,40.81043999925564,0 -77.92385999958373,40.81048999937823,0 -77.92373999993312,40.81065999910525,0 -77.92372999988739,40.81066999923558,0 -77.92365000041976,40.81075999898113,0 -77.92377599991813,40.81081699921012,0</coordinates>
        </LineString>
        <LineString>
          <extrude>0</extrude>
          <tessellate>1</tessellate><altitudeMode>clampToGround</altitudeMode>
          <coordinates> -77.82327000029247,40.78629999922055,0 -77.82311999960631,40.78636999926815,0 -77.82302000004719,40.78642999886156,0 -77.82288000030512,40.78656999928907,0 -77.82280999998493,40.78669999908171,0 -77.82279999993918,40.78673999907138,0 -77.82277999984768,40.78679999901064,0 -77.8227599997562,40.78693999933829,0 -77.82278999989344,40.78708999897318,0 -77.82279999993918,40.78711999913158,0 -77.82288000030512,40.78725999878461,0</coordinates>
        </LineString>
        <LineString>
          <extrude>0</extrude>
          <tessellate>1</tessellate><altitudeMode>clampToGround</altitudeMode>
          <coordinates> -77.82391999967248,40.78609999906665,0 -77.82362000009682,40.78618999880231,0 -77.82327000029247,40.78629999922055,0 -77.82354999977662,40.78620999895379,0 -77.82391999967248,40.78609999906665,0</coordinates>
        </LineString>
        <LineString>
          <extrude>0</extrude>
          <tessellate>1</tessellate><altitudeMode>clampToGround</altitudeMode>
          <coordinates> -77.82023999990712,40.78589999899057,0 -77.82066000003168,40.78633999877098,0 -77.82071000026041,40.78638999936534,0 -77.82081999986526,40.78652999919705,0 -77.82088000013971,40.78664999940086,0 -77.82092000032267,40.78671999907954,0 -77.82099999979032,40.78691999940672,0 -77.82100999983605,40.78699999909689,0 -77.82102999992755,40.7870799993708,0 -77.82102999992755,40.7871799987275,0 -77.82103999997329,40.78723999894937,0 -77.82102999992755,40.78734999898872,0 -77.82099999979032,40.78750999927703,0 -77.82107000011051,40.78750999927703,0 -77.82117999971537,40.78751999881466,0 -77.82133000040152,40.78750999927703,0 -77.8215699997027,40.78749999905779,0 -77.82180999990221,40.78747999929488,0 -77.82186000013093,40.78747999929488,0 -77.82204000005598,40.78744999929911,0 -77.82224000007254,40.7874199992898,0 -77.82252999960245,40.78735999923054,0 -77.82271999957324,40.78730999936645,0 -77.82288000030512,40.78725999878461,0 -77.8230400001387,40.78755999899054,0 -77.82272999961899,40.78763999927003,0 -77.82244000008907,40.78767999937362,0 -77.82229000030124,40.7876899988856,0 -77.82205000010173,40.7876999990763,0 -77.8219000003139,40.7876999990763,0 -77.82165000006866,40.78767999937362,0 -77.82148000018934,40.78765999898475,0 -77.82105000001903,40.78757999872935,0 -77.82098999974458,40.78755999899054,0 -77.82099999979032,40.78750999927703,0</coordinates>
        </LineString>
        <LineString>
          <extrude>0</extrude>
          <tessellate>1</tessellate><altitudeMode>clampToGround</altitudeMode>
          <coordinates> -77.82910000001107,40.78648999908096,0 -77.82907999991959,40.78662999938197,0 -77.82904999978236,40.78678999936457,0 -77.82900999959939,40.78689999878897,0 -77.82895000022324,40.78697999918339,0 -77.82892000008601,40.7870299992959,0 -77.82885999981156,40.78708999897319,0 -77.8287500002067,40.78717999872751,0 -77.82869999997799,40.78720999884525,0 -77.82865999979502,40.78723999894937,0 -77.82855000019015,40.78728999886616,0 -77.82838000031084,40.78732999918058,0 -77.82816000020281,40.78738999926698,0 -77.82806999979114,40.78741999928979,0 -77.82793000004905,40.78744999929911,0 -77.82770999994102,40.78749999905779,0 -77.82761000038191,40.78750999927703,0 -77.82757000019893,40.78750999927703,0 -77.82746999974151,40.78751999881465,0 -77.82745999969578,40.78751999881466,0 -77.82726999972496,40.78749999905778,0 -77.82714000002862,40.78745999884578,0 -77.82707999975416,40.78743999907083,0 -77.82692999996634,40.78735999923054,0 -77.82680000026998,40.78725999878461,0 -77.82679000022425,40.78723999894937,0 -77.82669999981258,40.78713999900292,0 -77.82658000016197,40.78690999909863,0 -77.82648999975028,40.78673999907138,0 -77.82611999985444,40.78604999893408,0 -77.82605000043255,40.78597999922932,0 -77.82604000038681,40.78596999877967,0 -77.82598000011235,40.78590999877064,0 -77.82586999960918,40.78583999891831,0 -77.82573999991284,40.78578999927016,0 -77.8255199998048,40.78572999909852,0 -77.8254899996676,40.78571999929141,0 -77.82543000029145,40.7857199992914,0 -77.82528999965103,40.78570999880255,0 -77.82520000013767,40.7857199992914,0 -77.8250600003956,40.78574999938852,0 -77.82486000037905,40.78580999886191,0 -77.82391999967248,40.78609999906665,0</coordinates>
        </LineString>
        <LineString>
          <extrude>0</extrude>
          <tessellate>1</tessellate><altitudeMode>clampToGround</altitudeMode>
          <coordinates> -77.8443204972297,40.78435679219728,0 -77.84431999956304,40.78435999924809,0 -77.8445499997168,40.78433999921968,0 -77.84466000021999,40.78432999920327,0 -77.84483000009931,40.7843199991853,0 -77.84498999993288,40.78431999918529,0 -77.84510000043603,40.78431999918529,0 -77.84527000031535,40.78431999918529,0 -77.84551999966229,40.78431999918529,0 -77.84574999981605,40.78431999918529,0 -77.84601000010704,40.78432999920326,0 -77.84611999971192,40.78433999921967,0 -77.84623000021509,40.78433999921967,0 -77.84647999956202,40.78435999924809,0 -77.84683000026472,40.7843999992868,0 -77.8470200002355,40.78441999929708,0 -77.8471399998861,40.78442999929998,0 -77.84725000038927,40.78444999930125,0 -77.84752999987344,40.78448999928575,0 -77.84756000001067,40.78448999928575,0 -77.84790999981504,40.78454999921728,0 -77.8485400000019,40.78467999888304,0 -77.84855000004764,40.78473999932312,0 -77.84857000013912,40.78505999916769,0 -77.84860000027635,40.78519999908249,0 -77.84865999965248,40.78533999938229,0 -77.84867999974398,40.78537999883075,0 -77.84870999988122,40.7854599990157,0 -77.84875000006419,40.78551999875109,0 -77.8487800002014,40.78556999928271,0 -77.84883000043011,40.78565999905653,0 -77.8488499996233,40.78567999936754,0 -77.84891999994348,40.78576999899225,0 -77.84897000017222,40.78581999933565,0 -77.84901000035519,40.78586999896124,0 -77.84919000028025,40.7860399991751,0 -77.84922999956488,40.78606999912765,0 -77.84924999965638,40.78608999931519,0 -77.84939000029678,40.7862199993673,0 -77.84940000034251,40.78622999909919,0 -77.84949999990162,40.78632999905566,0 -77.84951999999312,40.78634999916492,0 -77.849849999706,40.78664999940087,0 -77.8499700002549,40.78676999938785,0 -77.85026999983057,40.78704999919438,0 -77.8504199996184,40.787189998995,0 -77.85021999960185,40.78745999884578,0 -77.85017000027146,40.78750999927702,0 -77.85010999999699,40.78757999872936,0 -77.85002999963103,40.78764999878803,0 -77.84998000030065,40.7876999990763,0 -77.84990999998047,40.7877499993269,0 -77.84975000014688,40.78784999903494,0 -77.84934000006805,40.78808999921625,0 -77.84908999982279,40.78823999897408,0 -77.84874000001842,40.78843999880432,0 -77.84885999966903,40.78852999876943,0 -77.84920000032598,40.7888599987315,0 -77.84936000015954,40.78900999879048,0 -77.84948999985589,40.78913999924761,0 -77.84985999975173,40.78948999874246,0 -77.84994000011767,40.78953999900548,0 -77.85048999993859,40.78996999930545,0 -77.85057000030453,40.79000999936579,0 -77.85082999969721,40.79014999904712,0 -77.85182999977991,40.79062999891981,0 -77.85195000032883,40.79069999916396,0 -77.85308000010789,40.79125999914039,0 -77.85321999984997,40.79132999940044,0 -77.85332000030738,40.79137999895808,0 -77.85419999984119,40.79179999933258,0 -77.85529000033557,40.79234999938406,0 -77.85605000021877,40.79272999930566,0 -77.85636999988591,40.79287999878337,0 -77.85685000028494,40.79311999914716,0 -77.85724000027227,40.79331999924097,0 -77.85759000007664,40.79348999874497,0 -77.85772999981872,40.79355999937438,0 -77.85779000009319,40.79358999933007,0 -77.85793999988101,40.79365999917391,0 -77.858200000172,40.79378999936821,0 -77.85848999970192,40.79393999917151,0 -77.85856000002212,40.79396999895551,0 -77.85874999999291,40.79407999872747,0 -77.85915000002601,40.79430999896016,0 -77.85974000002987,40.79387999888284,0 -77.8599600001379,40.79369999905155,0 -77.86031999998801,40.79342999872972,0 -77.86069999992962,40.79312999920015,0 -77.86080000038703,40.79304999873395,0 -77.86084999971743,40.79300999914481,0 -77.86088999990041,40.79297999892704,0 -77.86100999955102,40.79289999896019,0 -77.8612899999335,40.79270999907762,0 -77.86147999990429,40.79256999935318,0 -77.86161999964636,40.79245999911973,0 -77.86181999966291,40.79230999937321,0 -77.86194000021183,40.79222999927917,0 -77.86203999977094,40.79214999908872,0 -77.86244999984977,40.79183999897059,0 -77.86261999972909,40.79170999903879,0 -77.8627899996084,40.79183999897059,0 -77.86282999979136,40.79186999902332,0 -77.86302999980791,40.79202999930244,0 -77.86320999973296,40.79216999880533,0 -77.86342999984099,40.79233999921359,0 -77.86391000024001,40.79270999907762,0 -77.86428000013588,40.79297999892704,0 -77.86431000027309,40.79299999907367,0 -77.86494999960738,40.79343999873603,0 -77.86495999965311,40.79343999873603,0 -77.86530000031004,40.79367999911577,0 -77.86534999964047,40.79371999898136,0 -77.86538999982342,40.79373999890508,0 -77.8654300000064,40.79376999877946,0 -77.86602000001027,40.7942299992357,0 -77.8666200000599,40.7946999990417,0 -77.86670000042585,40.7947599992694,0 -77.86689000039665,40.79490999892136,0 -77.86692999968129,40.79493999894707,0 -77.86708000036744,40.79505999891445,0 -77.86721000006378,40.79515999917497,0 -77.86738999998883,40.79530999928329,0 -77.86748000040052,40.79536999895976,0 -77.86757999995964,40.79544999935072,0 -77.86788999958104,40.79568999926507,0 -77.86802000017569,40.79579999890755,0 -77.86825000032945,40.79598999878803,0 -77.86828999961411,40.79601999900582,0 -77.86833999984282,40.79606999911191,0 -77.86834999988858,40.79606999911191,0 -77.86835999993433,40.79607999940066,0 -77.86838000002579,40.79611999918041,0 -77.86841000016302,40.79615999893603,0 -77.86843000025452,40.79622999879045,0 -77.86843000025452,40.79623999905507,0 -77.868450000346,40.79633999889827,0 -77.868450000346,40.79637999920143,0 -77.86844000030027,40.79647999883375,0 -77.86860000013384,40.79650999883008,0 -77.86867999960145,40.79651999905252,0 -77.86873999987591,40.79653999881284,0 -77.86884000033335,40.79654999903076,0 -77.86888999966372,40.79655999924718,0 -77.86895999998394,40.79655999924719,0 -77.8690200002584,40.79655999924719,0 -77.86909999972602,40.79655999924719,0 -77.86916000000049,40.79653999881284,0 -77.86922000027494,40.79652999927346,0 -77.86927999965107,40.79651999905252,0 -77.86933999992554,40.7964999992862,0 -77.86940000019999,40.79647999883375,0 -77.86946999962187,40.79644999882383,0 -77.86952999989633,40.7964199988004,0 -77.86960000021654,40.7963699989579,0 -77.86965000044525,40.79632999932877,0 -77.86981000027882,40.79619999934766,0 -77.86992999992943,40.79611999918041,0 -77.87018000017467,40.79592999899189,0 -77.87041000032845,40.79574999927814,0 -77.87047999975032,40.79568999926506,0 -77.87055000007052,40.79562999919779,0 -77.87094000005787,40.79584999917935,0 -77.87131999999946,40.79606999911191,0 -77.87143999965006,40.79613999906123,0 -77.87159000033618,40.79622999879044,0 -77.87164999971235,40.79625999889974,0 -77.871780000307,40.79633999889827,0 -77.87235000021938,40.79665999928842,0 -77.87246999986999,40.79673999880493,0 -77.87270000002376,40.796859998919,0 -77.87315000028556,40.79707999890478,0 -77.87355000031863,40.79727999931015,0 -77.87366999996924,40.79733999924623,0 -77.87377000042666,40.79738999903825,0 -77.87386999998579,40.79743999879256,0 -77.87391000016875,40.79745999895577,0 -77.87398999963638,40.79750999933741,0 -77.8740900000938,40.79757999912845,0 -77.87427000001885,40.79768999903946,0 -77.87481999983977,40.79813999887936,0 -77.87492000029719,40.7982199993325,0 -77.87529000019305,40.79851999898298,0 -77.87546000007237,40.79863999927958,0 -77.87561999990594,40.79876999924272,0 -77.87565000004315,40.79879999888419,0 -77.87574999960228,40.79886999935501,0 -77.87607000016773,40.79912999880597,0 -77.87626000013854,40.79926999897775,0 -77.87645000010933,40.79940999885426,0 -77.87661999998865,40.79951999913299,0 -77.8767799998222,40.79960999903998,0 -77.87697999983874,40.79972999940622,0 -77.87723000008401,40.79985999927478,0 -77.87728000031271,40.79988999910368,0 -77.87763000011711,40.80007999883849,0 -77.87781000004215,40.80017999901733,0 -77.87802000010443,40.80028999938008,0 -77.87859000001681,40.80058999919554,0 -77.87908999960902,40.80085999895822,0 -77.8791800000207,40.80090999881895,0 -77.87919000006644,40.8009199990586,0 -77.87921000015794,40.80093999885327,0 -77.87921000015794,40.8009499990884,0 -77.87924000029516,40.80098999933377,0 -77.87928999962556,40.80101999933193,0 -77.87947999959636,40.80111999877464,0 -77.87994999994964,40.8013699987623,0 -77.88013999992043,40.80146999903769,0 -77.88066999964987,40.80174999873534,0 -77.88092999994088,40.80189999891316,0 -77.88100000026105,40.80192999918005,0 -77.88112999995739,40.80200999914547,0 -77.88125999965374,40.80207999895114,0 -77.88142000038563,40.80216999878704,0 -77.88173000000702,40.8023199993757,0 -77.88203999962842,40.80248999895304,0 -77.88210999994861,40.80251999895325,0 -77.88221999955347,40.80258999890103,0 -77.88261000043914,40.80278999902499,0 -77.882720000044,40.80285999936797,0 -77.88285999978608,40.80292999895718,0 -77.88300999957389,40.80300999907725,0 -77.88301999961965,40.80300999907724,0 -77.8831500002143,40.80307999918818,0 -77.88337000032233,40.80319999940095,0 -77.88341999965272,40.80321999918866,0 -77.88359999957777,40.80330999883873,0 -77.88418999958166,40.8036299989483,0 -77.88464999988921,40.80386999920788,0 -77.88476000039236,40.80392999930721,0 -77.88498999964784,40.80404999934304,0 -77.88528000007604,40.80420999882669,0 -77.88582999989696,40.80449999890508,0 -77.88632000034174,40.80476999908166,0 -77.88647000012955,40.80484999902374,0 -77.88664000000887,40.80493999918332,0 -77.88713999960106,40.80520999892978,0 -77.88735999970909,40.80531999911597,0 -77.88760999995435,40.8054599991511,0 -77.88773999965068,40.80552999939787,0 -77.88794999971297,40.80563999905366,0 -77.88814999972951,40.80574999920711,0 -77.88861000003705,40.80598999927987,0 -77.88892999970419,40.80616999910485,0 -77.88901000007014,40.80620999892412,0 -77.88944000024046,40.80642999919894,0 -77.88957999998253,40.80650999917989,0 -77.88981000013629,40.80661999925114,0 -77.89003000024431,40.80672999914012,0 -77.89027999959126,40.80683999884672,0 -77.890549999928,40.80694999905101,0 -77.89060000015672,40.80697999907502,0 -77.89062000024819,40.80697999907502,0 -77.89074999994453,40.80702999908499,0 -77.89088999968664,40.80708999904724,0 -77.89113999993188,40.80717999888883,0 -77.89133999994841,40.80724999936116,0 -77.89189999981508,40.80741999922962,0 -77.89223999957369,40.80749999937698,0 -77.89267999978975,40.80759999925558,0 -77.89282000043016,40.80762999898576,0 -77.89298000026372,40.80765999938237,0 -77.89325999974788,40.80770999887999,0 -77.89328999988513,40.80770999887999,0 -77.89349999994742,40.80772999934842,0 -77.89362999964375,40.80775999901983,0 -77.8938099995688,40.8077799987933,0 -77.89526999995904,40.80794999934376,0</coordinates>
        </LineString>
        <LineString>
          <extrude>0</extrude>
          <tessellate>1</tessellate><altitudeMode>clampToGround</altitudeMode>
          <coordinates> -77.8199999997076,40.78421999892294,0 -77.8199999997076,40.78443999930135,0 -77.8199999997076,40.78446999929653,0 -77.82001999979909,40.78462999904173,0 -77.8200700000278,40.78475999923107,0 -77.82020999976989,40.78489999909804,0 -77.82029000013583,40.78497999918108,0 -77.82042999987792,40.78511999926446,0 -77.82072000030614,40.78540999908145,0 -77.82086000004824,40.78553999910429,0 -77.82085000000248,40.78553999910429,0 -77.82067000007743,40.7856499992388,0 -77.82037999964919,40.78581999933565,0 -77.82030000018156,40.78586999896124,0 -77.82023999990712,40.78589999899057,0 -77.8198099997368,40.78547999938696,0 -77.81952000020689,40.7851899991955,0 -77.81935000032757,40.78501999884634,0 -77.81918999959568,40.78484999874218,0 -77.81907999999085,40.78469999880905,0 -77.81901999971639,40.78458999914155,0 -77.81894000024876,40.78441999929708,0 -77.81900999967064,40.7843999992868,0 -77.81910000008232,40.78437999927042,0 -77.81946999997818,40.78429999914489,0 -77.81977999959958,40.78423999898743,0 -77.81993000028572,40.78421999892294,0 -77.8199999997076,40.78421999892294,0</coordinates>
        </LineString>
        <LineString>
          <extrude>0</extrude>
          <tessellate>1</tessellate><altitudeMode>clampToGround</altitudeMode>
          <coordinates> -77.84431999956304,40.78435999924809,0 -77.84413999963799,40.78436999926004,0 -77.84389000029105,40.78438999927936,0 -77.84369000027451,40.78440999929266,0 -77.84366000013728,40.78441999929708,0 -77.84335999966331,40.78445999929964,0 -77.84309000022489,40.78448999928575,0 -77.84302999995043,40.7844999992781,0 -77.8423799996721,40.78457999916274,0 -77.84197999963901,40.78463999901302,0 -77.84162999983464,40.78467999888304,0 -77.84137999958938,40.78471999872899,0 -77.84130000012176,40.7843599992481,0 -77.84126999998453,40.78417999877583,0 -77.84124999989304,40.78412999923823,0 -77.84117000042541,40.78384999936377,0 -77.84111000015096,40.78369999921264,0 -77.84105999992225,40.78357999911989,0 -77.84102999978501,40.78351999899217,0 -77.84094000027164,40.78335999929361,0 -77.84092000018015,40.78330999913877,0 -77.84084999985996,40.78318999902152,0</coordinates>
        </LineString>
        <LineString>
          <extrude>0</extrude>
          <tessellate>1</tessellate><altitudeMode>clampToGround</altitudeMode>
          <coordinates> -77.8291100000568,40.78642999886155,0 -77.82910000001107,40.78648999908096,0 -77.8291100000568,40.7864099987764,0 -77.82916000028553,40.78604999893408,0 -77.82919000042274,40.78587999874581,0 -77.82920999961593,40.78570999880255,0 -77.8292499997989,40.78547999938696,0 -77.82931000007335,40.7851899991955,0 -77.8293200001191,40.78506999907422,0 -77.82934000021058,40.78498999909965,0 -77.82936000030206,40.78486999929714,0 -77.82939999958671,40.78463999901302,0 -77.83003999981932,40.784719998729,0 -77.83070000014341,40.78478999908165,0 -77.83102999985627,40.78482999886138,0 -77.83117999964411,40.78484999874218,0 -77.8316499999974,40.78489999909804,0 -77.83227000013849,40.78496999926097,0 -77.83262999998861,40.78500999893227,0 -77.83305000011318,40.78501999884634,0 -77.83337999982605,40.78502999875887,0 -77.83351000042072,40.78503999935012,0 -77.83380999999636,40.78506999907422,0 -77.83441000004599,40.78513999905797,0 -77.83548999959633,40.7852299987343,0 -77.83572999979583,40.78522999873431,0 -77.83574999988733,40.78522999873431,0 -77.83611999978316,40.78525999905276,0 -77.8364100002114,40.78526999892915,0 -77.83642000025714,40.78526999892915,0 -77.83668999969558,40.78525999905276,0 -77.83684000038171,40.78524999917484,0 -77.83704000039826,40.78523999929538,0 -77.83745999962451,40.7851899991955,0 -77.83761000031065,40.78517999930703,0 -77.83820000031453,40.78509999878479,0 -77.83843999961572,40.78506999907422,0 -77.8387400000897,40.78502999875889,0 -77.83889999992327,40.78500999893227,0 -77.83885999974029,40.7848399988025,0 -77.83882999960308,40.78469999880906,0 -77.83879000031841,40.78455999920062,0 -77.83879000031841,40.78454999921728,0 -77.83879000031841,40.78452999924614,0 -77.83875000013543,40.78434999923463,0 -77.83868999986097,40.78407999898287,0 -77.838649999678,40.783919999273,0 -77.83862999958652,40.78384999936377,0 -77.8387400000897,40.78379999889756,0 -77.83978000035538,40.78329999896722,0 -77.83980999959428,40.78328999879416,0 -77.84019000043419,40.78309999930148,0 -77.84055000028431,40.78289999903354,0 -77.84059999961471,40.78289999903354,0 -77.84064999984342,40.78291999881537,0 -77.84067999998065,40.78293999927136,0 -77.8407400002551,40.7830199989945,0 -77.84084999985996,40.78318999902152,0 -77.84084807027872,40.78318808632044,0</coordinates>
        </LineString>
      </MultiGeometry>
    </Placemark>
    <Placemark id="ID_00002">
      <name>AC</name>
      <snippet></snippet>
      <description><![CDATA[<html xmlns:fo="http://www.w3.org/1999/XSL/Format" xmlns:msxsl="urn:schemas-microsoft-com:xslt">
<head>
<META http-equiv="Content-Type" content="text/html">
<meta http-equiv="content-type" content="text/html; charset=UTF-8">
</head>
<body style="margin:0px 0px 0px 0px;overflow:auto;background:#FFFFFF;">
<table style="font-family:Arial,Verdana,Times;font-size:12px;text-align:left;width:100%;border-collapse:collapse;padding:3px 3px 3px 3px">
<tr style="text-align:center;font-weight:bold;background:#9CBCE2">
<td>AC</td>
</tr>
<tr>
<td>
<table style="font-family:Arial,Verdana,Times;font-size:12px;text-align:left;width:100%;border-spacing:0px; padding:3px 3px 3px 3px">
<tr>
<td>shape_id</td>
<td>3</td>
</tr>
<tr bgcolor="#D4E4F3">
<td>route_id</td>
<td>71</td>
</tr>
<tr>
<td>agency_id</td>
<td>CATA</td>
</tr>
<tr bgcolor="#D4E4F3">
<td>route_short_name</td>
<td>AC</td>
</tr>
<tr>
<td>route_long_name</td>
<td>Atherton Street Connector</td>
</tr>
<tr bgcolor="#D4E4F3">
<td>route_desc</td>
<td>&lt;Null&gt;</td>
</tr>
<tr>
<td>route_type</td>
<td>3</td>
</tr>
<tr bgcolor="#D4E4F3">
<td>route_url</td>
<td>&lt;Null&gt;</td>
</tr>
<tr>
<td>route_sort_order</td>
<td>&lt;Null&gt;</td>
</tr>
<tr bgcolor="#D4E4F3">
<td>continuous_pickup</td>
<td>&lt;Null&gt;</td>
</tr>
<tr>
<td>continuous_drop_off</td>
<td>&lt;Null&gt;</td>
</tr>
<tr bgcolor="#D4E4F3">
<td>route_type_text</td>
<td>Bus</td>
</tr>
<tr>
<td>ColorCode</td>
<td>00B050</td>
</tr>
<tr bgcolor="#D4E4F3">
<td>Shape__Length</td>
<td>17852.987455</td>
</tr>
<tr>
<td>GlobalID</td>
<td>{902555CA-1F07-4434-A603-73DA148CA39B}</td>
</tr>
</table>
</td>
</tr>
</table>
</body><script type="text/javascript">
				function changeImage(attElement, nameElement) {
				document.getElementById('imageAttachment').src = attElement;
				document.getElementById('imageName').innerHTML = nameElement;}
			</script></html>
]]></description>
      <styleUrl>#LineStyle00</styleUrl>
      <MultiGeometry>
        <LineString>
          <extrude>0</extrude>
          <tessellate>1</tessellate><altitudeMode>clampToGround</altitudeMode>
          <coordinates> -77.89526999995904,40.80794999934376,0 -77.89579999968846,40.80799999930283,0 -77.89613000029966,40.80803999937892,0 -77.89643999992106,40.80807999875096,0 -77.89682999990839,40.80812999929201,0 -77.8972600000787,40.80817999911539,0 -77.89737999972931,40.80819999876223,0 -77.89795999968746,40.8082699988386,0 -77.89808000023638,40.80827999932914,0 -77.89819999988696,40.80825999902647,0 -77.89817999979549,40.80832999903954,0 -77.89814999965824,40.80846999884413,0 -77.89814999965824,40.80847999930454,0 -77.89807000019061,40.80882999883095,0 -77.89781999994538,40.80879999896329,0 -77.897470000141,40.80875999934531,0 -77.89739999982081,40.80874999892711,0 -77.89736999968356,40.80874999892711,0 -77.89709000019941,40.808709999279,0 -77.89694000041158,40.80869999885323,0 -77.89686000004563,40.80868999910593,0 -77.89678999972543,40.80869999885321,0 -77.89677999967968,40.80869999885321,0 -77.89672000030355,40.808709999279,0 -77.89666000002909,40.8087299987661,0 -77.89655999957166,40.80878999923101,0 -77.89650000019553,40.80881999910319,0 -77.89637999964661,40.80889999892266,0 -77.8962800000875,40.80895999923389,0 -77.89627000004175,40.80895999923388,0 -77.8961899996758,40.80901999881094,0 -77.89601999979648,40.80911999911864,0 -77.89596999956778,40.80914999884165,0 -77.8957300002666,40.8092999992928,0 -77.89558999962618,40.80921999927572,0 -77.89549000006707,40.80916999887601,0 -77.89537000041648,40.80912999880118,0 -77.89523999982181,40.80908999938214,0 -77.89519999963885,40.80907999901363,0 -77.89511000012547,40.80904999925904,0 -77.89481999969723,40.8089699989405,0 -77.89496000033766,40.80880999937393,0 -77.89503999980528,40.80869999885321,0 -77.89503999980528,40.80868999910593,0 -77.89509000003399,40.8085899988301,0 -77.89510000007974,40.80856999930081,0 -77.8951200001712,40.80853999931559,0 -77.89515000030845,40.80846999884413,0 -77.89516000035418,40.80843999881372,0 -77.8951899995931,40.80832999903955,0 -77.89522999977606,40.80814999895393,0 -77.89526999995904,40.80794999934376,0</coordinates>
        </LineString>
        <LineString>
          <extrude>0</extrude>
          <tessellate>1</tessellate><altitudeMode>clampToGround</altitudeMode>
          <coordinates> -77.89819999988696,40.80825999902647,0 -77.89825000011568,40.80825999902647,0 -77.89868000028599,40.80830999875194,0 -77.89929000038136,40.80838999918625,0 -77.89969999956186,40.80843999881373,0 -77.90011999968642,40.80848999908353,0 -77.900539999811,40.80853999931559,0 -77.9012500003638,40.8086299992305,0 -77.901709999773,40.80867999935708,0 -77.90217000008055,40.8087299987661,0 -77.90288999978077,40.80881999910319,0 -77.90359000028782,40.80889999892266,0 -77.90402999960557,40.80895999923389,0 -77.90408999988001,40.80895999923389,0 -77.90441000044549,40.80899999873131,0 -77.9046099995637,40.80901999881094,0 -77.90504999977976,40.8090699993236,0 -77.90548999999582,40.80911999911865,0 -77.90559999960065,40.80912999880118,0 -77.9055800004075,40.80922999894313,0 -77.90556000031602,40.80933999926518,0 -77.90552000013304,40.80956999897846,0 -77.90546999990431,40.80980999883445,0 -77.90542999972135,40.81002999873306,0 -77.90538000039095,40.81026999896499,0 -77.90536000029948,40.81034999907601,0 -77.90534000020799,40.81046999906175,0 -77.90533000016224,40.81058999883044,0 -77.9053200001165,40.81068999881187,0 -77.90533000016224,40.81078999932247,0 -77.90538000039095,40.81084999928456,0 -77.90542999972135,40.81089999909818,0 -77.90547999995007,40.81093999878595,0 -77.90553000017879,40.81097999912957,0 -77.90569000001236,40.81105999906448,0 -77.90590000007462,40.81117999912596,0 -77.90601999972523,40.81106999913454,0 -77.90612000018267,40.81098999921168,0 -77.90621999974178,40.81090999919236,0 -77.90630000010772,40.81084999928457,0 -77.90637999957535,40.81078999932247,0 -77.9063899996211,40.81078999932247,0 -77.90649000007851,40.81072999930615,0 -77.90657000044446,40.81068999881187,0 -77.90657999959188,40.81067999936442,0 -77.90664999991209,40.81064999897335,0 -77.90675000036951,40.81060999911077,0 -77.90678999965417,40.81059999897133,0 -77.90685999997437,40.81057999936792,0 -77.90687000002012,40.81056999922403,0 -77.9070099997622,40.81052999931317,0 -77.90703999989942,40.81051999916172,0 -77.90712000026537,40.81048999937823,0 -77.90721999982448,40.81045999890127,0 -77.90728000009895,40.81043999925564,0 -77.90735999956657,40.81040999875606,0 -77.90741999984103,40.81037999892285,0 -77.90748000011547,40.81034999907601,0 -77.90754000038994,40.81030999903259,0 -77.90755000043568,40.81029999884794,0 -77.90762999990331,40.8102499992621,0 -77.90768000013202,40.8102099991584,0 -77.90775999959965,40.81012999887852,0 -77.90778999973688,40.81007999916459,0 -77.90782999991985,40.81002999873306,0 -77.90786000005707,40.80996999938938,0 -77.9078700001028,40.80993999935718,0 -77.90788000014857,40.80989999906659,0 -77.90789000019431,40.80986999900272,0 -77.90793000037728,40.80968999901499,0 -77.90793000037728,40.8096799987369,0 -77.9079599996162,40.80945999903773,0 -77.90798999975341,40.80945999903773,0 -77.9080800001651,40.80946999934893,0 -77.908890000277,40.80956999897846,0 -77.90901999997335,40.8095899988863,0 -77.90920999994415,40.8096099987881,0 -77.90973999967358,40.80966999913729,0 -77.91014999975241,40.80971999916017,0 -77.91030999958596,40.80973999902279,0 -77.91049999955676,40.80975999887939,0 -77.91094999981856,40.80980999883445,0 -77.91117999997233,40.80983999892536,0 -77.91136999994313,40.80985999875182,0 -77.91145000030907,40.80986999900274,0 -77.91159000005115,40.80988999882015,0 -77.91169999965601,40.80989999906659,0 -77.91192999980977,40.8099299991168,0 -77.91294999998397,40.81005999940445,0 -77.91323000036647,40.81008999938238,0 -77.91324999955962,40.81008999938238,0 -77.91348999975914,40.81011999934674,0 -77.91401000034114,40.81017999923469,0 -77.91420000031192,40.81016999903051,0 -77.9144100003742,40.81018999875752,0 -77.91446999975037,40.81019999895869,0 -77.91464999967542,40.81021999935655,0 -77.91487999982917,40.8102499992621,0 -77.91529999995375,40.81029999884795,0 -77.91554000015327,40.81031999921566,0 -77.91577000030703,40.81034999907601,0 -77.91646999991576,40.81042999909066,0 -77.91773000028948,40.81058999883044,0 -77.91779999971136,40.81058999883044,0 -77.91814000036831,40.81063999884,0 -77.91880999983981,40.81075999898113,0 -77.91886000006852,40.81076999909644,0 -77.91895999962765,40.81078999932247,0 -77.91925000005585,40.81085999938627,0 -77.91927000014735,40.81085999938627,0 -77.91940999988942,40.81089999909818,0 -77.9195000003011,40.81091999928501,0 -77.91970000031766,40.81096999904589,0 -77.91972000040914,40.81097999912957,0 -77.91986000015123,40.81101999876909,0 -77.91993999961886,40.8110399989198,0 -77.92006000016777,40.81106999913454,0 -77.92037999983491,40.81116999907248,0 -77.92044000010935,40.81107999920309,0 -77.92048000029233,40.81100999937141,0 -77.92053999966848,40.81090999919236,0 -77.92063000008017,40.81074999886435,0 -77.92072999963928,40.81057999936792,0 -77.92076999982226,40.81051999916172,0 -77.92077999986799,40.81049999885428,0 -77.92084000014245,40.81041999892409,0 -77.92097999988452,40.81021999935655,0 -77.92099999997602,40.8102099991584,0 -77.92106000025048,40.81015999882482,0 -77.92107000029621,40.8101499992975,0 -77.92127000031276,40.81000999895783,0 -77.92155999984266,40.80983999892538,0 -77.92166000030011,40.80977999872996,0 -77.92184000022516,40.8096799987369,0 -77.92192999973852,40.80963999896949,0 -77.92174999981347,40.8094499994049,0 -77.92171999967624,40.80940999881889,0 -77.92168000039158,40.80933999926518,0 -77.92166000030011,40.80924999895344,0 -77.92166000030011,40.809169998876,0 -77.92166000030011,40.80915999919955,0 -77.92168000039158,40.80909999906915,0 -77.92169000043732,40.80908999938213,0 -77.92173999976772,40.80900999911182,0 -77.92189999960129,40.80884999896177,0 -77.92190999964704,40.80883999923708,0 -77.92194999983002,40.80880999937393,0 -77.92202000015021,40.80875999934531,0 -77.92208999957209,40.80871999902329,0 -77.92212999975507,40.80868999910593,0 -77.92214999984655,40.80867999935708,0 -77.92231999972586,40.80857999906619,0 -77.92250999969666,40.80846999884412,0 -77.92287999959251,40.80824999921287,0 -77.92306000041589,40.80812999929201,0 -77.92318000006648,40.80805999906794,0 -77.92324000034094,40.80801999900392,0 -77.92333999990005,40.80794999934376,0 -77.92339000012876,40.80790999921341,0 -77.92342000026599,40.80788999879923,0 -77.92343000031173,40.80787999892988,0 -77.92350999977937,40.80779999924059,0 -77.92352999987085,40.80776999890732,0 -77.9235399999166,40.80776999890732,0 -77.92356000000807,40.80773999924038,0 -77.92363000032829,40.80759999925558,0 -77.92366999961294,40.80745999897538,0 -77.92366999961294,40.80742999916829,0 -77.92366999961294,40.80724999936116,0 -77.92367999965867,40.80652999933002,0 -77.92367999965867,40.80651999925567,0 -77.92367999965867,40.80601999905794,0 -77.9237099997959,40.80581999914802,0 -77.92374999997888,40.8056999989127,0 -77.9237800001161,40.80563999905366,0 -77.9240899997375,40.80545999915111,0 -77.92418000014919,40.80552999939787,0 -77.92424999957107,40.80558999935636,0 -77.92424999957107,40.80559999889087,0 -77.92439000021147,40.80573999901526,0 -77.92451999990783,40.80586999935201,0 -77.92466999969564,40.80600999890682,0 -77.92470999987862,40.80605999896765,0 -77.92482000038179,40.8061599989763,0 -77.92494000003239,40.80627999905975,0 -77.92496000012387,40.80629999927923,0 -77.92497000016961,40.8063099993867,0 -77.92509999986595,40.80643999928685,0 -77.92523999960802,40.80660999919041,0 -77.92531999997398,40.80674999922394,0 -77.92534000006546,40.80676999930177,0 -77.92544999967032,40.80699999908351,0 -77.92544999967032,40.80700999908553,0 -77.92548999985328,40.80716999891245,0 -77.92548999985328,40.80717999888883,0 -77.92550999994478,40.80726999928835,0 -77.92550999994478,40.80734999893657,0 -77.92551999999051,40.80736999883355,0 -77.92549999989905,40.80743999910551,0 -77.9254699997618,40.80751999922875,0 -77.92545999971607,40.80756999883184,0 -77.9254200004314,40.80760999916714,0 -77.92536000015694,40.80765999938237,0 -77.92535000011119,40.80767999918593,0 -77.92519000027762,40.80780999912204,0 -77.92497000016961,40.80797999891576,0 -77.92487999975792,40.80806999891023,0 -77.92481000033602,40.80812999929201,0 -77.92470999987862,40.80820999926335,0 -77.92487999975792,40.80832999903955,0 -77.92519000027762,40.80855999885394,0 -77.92534000006546,40.80866999892684,0 -77.92540000033992,40.80869999885321,0 -77.92547999980754,40.80875999934532,0 -77.92563999964112,40.80885999936496,0 -77.92580000037302,40.80893999913616,0 -77.92593000006934,40.80900999911182,0 -77.92577000023577,40.80917999923096,0 -77.92551999999051,40.80938999885685,0 -77.92533000001973,40.80952999914474,0 -77.92522892966879,40.80959803828323,0 -77.92521000036912,40.8096099987881,0 -77.92502000039832,40.80970999888665,0 -77.92451999990783,40.80997999894377,0 -77.92450999986207,40.80998999917665,0 -77.92424000042365,40.8101399990888,0 -77.9241600000577,40.8101899987575,0 -77.92415000001195,40.81019999895869,0 -77.92409999978325,40.81023999906848,0 -77.92403000036136,40.81029999884794,0 -77.9238999997667,40.81043999925564,0 -77.92385999958373,40.81048999937823,0 -77.92373999993312,40.81065999910525,0 -77.92372999988739,40.81066999923558,0 -77.92365000041976,40.81075999898113,0 -77.92377599991813,40.81081699921012,0</coordinates>
        </LineString>
        <LineString>
          <extrude>0</extrude>
          <tessellate>1</tessellate><altitudeMode>clampToGround</altitudeMode>
          <coordinates> -77.82910000001107,40.78648999908096,0 -77.82907999991959,40.78662999938197,0 -77.82904999978236,40.78678999936457,0 -77.82900999959939,40.78689999878897,0 -77.82895000022324,40.78697999918339,0 -77.82892000008601,40.7870299992959,0 -77.82885999981156,40.78708999897319,0 -77.8287500002067,40.78717999872751,0 -77.82869999997799,40.78720999884525,0 -77.82865999979502,40.78723999894937,0 -77.82855000019015,40.78728999886616,0 -77.82838000031084,40.78732999918058,0 -77.82816000020281,40.78738999926698,0 -77.82806999979114,40.78741999928979,0 -77.82793000004905,40.78744999929911,0 -77.82770999994102,40.78749999905779,0 -77.82761000038191,40.78750999927703,0 -77.82757000019893,40.78750999927703,0 -77.82746999974151,40.78751999881465,0 -77.82745999969578,40.78751999881466,0 -77.82726999972496,40.78749999905778,0 -77.82714000002862,40.78745999884578,0 -77.82707999975416,40.78743999907083,0 -77.82700000028655,40.78755999899055,0 -77.82687999973763,40.78765999898475,0 -77.82684999960041,40.78767999937362,0 -77.82681000031575,40.7876999990763,0 -77.82677000013278,40.78771999877296,0 -77.82664999958386,40.78775999882834,0 -77.82617000008315,40.78790999933162,0 -77.82546000042866,40.78812999904879,0 -77.82498000002964,40.78826999929311,0 -77.82467000040825,40.78836999889825,0 -77.8245399998136,40.78840999924226,0 -77.82440000007149,40.78843999880432,0 -77.82433999979706,40.78845999895827,0 -77.82420000005497,40.78847999910618,0 -77.82410999964328,40.78847999910618,0 -77.82396999990119,40.78846999903297,0 -77.82388000038783,40.78844999888203,0 -77.82376343858981,40.78841397193376,0 -77.82375999983891,40.78841999932453,0 -77.82374999979318,40.78840999924226,0 -77.82365000023407,40.78836999889825,0 -77.82363000014257,40.7883599988085,0 -77.82358999995959,40.78833999930455,0 -77.82348000035475,40.7882799993964,0 -77.82347000030902,40.78825999918824,0 -77.82342000008028,40.78821999875388,0 -77.82336999985156,40.7881699988572,0 -77.8233299996686,40.78810999879545,0 -77.82322000006376,40.78790999933162,0 -77.82322000006376,40.78789999917261,0 -77.82312999965208,40.78772999895912,0 -77.8230400001387,40.78755999899054,0 -77.82288000030512,40.78725999878461,0 -77.82279999993918,40.78711999913158,0 -77.82278999989344,40.78708999897318,0 -77.8227599997562,40.78693999933829,0 -77.82276999980195,40.78690999909863,0 -77.82277999984768,40.78679999901064,0 -77.82279999993918,40.78673999907138,0 -77.82280999998493,40.78669999908171,0 -77.82288000030512,40.78656999928907,0 -77.82302000004719,40.78642999886156,0 -77.82311999960631,40.78636999926815,0 -77.82327000029247,40.78629999922055,0 -77.82354999977662,40.78620999895379,0 -77.82391999967248,40.78609999906665,0 -77.82486000037905,40.78580999886191,0 -77.8250600003956,40.78574999938852,0 -77.82520000013767,40.7857199992914,0 -77.82528999965103,40.78570999880255,0 -77.82543000029145,40.7857199992914,0 -77.8254899996676,40.78571999929141,0 -77.8255199998048,40.78572999909852,0 -77.82573999991284,40.78578999927016,0 -77.82586999960918,40.78583999891831,0 -77.82598000011235,40.78590999877064,0 -77.82604000038681,40.78596999877967,0 -77.82605000043255,40.78597999922932,0 -77.82611999985444,40.78604999893408,0 -77.82648999975028,40.78673999907138,0 -77.82658000016197,40.78690999909863,0 -77.82669999981258,40.78713999900292,0 -77.82679000022425,40.78723999894937,0 -77.82680000026998,40.78725999878461,0 -77.82692999996634,40.78735999923054,0 -77.82707999975416,40.78743999907083,0</coordinates>
        </LineString>
        <LineString>
          <extrude>0</extrude>
          <tessellate>1</tessellate><altitudeMode>clampToGround</altitudeMode>
          <coordinates> -77.8443204972297,40.78435679219728,0 -77.84431999956304,40.78435999924809,0 -77.8445499997168,40.78433999921968,0 -77.84466000021999,40.78432999920327,0 -77.84483000009931,40.7843199991853,0 -77.84498999993288,40.78431999918529,0 -77.84510000043603,40.78431999918529,0 -77.84527000031535,40.78431999918529,0 -77.84551999966229,40.78431999918529,0 -77.84574999981605,40.78431999918529,0 -77.84601000010704,40.78432999920326,0 -77.84611999971192,40.78433999921967,0 -77.84623000021509,40.78433999921967,0 -77.84647999956202,40.78435999924809,0 -77.84683000026472,40.7843999992868,0 -77.8470200002355,40.78441999929708,0 -77.8471399998861,40.78442999929998,0 -77.84725000038927,40.78444999930125,0 -77.84752999987344,40.78448999928575,0 -77.84756000001067,40.78448999928575,0 -77.84790999981504,40.78454999921728,0 -77.8485400000019,40.78467999888304,0 -77.84855000004764,40.78473999932312,0 -77.84857000013912,40.78505999916769,0 -77.84860000027635,40.78519999908249,0 -77.84865999965248,40.78533999938229,0 -77.84867999974398,40.78537999883075,0 -77.84870999988122,40.7854599990157,0 -77.84875000006419,40.78551999875109,0 -77.8487800002014,40.78556999928271,0 -77.84883000043011,40.78565999905653,0 -77.8488499996233,40.78567999936754,0 -77.84891999994348,40.78576999899225,0 -77.84897000017222,40.78581999933565,0 -77.84901000035519,40.78586999896124,0 -77.84919000028025,40.7860399991751,0 -77.84922999956488,40.78606999912765,0 -77.84924999965638,40.78608999931519,0 -77.84939000029678,40.7862199993673,0 -77.84940000034251,40.78622999909919,0 -77.84949999990162,40.78632999905566,0 -77.84951999999312,40.78634999916492,0 -77.849849999706,40.78664999940087,0 -77.8499700002549,40.78676999938785,0 -77.85026999983057,40.78704999919438,0 -77.8504199996184,40.787189998995,0 -77.85021999960185,40.78745999884578,0 -77.85017000027146,40.78750999927702,0 -77.85010999999699,40.78757999872936,0 -77.85002999963103,40.78764999878803,0 -77.84998000030065,40.7876999990763,0 -77.84990999998047,40.7877499993269,0 -77.84975000014688,40.78784999903494,0 -77.84934000006805,40.78808999921625,0 -77.84908999982279,40.78823999897408,0 -77.84874000001842,40.78843999880432,0 -77.84885999966903,40.78852999876943,0 -77.84920000032598,40.7888599987315,0 -77.84936000015954,40.78900999879048,0 -77.84948999985589,40.78913999924761,0 -77.84985999975173,40.78948999874246,0 -77.84994000011767,40.78953999900548,0 -77.85048999993859,40.78996999930545,0 -77.85057000030453,40.79000999936579,0 -77.85082999969721,40.79014999904712,0 -77.85182999977991,40.79062999891981,0 -77.85195000032883,40.79069999916396,0 -77.85308000010789,40.79125999914039,0 -77.85321999984997,40.79132999940044,0 -77.85332000030738,40.79137999895808,0 -77.85419999984119,40.79179999933258,0 -77.85529000033557,40.79234999938406,0 -77.85605000021877,40.79272999930566,0 -77.85636999988591,40.79287999878337,0 -77.85685000028494,40.79311999914716,0 -77.85724000027227,40.79331999924097,0 -77.85759000007664,40.79348999874497,0 -77.85772999981872,40.79355999937438,0 -77.85779000009319,40.79358999933007,0 -77.85793999988101,40.79365999917391,0 -77.858200000172,40.79378999936821,0 -77.85848999970192,40.79393999917151,0 -77.85856000002212,40.79396999895551,0 -77.85874999999291,40.79407999872747,0 -77.85915000002601,40.79430999896016,0 -77.85974000002987,40.79387999888284,0 -77.8599600001379,40.79369999905155,0 -77.86031999998801,40.79342999872972,0 -77.86069999992962,40.79312999920015,0 -77.86080000038703,40.79304999873395,0 -77.86084999971743,40.79300999914481,0 -77.86088999990041,40.79297999892704,0 -77.86100999955102,40.79289999896019,0 -77.8612899999335,40.79270999907762,0 -77.86147999990429,40.79256999935318,0 -77.86161999964636,40.79245999911973,0 -77.86181999966291,40.79230999937321,0 -77.86194000021183,40.79222999927917,0 -77.86203999977094,40.79214999908872,0 -77.86244999984977,40.79183999897059,0 -77.86261999972909,40.79170999903879,0 -77.8627899996084,40.79183999897059,0 -77.86282999979136,40.79186999902332,0 -77.86302999980791,40.79202999930244,0 -77.86320999973296,40.79216999880533,0 -77.86342999984099,40.79233999921359,0 -77.86391000024001,40.79270999907762,0 -77.86428000013588,40.79297999892704,0 -77.86431000027309,40.79299999907367,0 -77.86494999960738,40.79343999873603,0 -77.86495999965311,40.79343999873603,0 -77.86530000031004,40.79367999911577,0 -77.86534999964047,40.79371999898136,0 -77.86538999982342,40.79373999890508,0 -77.8654300000064,40.79376999877946,0 -77.86602000001027,40.7942299992357,0 -77.8666200000599,40.7946999990417,0 -77.86670000042585,40.7947599992694,0 -77.86689000039665,40.79490999892136,0 -77.86692999968129,40.79493999894707,0 -77.86708000036744,40.79505999891445,0 -77.86721000006378,40.79515999917497,0 -77.86738999998883,40.79530999928329,0 -77.86748000040052,40.79536999895976,0 -77.86757999995964,40.79544999935072,0 -77.86788999958104,40.79568999926507,0 -77.86802000017569,40.79579999890755,0 -77.86825000032945,40.79598999878803,0 -77.86828999961411,40.79601999900582,0 -77.86833999984282,40.79606999911191,0 -77.86834999988858,40.79606999911191,0 -77.86835999993433,40.79607999940066,0 -77.86838000002579,40.79611999918041,0 -77.86841000016302,40.79615999893603,0 -77.86843000025452,40.79622999879045,0 -77.86843000025452,40.79623999905507,0 -77.868450000346,40.79633999889827,0 -77.868450000346,40.79637999920143,0 -77.86844000030027,40.79647999883375,0 -77.86860000013384,40.79650999883008,0 -77.86867999960145,40.79651999905252,0 -77.86873999987591,40.79653999881284,0 -77.86884000033335,40.79654999903076,0 -77.86888999966372,40.79655999924718,0 -77.86895999998394,40.79655999924719,0 -77.8690200002584,40.79655999924719,0 -77.86909999972602,40.79655999924719,0 -77.86916000000049,40.79653999881284,0 -77.86922000027494,40.79652999927346,0 -77.86927999965107,40.79651999905252,0 -77.86933999992554,40.7964999992862,0 -77.86940000019999,40.79647999883375,0 -77.86946999962187,40.79644999882383,0 -77.86952999989633,40.7964199988004,0 -77.86960000021654,40.7963699989579,0 -77.86965000044525,40.79632999932877,0 -77.86981000027882,40.79619999934766,0 -77.86992999992943,40.79611999918041,0 -77.87018000017467,40.79592999899189,0 -77.87041000032845,40.79574999927814,0 -77.87047999975032,40.79568999926506,0 -77.87055000007052,40.79562999919779,0 -77.87094000005787,40.79584999917935,0 -77.87131999999946,40.79606999911191,0 -77.87143999965006,40.79613999906123,0 -77.87159000033618,40.79622999879044,0 -77.87164999971235,40.79625999889974,0 -77.871780000307,40.79633999889827,0 -77.87235000021938,40.79665999928842,0 -77.87246999986999,40.79673999880493,0 -77.87270000002376,40.796859998919,0 -77.87315000028556,40.79707999890478,0 -77.87355000031863,40.79727999931015,0 -77.87366999996924,40.79733999924623,0 -77.87377000042666,40.79738999903825,0 -77.87386999998579,40.79743999879256,0 -77.87391000016875,40.79745999895577,0 -77.87398999963638,40.79750999933741,0 -77.8740900000938,40.79757999912845,0 -77.87427000001885,40.79768999903946,0 -77.87481999983977,40.79813999887936,0 -77.87492000029719,40.7982199993325,0 -77.87529000019305,40.79851999898298,0 -77.87546000007237,40.79863999927958,0 -77.87561999990594,40.79876999924272,0 -77.87565000004315,40.79879999888419,0 -77.87574999960228,40.79886999935501,0 -77.87607000016773,40.79912999880597,0 -77.87626000013854,40.79926999897775,0 -77.87645000010933,40.79940999885426,0 -77.87661999998865,40.79951999913299,0 -77.8767799998222,40.79960999903998,0 -77.87697999983874,40.79972999940622,0 -77.87723000008401,40.79985999927478,0 -77.87728000031271,40.79988999910368,0 -77.87763000011711,40.80007999883849,0 -77.87781000004215,40.80017999901733,0 -77.87802000010443,40.80028999938008,0 -77.87859000001681,40.80058999919554,0 -77.87908999960902,40.80085999895822,0 -77.8791800000207,40.80090999881895,0 -77.87919000006644,40.8009199990586,0 -77.87921000015794,40.80093999885327,0 -77.87921000015794,40.8009499990884,0 -77.87924000029516,40.80098999933377,0 -77.87928999962556,40.80101999933193,0 -77.87947999959636,40.80111999877464,0 -77.87994999994964,40.8013699987623,0 -77.88013999992043,40.80146999903769,0 -77.88066999964987,40.80174999873534,0 -77.88092999994088,40.80189999891316,0 -77.88100000026105,40.80192999918005,0 -77.88112999995739,40.80200999914547,0 -77.88125999965374,40.80207999895114,0 -77.88142000038563,40.80216999878704,0 -77.88173000000702,40.8023199993757,0 -77.88203999962842,40.80248999895304,0 -77.88210999994861,40.80251999895325,0 -77.88221999955347,40.80258999890103,0 -77.88261000043914,40.80278999902499,0 -77.882720000044,40.80285999936797,0 -77.88285999978608,40.80292999895718,0 -77.88300999957389,40.80300999907725,0 -77.88301999961965,40.80300999907724,0 -77.8831500002143,40.80307999918818,0 -77.88337000032233,40.80319999940095,0 -77.88341999965272,40.80321999918866,0 -77.88359999957777,40.80330999883873,0 -77.88418999958166,40.8036299989483,0 -77.88464999988921,40.80386999920788,0 -77.88476000039236,40.80392999930721,0 -77.88498999964784,40.80404999934304,0 -77.88528000007604,40.80420999882669,0 -77.88582999989696,40.80449999890508,0 -77.88632000034174,40.80476999908166,0 -77.88647000012955,40.80484999902374,0 -77.88664000000887,40.80493999918332,0 -77.88713999960106,40.80520999892978,0 -77.88735999970909,40.80531999911597,0 -77.88760999995435,40.8054599991511,0 -77.88773999965068,40.80552999939787,0 -77.88794999971297,40.80563999905366,0 -77.88814999972951,40.80574999920711,0 -77.88861000003705,40.80598999927987,0 -77.88892999970419,40.80616999910485,0 -77.88901000007014,40.80620999892412,0 -77.88944000024046,40.80642999919894,0 -77.88957999998253,40.80650999917989,0 -77.88981000013629,40.80661999925114,0 -77.89003000024431,40.80672999914012,0 -77.89027999959126,40.80683999884672,0 -77.890549999928,40.80694999905101,0 -77.89060000015672,40.80697999907502,0 -77.89062000024819,40.80697999907502,0 -77.89074999994453,40.80702999908499,0 -77.89088999968664,40.80708999904724,0 -77.89113999993188,40.80717999888883,0 -77.89133999994841,40.80724999936116,0 -77.89189999981508,40.80741999922962,0 -77.89223999957369,40.80749999937698,0 -77.89267999978975,40.80759999925558,0 -77.89282000043016,40.80762999898576,0 -77.89298000026372,40.80765999938237,0 -77.89325999974788,40.80770999887999,0 -77.89328999988513,40.80770999887999,0 -77.89349999994742,40.80772999934842,0 -77.89362999964375,40.80775999901983,0 -77.8938099995688,40.8077799987933,0 -77.89526999995904,40.80794999934376,0</coordinates>
        </LineString>
        <LineString>
          <extrude>0</extrude>
          <tessellate>1</tessellate><altitudeMode>clampToGround</altitudeMode>
          <coordinates> -77.84431999956304,40.78435999924809,0 -77.84413999963799,40.78436999926004,0 -77.84389000029105,40.78438999927936,0 -77.84369000027451,40.78440999929266,0 -77.84366000013728,40.78441999929708,0 -77.84335999966331,40.78445999929964,0 -77.84309000022489,40.78448999928575,0 -77.84302999995043,40.7844999992781,0 -77.8423799996721,40.78457999916274,0 -77.84197999963901,40.78463999901302,0 -77.84162999983464,40.78467999888304,0 -77.84137999958938,40.78471999872899,0 -77.84130000012176,40.7843599992481,0 -77.84126999998453,40.78417999877583,0 -77.84124999989304,40.78412999923823,0 -77.84117000042541,40.78384999936377,0 -77.84111000015096,40.78369999921264,0 -77.84105999992225,40.78357999911989,0 -77.84102999978501,40.78351999899217,0 -77.84094000027164,40.78335999929361,0 -77.84092000018015,40.78330999913877,0 -77.84084999985996,40.78318999902152,0</coordinates>
        </LineString>
        <LineString>
          <extrude>0</extrude>
          <tessellate>1</tessellate><altitudeMode>clampToGround</altitudeMode>
          <coordinates> -77.8291100000568,40.78642999886155,0 -77.82910000001107,40.78648999908096,0 -77.8291100000568,40.7864099987764,0 -77.82916000028553,40.78604999893408,0 -77.82919000042274,40.78587999874581,0 -77.82920999961593,40.78570999880255,0 -77.8292499997989,40.78547999938696,0 -77.82931000007335,40.7851899991955,0 -77.8293200001191,40.78506999907422,0 -77.82934000021058,40.78498999909965,0 -77.82936000030206,40.78486999929714,0 -77.82939999958671,40.78463999901302,0 -77.83003999981932,40.784719998729,0 -77.83070000014341,40.78478999908165,0 -77.83102999985627,40.78482999886138,0 -77.83117999964411,40.78484999874218,0 -77.8316499999974,40.78489999909804,0 -77.83227000013849,40.78496999926097,0 -77.83262999998861,40.78500999893227,0 -77.83305000011318,40.78501999884634,0 -77.83337999982605,40.78502999875887,0 -77.83351000042072,40.78503999935012,0 -77.83380999999636,40.78506999907422,0 -77.83441000004599,40.78513999905797,0 -77.83548999959633,40.7852299987343,0 -77.83572999979583,40.78522999873431,0 -77.83574999988733,40.78522999873431,0 -77.83611999978316,40.78525999905276,0 -77.8364100002114,40.78526999892915,0 -77.83642000025714,40.78526999892915,0 -77.83668999969558,40.78525999905276,0 -77.83684000038171,40.78524999917484,0 -77.83704000039826,40.78523999929538,0 -77.83745999962451,40.7851899991955,0 -77.83761000031065,40.78517999930703,0 -77.83820000031453,40.78509999878479,0 -77.83843999961572,40.78506999907422,0 -77.8387400000897,40.78502999875889,0 -77.83889999992327,40.78500999893227,0 -77.83885999974029,40.7848399988025,0 -77.83882999960308,40.78469999880906,0 -77.83879000031841,40.78455999920062,0 -77.83879000031841,40.78454999921728,0 -77.83879000031841,40.78452999924614,0 -77.83875000013543,40.78434999923463,0 -77.83868999986097,40.78407999898287,0 -77.838649999678,40.783919999273,0 -77.83862999958652,40.78384999936377,0 -77.8387400000897,40.78379999889756,0 -77.83978000035538,40.78329999896722,0 -77.83980999959428,40.78328999879416,0 -77.84019000043419,40.78309999930148,0 -77.84055000028431,40.78289999903354,0 -77.84059999961471,40.78289999903354,0 -77.84064999984342,40.78291999881537,0 -77.84067999998065,40.78293999927136,0 -77.8407400002551,40.7830199989945,0 -77.84084999985996,40.78318999902152,0 -77.84084807027872,40.78318808632044,0</coordinates>
        </LineString>
      </MultiGeometry>
    </Placemark>
    <Placemark id="ID_00003">
      <name>HU</name>
      <snippet></snippet>
      <description><![CDATA[<html xmlns:fo="http://www.w3.org/1999/XSL/Format" xmlns:msxsl="urn:schemas-microsoft-com:xslt">
<head>
<META http-equiv="Content-Type" content="text/html">
<meta http-equiv="content-type" content="text/html; charset=UTF-8">
</head>
<body style="margin:0px 0px 0px 0px;overflow:auto;background:#FFFFFF;">
<table style="font-family:Arial,Verdana,Times;font-size:12px;text-align:left;width:100%;border-collapse:collapse;padding:3px 3px 3px 3px">
<tr style="text-align:center;font-weight:bold;background:#9CBCE2">
<td>HU</td>
</tr>
<tr>
<td>
<table style="font-family:Arial,Verdana,Times;font-size:12px;text-align:left;width:100%;border-spacing:0px; padding:3px 3px 3px 3px">
<tr>
<td>shape_id</td>
<td>34</td>
</tr>
<tr bgcolor="#D4E4F3">
<td>route_id</td>
<td>40</td>
</tr>
<tr>
<td>agency_id</td>
<td>CATA</td>
</tr>
<tr bgcolor="#D4E4F3">
<td>route_short_name</td>
<td>HU</td>
</tr>
<tr>
<td>route_long_name</td>
<td>HU - Toftrees/Campus</td>
</tr>
<tr bgcolor="#D4E4F3">
<td>route_desc</td>
<td>&lt;Null&gt;</td>
</tr>
<tr>
<td>route_type</td>
<td>3</td>
</tr>
<tr bgcolor="#D4E4F3">
<td>route_url</td>
<td>&lt;Null&gt;</td>
</tr>
<tr>
<td>route_sort_order</td>
<td>&lt;Null&gt;</td>
</tr>
<tr bgcolor="#D4E4F3">
<td>continuous_pickup</td>
<td>&lt;Null&gt;</td>
</tr>
<tr>
<td>continuous_drop_off</td>
<td>&lt;Null&gt;</td>
</tr>
<tr bgcolor="#D4E4F3">
<td>route_type_text</td>
<td>Bus</td>
</tr>
<tr>
<td>ColorCode</td>
<td>7030A0</td>
</tr>
<tr bgcolor="#D4E4F3">
<td>Shape__Length</td>
<td>8172.761089</td>
</tr>
<tr>
<td>GlobalID</td>
<td>{8E9404B1-6A05-4CA2-A309-8FE6E69E01EB}</td>
</tr>
</table>
</td>
</tr>
</table>
</body><script type="text/javascript">
				function changeImage(attElement, nameElement) {
				document.getElementById('imageAttachment').src = attElement;
				document.getElementById('imageName').innerHTML = nameElement;}
			</script></html>
]]></description>
      <styleUrl>#LineStyle00</styleUrl>
      <MultiGeometry>
        <LineString>
          <extrude>0</extrude>
          <tessellate>1</tessellate><altitudeMode>clampToGround</altitudeMode>
          <coordinates> -77.88394000023472,40.82318999924761,0 -77.88394000023472,40.82317999896505,0 -77.88395000028046,40.82317999896505,0 -77.88395000028046,40.82316999936075,0 -77.88395000028046,40.82315999907521,0 -77.88396000032621,40.82315999907521,0 -77.88396000032621,40.82314999878811,0 -77.88397000037195,40.8231399991793,0 -77.88398000041768,40.8231399991793,0 -77.88398000041768,40.82312999888923,0 -77.88398999956512,40.82312999888922,0 -77.88399999961085,40.82311999927742,0 -77.88400999965661,40.82311999927741,0 -77.88400999965661,40.82310999898427,0 -77.88401999970235,40.82310999898427,0 -77.88402999974808,40.82310999898427,0 -77.88403999979381,40.82310999898427,0 -77.88404999983959,40.82310999898427,0 -77.88404999983959,40.82309999936943,0 -77.88405999988532,40.82309999936943,0 -77.88406999993106,40.82309999936943,0 -77.88407999997679,40.82309999936943,0 -77.88409000002255,40.82309999936943,0 -77.8841000000683,40.82309999936943,0 -77.88411000011403,40.82309999936943,0 -77.88412000015977,40.82310999898426,0 -77.88413000020553,40.82310999898426,0 -77.88414000025126,40.82310999898426,0 -77.884150000297,40.82310999898427,0 -77.884150000297,40.82311999927741,0 -77.88417000038849,40.82311999927741,0 -77.88417000038849,40.82312999888922,0 -77.88418000043424,40.82312999888922,0 -77.88418000043424,40.8231399991793,0 -77.88418999958166,40.8231399991793,0 -77.8841999996274,40.82314999878811,0 -77.8841999996274,40.82315999907522,0 -77.88420999967313,40.82316999936075,0 -77.88420999967313,40.82317999896505,0 -77.88421999971889,40.82317999896505,0 -77.88421999971889,40.82318999924761,0 -77.88431000013058,40.82325999914395,0 -77.88436000035929,40.82332999896642,0 -77.88440999968969,40.82338999914388,0 -77.88444999987266,40.82342999877885,0 -77.88463999984344,40.82368999921702,0 -77.88484999990574,40.82359999933753,0 -77.88497999960207,40.82354999889859,0 -77.88507000001377,40.82352999912027,0 -77.88510000015098,40.82351999888902,0 -77.88521999980159,40.82348999886588,0 -77.88535000039624,40.82345999882912,0 -77.88544999995536,40.82344999926703,0 -77.8855300003213,40.82342999877885,0 -77.8855799996517,40.82342999877885,0 -77.88575000042933,40.82341999921225,0 -77.88591000026291,40.8234099989644,0 -77.88598999973053,40.82340999896441,0 -77.88599999977626,40.82341999921225,0 -77.88619999979282,40.82342999877885,0 -77.88632000034174,40.82344999926703,0 -77.88653000040401,40.82348999886588,0 -77.88661999991739,40.82350999933599,0 -77.8866700001461,40.82351999888903,0 -77.88669000023758,40.82351999888903,0 -77.88670000028333,40.82351999888902,0 -77.88668000019183,40.8235699993506,0 -77.88664000000887,40.82371999914969,0 -77.88659999982589,40.82380999886632,0 -77.88655999964293,40.82391999880729,0 -77.88652000035826,40.82399999877337,0 -77.88650000026679,40.82404999887309,0 -77.88649000022104,40.82410999907896,0 -77.88646000008382,40.82414999895946,0 -77.88634999958063,40.82425999901631,0 -77.88635999962638,40.82412999936214,0 -77.88638999976361,40.82402999924561,0 -77.8864099998551,40.82388999896509,0 -77.88643999999233,40.82378999916643,0 -77.88647000012955,40.82369999874292,0 -77.88650000026679,40.82353999935007,0 -77.88631000029599,40.82350999933599,0 -77.88621999988429,40.82348999886588,0 -77.88609000018796,40.82347999930833,0 -77.88605000000499,40.82347999930834,0 -77.88591000026291,40.82347999930834,0 -77.88590000021716,40.82347999930834,0 -77.88578999971399,40.82347999930834,0 -77.88566000001764,40.82348999886588,0 -77.88562999988042,40.82348999886588,0 -77.8855799996517,40.82349999910166,0 -77.88543999990962,40.82350999933599,0 -77.88542999986389,40.82350999933599,0 -77.8852700000303,40.82354999889859,0 -77.88518999966436,40.8235699993506,0 -77.88516000042546,40.82357999889458,0 -77.88512000024249,40.82358999911684,0 -77.88497999960207,40.82362999931096,0 -77.88496999955633,40.82362999931098,0 -77.88483999985999,40.82367999900983,0 -77.8847200002094,40.82372999935082,0 -77.88469000007217,40.8237399988707,0 -77.88464999988921,40.82375999926541,0 -77.88462999979771,40.82376999878075,0 -77.88457000042158,40.82380999886632,0 -77.88427999999334,40.82399999877338,0 -77.8841999996274,40.82405999902448,0 -77.88403999979381,40.82414999895946,0 -77.88397000037195,40.82418999881585,0 -77.88386999991452,40.82424999889506,0 -77.88376000030966,40.82429999880633,0 -77.88364999980649,40.82433999925199,0 -77.88356000029312,40.8243699988907,0 -77.88341999965272,40.82441999939124,0 -77.8833900004138,40.82441999939124,0 -77.88286999983181,40.82455999923274,0 -77.88250999998171,40.82464999916898,0 -77.88241999957003,40.82466999928927,0 -77.8822699997822,40.82470999883203,0 -77.88217000022308,40.82473999898309,0 -77.88202999958267,40.82478999920469,0 -77.88198000025227,40.82480999928281,0 -77.88184999965762,40.82486999880111,0 -77.88166999973257,40.82495999899645,0 -77.88154000003622,40.82501999905882,0 -77.88137000015692,40.82513999902072,0 -77.88109999982018,40.8253099992748,0 -77.88104000044402,40.82535999906665,0 -77.88087999971215,40.82546999915581,0 -77.88077000010729,40.82555999921668,0 -77.88065999960412,40.82566999897411,0 -77.88063000036522,40.8256899987868,0 -77.88057000009074,40.82576999933683,0 -77.88049999977056,40.82585999899054,0 -77.88046999963332,40.82590999904749,0 -77.8804400003944,40.82596999893016,0 -77.88043000034867,40.82597999879199,0 -77.88038000011994,40.82608999921231,0 -77.88036000002846,40.82613999909584,0 -77.88033999993698,40.82617999911148,0 -77.88031999984548,40.82626999888855,0 -77.88027999966253,40.8263799988278,0 -77.88025000042362,40.8264899992644,0 -77.88025000042362,40.82651999928995,0 -77.88021000024065,40.8266499990175,0 -77.88018000010341,40.82673999883642,0 -77.88010999978322,40.82687999921833,0 -77.88004000036133,40.82699999921335,0 -77.87997000004111,40.82709999893005,0 -77.87988999967517,40.82718999881799,0 -77.87981000020757,40.82726999891796,0 -77.87970999975012,40.82736999890724,0 -77.87960000014527,40.82744999879005,0 -77.87949999968784,40.82751999894825,0 -77.87938000003726,40.82757999873369,0 -77.8792700004324,40.82763999914458,0 -77.87916999997496,40.82768999921897,0 -77.87905000032437,40.82773999925562,0 -77.87895999991268,40.8277699993955,0 -77.87884000026209,40.82780999910769,0 -77.87882000017058,40.82780999910769,0 -77.87873999980465,40.82783999921588,0 -77.87864000024553,40.82785999905389,0 -77.87860000006256,40.82786999931047,0 -77.87856999992535,40.82786999931047,0 -77.87848999955941,40.82787999888587,0 -77.87812999970929,40.82792999877922,0 -77.87803000015018,40.82794999926984,0 -77.87766000025431,40.82799999911049,0 -77.87748000032926,40.82801999890022,0 -77.87743000010055,40.82802999913267,0 -77.87726000022123,40.82805999914136,0 -77.87719999994678,40.82806999936779,0 -77.87710000038766,40.82809999935837,0 -77.87702000002172,40.82812999933532,0 -77.87697999983874,40.82813999887151,0 -77.87692999961004,40.82816999883043,0 -77.87686000018816,40.8281999987757,0 -77.87678999986795,40.82823999890827,0 -77.87671000040032,40.82830999891227,0 -77.87663000003438,40.82838999902056,0 -77.87652999957696,40.82845999886615,0 -77.87646000015506,40.82842999903845,0 -77.87621999995557,40.82831999910098,0 -77.87585000005971,40.82815999929877,0 -77.87425999997312,40.82744999879005,0 -77.87376000038093,40.82723999923164,0 -77.87338999958675,40.82705999878958,0 -77.87318999957022,40.82696999940488,0 -77.87301999969091,40.826889998943,0 -77.87217000029433,40.82650999882978,0 -77.871780000307,40.82633999893281,0 -77.87088999982915,40.8259099990475,0 -77.87064999962963,40.82575999876356,0 -77.87043999956734,40.8256299993306,0 -77.87008999976297,40.82538999892367,0 -77.86989999979218,40.82523999882306,0 -77.86986999965495,40.82521999887465,0 -77.86970999982138,40.82507999906689,0 -77.86954999998783,40.8249199989247,0 -77.86919000013769,40.82454999915673,0 -77.86899000012117,40.82430999891999,0 -77.86879000010462,40.82406999917431,0 -77.86854999990511,40.82379999935703,0 -77.8684700004375,40.82370999894707,0 -77.86827999956837,40.82347999930834,0 -77.86815999991776,40.82333999922634,0 -77.86804000026717,40.82319999884889,0 -77.86789999962677,40.82304999923326,0 -77.8678300002049,40.82296999880106,0 -77.86777999997618,40.8229199992467,0 -77.86774999983896,40.82287999930414,0 -77.86766000032559,40.82279999934669,0 -77.86746000030905,40.82261999908955,0 -77.86710999960636,40.8223399990782,0 -77.8670700003217,40.82231999893499,0 -77.86654999973972,40.82195999940568,0 -77.8661699997981,40.82173999895797,0 -77.8650500000648,40.82106999875411,0 -77.86484000000253,40.82094999890595,0 -77.86449000019815,40.82073999915922,0 -77.86382999987407,40.82035999915753,0 -77.86349000011543,40.82016999902013,0 -77.86323999987019,40.82002999874952,0 -77.86310000012811,40.81995999884334,0 -77.86291000015731,40.81984999913283,0 -77.86231000010767,40.81953999921446,0 -77.861530000133,40.81912999918059,0 -77.86094000012912,40.81882999887673,0 -77.86075000015833,40.8187199993318,0 -77.86069999992962,40.8186999987769,0 -77.86035000012525,40.81852999925556,0 -77.86033000003376,40.81851999895028,0 -77.85958000019632,40.81823999930658,0 -77.85929999981381,40.8180999990415,0 -77.85927999972235,40.81808999935117,0 -77.85904999956857,40.81795999916081,0 -77.85888999973501,40.81784999885306,0 -77.85872999990143,40.81773999904274,0 -77.85859000015935,40.81761999928879,0 -77.85844000037152,40.81747999907496,0 -77.85824000035497,40.81726999921992,0 -77.85805000038418,40.81702999915427,0 -77.85794999992676,40.8168999989262,0 -77.85786000041338,40.81675999923232,0 -77.85779000009319,40.81660999932963,0 -77.85775999995596,40.81653999921365,0 -77.8576500003511,40.81626999933692,0 -77.8575599999394,40.81607999904192,0 -77.85754999989366,40.81605999905078,0 -77.85745000033455,40.81590999892499,0 -77.85732999978563,40.81576999918146,0 -77.85713999981485,40.815569998744,0 -77.85705000030148,40.81548999880808,0 -77.8564600002976,40.81492999927506,0 -77.85642000011462,40.81489999876606,0 -77.85623000014382,40.81472999902471,0 -77.85603000012729,40.81450999907276,0 -77.85539999994043,40.81385999924834,0 -77.85531999957449,40.81377999929006,0 -77.85531000042707,40.81378999895022,0 -77.85383999999107,40.81225999875176,0 -77.85554999972825,40.81050999900877,0 -77.85586000024797,40.8101899987575,0 -77.85872999990143,40.80714999895519,0 -77.86056000018753,40.8051899990618,0 -77.86066999979238,40.80516999918779,0 -77.86470000026043,40.80092999929668,0 -77.86552999956552,40.80004999909546,0 -77.86552000041809,40.80004999909545,0 -77.86553999961126,40.80000999896367,0 -77.86556999974849,40.79995999910503,0 -77.8655999998857,40.79986999899257,0 -77.86560999993146,40.79982999875228,0 -77.86564000006868,40.79967999933665,0 -77.86564000006868,40.79961999879544,0 -77.86565000011444,40.79947999936184,0 -77.86566000016018,40.79932999915528,0 -77.86567000020591,40.79924999935987,0 -77.86570000034314,40.79907999896449,0 -77.86573999962781,40.79890999881373,0 -77.86573999962781,40.79888999908738,0 -77.86575999971927,40.79880999876167,0 -77.86579999990225,40.79871999913006,0 -77.86585000013096,40.79863999927958,0 -77.86590000035967,40.79856999924625,0 -77.86598999987304,40.79847999928926,0 -77.86604000010178,40.79841999902345,0 -77.86606000019324,40.79840999908722,0 -77.86611999956939,40.79835999938346,0 -77.8663799998604,40.79817999877802,0 -77.8664300000891,40.79813999887936,0 -77.86651999960247,40.79806999899886,0 -77.86657999987693,40.79802999903398,0 -77.86677999989347,40.79787999895105,0 -77.86672200016716,40.79783599886242,0</coordinates>
        </LineString>
      </MultiGeometry>
    </Placemark>
    <Placemark id="ID_00004">
      <name>HU</name>
      <snippet></snippet>
      <description><![CDATA[<html xmlns:fo="http://www.w3.org/1999/XSL/Format" xmlns:msxsl="urn:schemas-microsoft-com:xslt">
<head>
<META http-equiv="Content-Type" content="text/html">
<meta http-equiv="content-type" content="text/html; charset=UTF-8">
</head>
<body style="margin:0px 0px 0px 0px;overflow:auto;background:#FFFFFF;">
<table style="font-family:Arial,Verdana,Times;font-size:12px;text-align:left;width:100%;border-collapse:collapse;padding:3px 3px 3px 3px">
<tr style="text-align:center;font-weight:bold;background:#9CBCE2">
<td>HU</td>
</tr>
<tr>
<td>
<table style="font-family:Arial,Verdana,Times;font-size:12px;text-align:left;width:100%;border-spacing:0px; padding:3px 3px 3px 3px">
<tr>
<td>shape_id</td>
<td>36</td>
</tr>
<tr bgcolor="#D4E4F3">
<td>route_id</td>
<td>40</td>
</tr>
<tr>
<td>agency_id</td>
<td>CATA</td>
</tr>
<tr bgcolor="#D4E4F3">
<td>route_short_name</td>
<td>HU</td>
</tr>
<tr>
<td>route_long_name</td>
<td>HU - Toftrees/Campus</td>
</tr>
<tr bgcolor="#D4E4F3">
<td>route_desc</td>
<td>&lt;Null&gt;</td>
</tr>
<tr>
<td>route_type</td>
<td>3</td>
</tr>
<tr bgcolor="#D4E4F3">
<td>route_url</td>
<td>&lt;Null&gt;</td>
</tr>
<tr>
<td>route_sort_order</td>
<td>&lt;Null&gt;</td>
</tr>
<tr bgcolor="#D4E4F3">
<td>continuous_pickup</td>
<td>&lt;Null&gt;</td>
</tr>
<tr>
<td>continuous_drop_off</td>
<td>&lt;Null&gt;</td>
</tr>
<tr bgcolor="#D4E4F3">
<td>route_type_text</td>
<td>Bus</td>
</tr>
<tr>
<td>ColorCode</td>
<td>7030A0</td>
</tr>
<tr bgcolor="#D4E4F3">
<td>Shape__Length</td>
<td>470.477676</td>
</tr>
<tr>
<td>GlobalID</td>
<td>{1128592C-5746-4099-98E8-6A4DC64E94E3}</td>
</tr>
</table>
</td>
</tr>
</table>
</body><script type="text/javascript">
				function changeImage(attElement, nameElement) {
				document.getElementById('imageAttachment').src = attElement;
				document.getElementById('imageName').innerHTML = nameElement;}
			</script></html>
]]></description>
      <styleUrl>#LineStyle00</styleUrl>
      <MultiGeometry>
        <LineString>
          <extrude>0</extrude>
          <tessellate>1</tessellate><altitudeMode>clampToGround</altitudeMode>
          <coordinates> -77.88394000023472,40.82318999924761,0 -77.88394000023472,40.82317999896505,0 -77.88395000028046,40.82317999896505,0 -77.88395000028046,40.82316999936075,0 -77.88395000028046,40.82315999907521,0 -77.88396000032621,40.82315999907521,0 -77.88396000032621,40.82314999878811,0 -77.88397000037195,40.8231399991793,0 -77.88398000041768,40.8231399991793,0 -77.88398000041768,40.82312999888923,0 -77.88398999956512,40.82312999888922,0 -77.88399999961085,40.82311999927742,0 -77.88400999965661,40.82311999927741,0 -77.88400999965661,40.82310999898427,0 -77.88401999970235,40.82310999898427,0 -77.88402999974808,40.82310999898427,0 -77.88403999979381,40.82310999898427,0 -77.88404999983959,40.82310999898427,0 -77.88404999983959,40.82309999936943,0 -77.88405999988532,40.82309999936943,0 -77.88406999993106,40.82309999936943,0 -77.88407999997679,40.82309999936943,0 -77.88409000002255,40.82309999936943,0 -77.8841000000683,40.82309999936943,0 -77.88411000011403,40.82309999936943,0 -77.88412000015977,40.82310999898426,0 -77.88413000020553,40.82310999898426,0 -77.88414000025126,40.82310999898426,0 -77.884150000297,40.82310999898427,0 -77.884150000297,40.82311999927741,0 -77.88417000038849,40.82311999927741,0 -77.88417000038849,40.82312999888922,0 -77.88418000043424,40.82312999888922,0 -77.88418000043424,40.8231399991793,0 -77.88418999958166,40.8231399991793,0 -77.8841999996274,40.82314999878811,0 -77.8841999996274,40.82315999907522,0 -77.88420999967313,40.82316999936075,0 -77.88420999967313,40.82317999896505,0 -77.88421999971889,40.82317999896505,0 -77.88421999971889,40.82318999924761,0 -77.88431000013058,40.82325999914395,0 -77.88436000035929,40.82332999896642,0 -77.88440999968969,40.82338999914388,0 -77.88444999987266,40.82342999877885,0 -77.88463999984344,40.82368999921702,0 -77.88484999990574,40.82359999933753,0 -77.88497999960207,40.82354999889859,0 -77.88507000001377,40.82352999912027,0 -77.88510000015098,40.82351999888902,0 -77.88521999980159,40.82348999886588,0 -77.88535000039624,40.82345999882912,0 -77.88544999995536,40.82344999926703,0 -77.8855300003213,40.82342999877885,0 -77.8855799996517,40.82342999877885,0 -77.88575000042933,40.82341999921225,0 -77.88591000026291,40.8234099989644,0 -77.88598999973053,40.82340999896441,0 -77.88599999977626,40.82341999921225,0 -77.88619999979282,40.82342999877885,0 -77.88632000034174,40.82344999926703,0 -77.88653000040401,40.82348999886588,0 -77.88661999991739,40.82350999933599,0 -77.8866700001461,40.82351999888903,0 -77.88669000023758,40.82351999888903,0 -77.88670000028333,40.82351999888902,0 -77.88668000019183,40.8235699993506,0 -77.88664000000887,40.82371999914969,0 -77.88659999982589,40.82380999886632,0 -77.88655999964293,40.82391999880729,0 -77.88652000035826,40.82399999877337,0 -77.88650000026679,40.82404999887309,0 -77.88656890733728,40.82406332787608,0</coordinates>
        </LineString>
      </MultiGeometry>
    </Placemark>
    <Placemark id="ID_00005">
      <name>HU</name>
      <snippet></snippet>
      <description><![CDATA[<html xmlns:fo="http://www.w3.org/1999/XSL/Format" xmlns:msxsl="urn:schemas-microsoft-com:xslt">
<head>
<META http-equiv="Content-Type" content="text/html">
<meta http-equiv="content-type" content="text/html; charset=UTF-8">
</head>
<body style="margin:0px 0px 0px 0px;overflow:auto;background:#FFFFFF;">
<table style="font-family:Arial,Verdana,Times;font-size:12px;text-align:left;width:100%;border-collapse:collapse;padding:3px 3px 3px 3px">
<tr style="text-align:center;font-weight:bold;background:#9CBCE2">
<td>HU</td>
</tr>
<tr>
<td>
<table style="font-family:Arial,Verdana,Times;font-size:12px;text-align:left;width:100%;border-spacing:0px; padding:3px 3px 3px 3px">
<tr>
<td>shape_id</td>
<td>38</td>
</tr>
<tr bgcolor="#D4E4F3">
<td>route_id</td>
<td>40</td>
</tr>
<tr>
<td>agency_id</td>
<td>CATA</td>
</tr>
<tr bgcolor="#D4E4F3">
<td>route_short_name</td>
<td>HU</td>
</tr>
<tr>
<td>route_long_name</td>
<td>HU - Toftrees/Campus</td>
</tr>
<tr bgcolor="#D4E4F3">
<td>route_desc</td>
<td>&lt;Null&gt;</td>
</tr>
<tr>
<td>route_type</td>
<td>3</td>
</tr>
<tr bgcolor="#D4E4F3">
<td>route_url</td>
<td>&lt;Null&gt;</td>
</tr>
<tr>
<td>route_sort_order</td>
<td>&lt;Null&gt;</td>
</tr>
<tr bgcolor="#D4E4F3">
<td>continuous_pickup</td>
<td>&lt;Null&gt;</td>
</tr>
<tr>
<td>continuous_drop_off</td>
<td>&lt;Null&gt;</td>
</tr>
<tr bgcolor="#D4E4F3">
<td>route_type_text</td>
<td>Bus</td>
</tr>
<tr>
<td>ColorCode</td>
<td>7030A0</td>
</tr>
<tr bgcolor="#D4E4F3">
<td>Shape__Length</td>
<td>7564.254871</td>
</tr>
<tr>
<td>GlobalID</td>
<td>{CDD30DE7-8AFA-41C0-8E11-751AF9CE0161}</td>
</tr>
</table>
</td>
</tr>
</table>
</body><script type="text/javascript">
				function changeImage(attElement, nameElement) {
				document.getElementById('imageAttachment').src = attElement;
				document.getElementById('imageName').innerHTML = nameElement;}
			</script></html>
]]></description>
      <styleUrl>#LineStyle00</styleUrl>
      <MultiGeometry>
        <LineString>
          <extrude>0</extrude>
          <tessellate>1</tessellate><altitudeMode>clampToGround</altitudeMode>
          <coordinates> -77.86749000044627,40.79733999924622,0 -77.86717999992655,40.79756999906568,0 -77.86657999987693,40.79802999903398,0 -77.86651999960247,40.79806999899886,0 -77.8664300000891,40.79813999887936,0 -77.8663799998604,40.79817999877802,0 -77.86611999956939,40.79835999938346,0 -77.86606000019324,40.79840999908722,0 -77.86604000010178,40.79841999902345,0 -77.86598999987304,40.79847999928926,0 -77.86590000035967,40.79856999924625,0 -77.86585000013096,40.79863999927958,0 -77.86579999990225,40.79871999913006,0 -77.86575999971927,40.79880999876167,0 -77.86573999962781,40.79888999908738,0 -77.86573999962781,40.79890999881373,0 -77.86570000034314,40.79907999896449,0 -77.86567000020591,40.79924999935987,0 -77.86566000016018,40.79932999915528,0 -77.86565000011444,40.79947999936184,0 -77.86564000006868,40.79961999879544,0 -77.86564000006868,40.79967999933665,0 -77.86560999993146,40.79982999875228,0 -77.8655999998857,40.79986999899257,0 -77.86556999974849,40.79995999910503,0 -77.86553999961126,40.80000999896367,0 -77.86547000018936,40.80012999928678,0 -77.86494999960738,40.80066999873605,0 -77.86489000023124,40.80073999927487,0 -77.86488000018551,40.80074999886011,0 -77.86472000035192,40.80090999881895,0 -77.86454999957429,40.80108999882162,0 -77.86453000038111,40.80110999924515,0 -77.86411000025656,40.80153999873285,0 -77.86406000002783,40.8015899987613,0 -77.86399999975339,40.80164999888175,0 -77.86375000040644,40.80191999909263,0 -77.86368000008626,40.80198999899314,0 -77.86317999959573,40.80250999895473,0 -77.86311000017385,40.80257999891301,0 -77.86279999965414,40.80290999908207,0 -77.86268000000354,40.80303999884241,0 -77.86249000003275,40.8032399989703,0 -77.8624099996668,40.80331999939672,0 -77.86234000024491,40.80338999918077,0 -77.86203999977094,40.8037099989046,0 -77.86148999995004,40.80428999876384,0 -77.86146999985856,40.80430999890308,0 -77.86111000000842,40.8046999993932,0 -77.86105999977973,40.80474999908103,0 -77.86086999980893,40.80494999881576,0 -77.86074000011259,40.80509999924124,0 -77.86067999983811,40.80515999890851,0 -77.86022999957633,40.80561999931525,0 -77.85991999995494,40.8059399991663,0 -77.85984999963475,40.80600999890682,0 -77.85970999989266,40.8061599989763,0 -77.85957000015057,40.80629999927923,0 -77.85923000039195,40.80664999874443,0 -77.85917000011749,40.80670999905025,0 -77.85892999991796,40.80695999906049,0 -77.85873999994718,40.80715999893459,0 -77.85848999970192,40.80741999922962,0 -77.85843000032578,40.8074799988392,0 -77.85828999968537,40.80761999907724,0 -77.85824000035497,40.80765999938237,0 -77.85772999981872,40.80818999893958,0 -77.85754999989366,40.80840999876979,0 -77.8572999996484,40.80866999892684,0 -77.85720000008929,40.80877999881734,0 -77.85672999973602,40.80925999929627,0 -77.85656999990245,40.80941999913767,0 -77.85614999977788,40.80985999875183,0 -77.85590999957837,40.81009999891871,0 -77.85589000038519,40.81011999934672,0 -77.85554999972825,40.81047999922072,0 -77.85546000021488,40.81057999936792,0 -77.85514999969517,40.81089999909818,0 -77.8547999998908,40.81125999881974,0 -77.85468000024021,40.81137999919941,0 -77.85434999962901,40.81173999903624,0 -77.85396999968741,40.81211999878472,0 -77.85388000017404,40.81218999880516,0 -77.85380999985385,40.81222999907506,0 -77.85394999959593,40.81237999936251,0 -77.85449000026942,40.81292999887499,0 -77.85476999975359,40.81321999892072,0 -77.8550800002733,40.81352999913865,0 -77.85514999969517,40.81360999939835,0 -77.85525000015261,40.81370999890751,0 -77.85539999994043,40.81385999924834,0 -77.85603000012729,40.81450999907276,0 -77.85623000014382,40.81472999902471,0 -77.85642000011462,40.81489999876606,0 -77.8564600002976,40.81492999927506,0 -77.85705000030148,40.81548999880808,0 -77.85713999981485,40.815569998744,0 -77.85732999978563,40.81576999918146,0 -77.85745000033455,40.81590999892499,0 -77.85754999989366,40.81605999905078,0 -77.8575599999394,40.81607999904192,0 -77.8576500003511,40.81626999933692,0 -77.85775999995596,40.81653999921365,0 -77.85779000009319,40.81660999932963,0 -77.85786000041338,40.81675999923232,0 -77.85794999992676,40.8168999989262,0 -77.85805000038418,40.81702999915427,0 -77.85824000035497,40.81726999921992,0 -77.85844000037152,40.81747999907496,0 -77.85859000015935,40.81761999928879,0 -77.85872999990143,40.81773999904274,0 -77.85888999973501,40.81784999885306,0 -77.85904999956857,40.81795999916081,0 -77.85927999972235,40.81808999935117,0 -77.85929999981381,40.8180999990415,0 -77.85948999978463,40.81818999890593,0 -77.85958000019632,40.81823999930658,0 -77.86033000003376,40.81851999895028,0 -77.86035000012525,40.81852999925556,0 -77.86069999992962,40.8186999987769,0 -77.86075000015833,40.8187199993318,0 -77.86094000012912,40.81882999887673,0 -77.861530000133,40.81912999918059,0 -77.86231000010767,40.81953999921446,0 -77.86291000015731,40.81984999913283,0 -77.86310000012811,40.81995999884334,0 -77.86323999987019,40.82002999874952,0 -77.86349000011543,40.82016999902013,0 -77.86382999987407,40.82035999915753,0 -77.86449000019815,40.82073999915922,0 -77.86484000000253,40.82094999890595,0 -77.8650500000648,40.82106999875411,0 -77.8661699997981,40.82173999895797,0 -77.86654999973972,40.82195999940568,0 -77.8670700003217,40.82231999893499,0 -77.86710999960636,40.8223399990782,0 -77.86746000030905,40.82261999908955,0 -77.86766000032559,40.82279999934669,0 -77.86774999983896,40.82287999930414,0 -77.86777999997618,40.8229199992467,0 -77.8678300002049,40.82296999880106,0 -77.86789999962677,40.82304999923326,0 -77.86790999967251,40.82305999885565,0 -77.86804000026717,40.82319999884889,0 -77.86815999991776,40.82333999922634,0 -77.86827999956837,40.82347999930834,0 -77.8684700004375,40.82370999894707,0 -77.86854999990511,40.82379999935703,0 -77.86879000010462,40.82406999917431,0 -77.86899000012117,40.82430999891999,0 -77.86919000013769,40.82454999915673,0 -77.86925000041218,40.82460999891025,0 -77.86954999998783,40.8249199989247,0 -77.86970999982138,40.82507999906689,0 -77.86986999965495,40.82521999887465,0 -77.86989999979218,40.82523999882306,0 -77.87008999976297,40.82538999892367,0 -77.87043999956734,40.8256299993306,0 -77.87064999962963,40.82575999876356,0 -77.87088999982915,40.8259099990475,0 -77.871780000307,40.82633999893281,0 -77.87186999982036,40.82636999902628,0 -77.87217000029433,40.82650999882978,0 -77.87301999969091,40.826889998943,0 -77.87318999957022,40.82696999940488,0 -77.87330000007339,40.82701999930471,0 -77.87338999958675,40.82705999878958,0 -77.87376000038093,40.82723999923164,0 -77.87383999984856,40.82726999891796,0 -77.87425999997312,40.82744999879005,0 -77.87543999998088,40.82797999931472,0 -77.87585000005971,40.82815999929877,0 -77.87605000007625,40.82824999910761,0 -77.87621999995557,40.82831999910098,0 -77.87646000015506,40.82842999903845,0 -77.8766099999429,40.82828999920994,0 -77.87665000012588,40.82824999910761,0 -77.87671000040032,40.8281999987757,0 -77.8767799998222,40.82814999908592,0 -77.87686000018816,40.82809999935838,0 -77.87693999965578,40.82806999936779,0 -77.87700999997598,40.82803999936368,0 -77.87710000038766,40.82800999934595,0 -77.87716999980955,40.82798999887343,0 -77.87726000022123,40.82797999931472,0 -77.87744000014628,40.82794999926983,0 -77.87750999956819,40.8279399990253,0 -77.87765000020858,40.82791999921144,0 -77.87770000043727,40.82791999921144,0 -77.87777999990492,40.82789999939153,0 -77.87788000036234,40.82788999913942,0 -77.87808000037889,40.82786999931047,0 -77.87811999966354,40.82785999905389,0 -77.87829999958859,40.82783999921588,0 -77.8783499998173,40.82782999895473,0 -77.87840000004603,40.8278199993718,0 -77.87853999978812,40.82779999884205,0 -77.87857999997108,40.8277899992546,0 -77.8786800004285,40.8277699993955,0 -77.87880000007911,40.82773999925562,0 -77.87892999977545,40.82769999882145,0 -77.87904000027862,40.82765999904291,0 -77.87913999983773,40.82761999924023,0 -77.87923000024942,40.82757999873369,0 -77.87924000029516,40.82756999911307,0 -77.87935999994575,40.82750999931859,0 -77.87942000022021,40.8274699987457,0 -77.87947000044893,40.82743999914983,0 -77.87958000005378,40.82736999890724,0 -77.87966000041972,40.82729999927047,0 -77.87973999988736,40.82722999888004,0 -77.87983000029904,40.82713999904636,0 -77.87989999972092,40.82705999878959,0 -77.87998000008687,40.82693999890313,0 -77.88000000017836,40.82690999906752,0 -77.88005000040707,40.82680999906431,0 -77.88010999978322,40.82667999897074,0 -77.88017000005767,40.82647999879965,0 -77.88018000010341,40.82641999937847,0 -77.88021000024065,40.82629999901364,0 -77.88022000028639,40.82627999938492,0 -77.88024000037787,40.82619999877041,0 -77.88026999961677,40.8261299992581,0 -77.880299999754,40.82603999929107,0 -77.880299999754,40.82602999875848,0 -77.88037000007421,40.82591999891839,0 -77.8804400003944,40.82580999889591,0 -77.88056000004499,40.82565999906548,0 -77.88061000027372,40.82560999882003,0 -77.88065999960412,40.82554999929146,0 -77.88075000001582,40.82546999915582,0 -77.88083000038175,40.82540999882081,0 -77.88085999962065,40.82538999892367,0 -77.88095000003234,40.82532999919604,0 -77.88118000018612,40.82516999897725,0 -77.88140000029414,40.82501999905882,0 -77.88151999994476,40.82495999899646,0 -77.88158000021919,40.8249199989247,0 -77.88163999959534,40.82487999882887,0 -77.88177000018999,40.82481999931954,0 -77.88178000023575,40.82481999931956,0 -77.88189999988633,40.82475999907624,0 -77.88199000029803,40.82472999893423,0 -77.88204999967417,40.82469999877864,0 -77.88221000040606,40.82464999916898,0 -77.88238000028537,40.82459999884184,0 -77.88241999957003,40.82458999877186,0 -77.88270999999824,40.82451999891972,0 -77.88283999969458,40.82448999934893,0 -77.88305999980261,40.82442999880706,0 -77.88333000013937,40.82435999878603,0 -77.88351000006442,40.82430999891999,0 -77.88372000012669,40.82423999877237,0 -77.88393000018898,40.82413999882169,0 -77.88420999967313,40.82395999880239,0 -77.88422999976464,40.82393999914773,0 -77.88438999959821,40.82383999874471,0 -77.88457000042158,40.82371999914969,0 -77.88437000040503,40.82347999930834,0 -77.88430000008483,40.82342999877883,0 -77.88407999997679,40.82330999912179,0 -77.88406999993106,40.82330999912179,0 -77.88405999988532,40.82330999912179,0 -77.88404999983959,40.82330999912179,0 -77.88403999979381,40.82330999912179,0 -77.88402999974808,40.82329999885731,0 -77.88401999970235,40.82329999885731,0 -77.88400999965661,40.82329999885731,0 -77.88400999965661,40.82328999927115,0 -77.88399999961085,40.82328999927116,0 -77.88398999956512,40.82328999927115,0 -77.88398000041768,40.82327999900368,0 -77.88397000037195,40.82326999873467,0 -77.88396000032621,40.82325999914394,0 -77.88395000028046,40.82324999887197,0 -77.88395000028046,40.82323999927823,0 -77.88394000023472,40.82322999900319,0 -77.88394000023472,40.82321999940645,0 -77.88394000023472,40.82320999912844,0 -77.88394000023472,40.82319999884889,0 -77.88394000023472,40.82318999924761,0 -77.88386630334713,40.82318883613958,0</coordinates>
        </LineString>
      </MultiGeometry>
    </Placemark>
    <Placemark id="ID_00006">
      <name>N</name>
      <snippet></snippet>
      <description><![CDATA[<html xmlns:fo="http://www.w3.org/1999/XSL/Format" xmlns:msxsl="urn:schemas-microsoft-com:xslt">
<head>
<META http-equiv="Content-Type" content="text/html">
<meta http-equiv="content-type" content="text/html; charset=UTF-8">
</head>
<body style="margin:0px 0px 0px 0px;overflow:auto;background:#FFFFFF;">
<table style="font-family:Arial,Verdana,Times;font-size:12px;text-align:left;width:100%;border-collapse:collapse;padding:3px 3px 3px 3px">
<tr style="text-align:center;font-weight:bold;background:#9CBCE2">
<td>N</td>
</tr>
<tr>
<td>
<table style="font-family:Arial,Verdana,Times;font-size:12px;text-align:left;width:100%;border-spacing:0px; padding:3px 3px 3px 3px">
<tr>
<td>shape_id</td>
<td>40</td>
</tr>
<tr bgcolor="#D4E4F3">
<td>route_id</td>
<td>22</td>
</tr>
<tr>
<td>agency_id</td>
<td>CATA</td>
</tr>
<tr bgcolor="#D4E4F3">
<td>route_short_name</td>
<td>N</td>
</tr>
<tr>
<td>route_long_name</td>
<td>N - Martin St/Aaron Dr</td>
</tr>
<tr bgcolor="#D4E4F3">
<td>route_desc</td>
<td>&lt;Null&gt;</td>
</tr>
<tr>
<td>route_type</td>
<td>3</td>
</tr>
<tr bgcolor="#D4E4F3">
<td>route_url</td>
<td>&lt;Null&gt;</td>
</tr>
<tr>
<td>route_sort_order</td>
<td>&lt;Null&gt;</td>
</tr>
<tr bgcolor="#D4E4F3">
<td>continuous_pickup</td>
<td>&lt;Null&gt;</td>
</tr>
<tr>
<td>continuous_drop_off</td>
<td>&lt;Null&gt;</td>
</tr>
<tr bgcolor="#D4E4F3">
<td>route_type_text</td>
<td>Bus</td>
</tr>
<tr>
<td>ColorCode</td>
<td>00B0F0</td>
</tr>
<tr bgcolor="#D4E4F3">
<td>Shape__Length</td>
<td>12379.359065</td>
</tr>
<tr>
<td>GlobalID</td>
<td>{BD8B6A96-BBF2-4FFC-B9CD-F5CF7DF93D1A}</td>
</tr>
</table>
</td>
</tr>
</table>
</body><script type="text/javascript">
				function changeImage(attElement, nameElement) {
				document.getElementById('imageAttachment').src = attElement;
				document.getElementById('imageName').innerHTML = nameElement;}
			</script></html>
]]></description>
      <styleUrl>#LineStyle00</styleUrl>
      <MultiGeometry>
        <LineString>
          <extrude>0</extrude>
          <tessellate>1</tessellate><altitudeMode>clampToGround</altitudeMode>
          <coordinates> -77.90551000008729,40.81153999936802,0 -77.90560999964642,40.81141999927772,0 -77.90572000014957,40.8113199990367,0 -77.90590000007462,40.81117999912596,0 -77.90601999972523,40.81106999913454,0 -77.90612000018267,40.81098999921168,0 -77.90621999974178,40.81090999919236,0 -77.90630000010772,40.81084999928457,0 -77.90637999957535,40.81078999932247,0 -77.9063899996211,40.81078999932247,0 -77.90649000007851,40.81072999930615,0 -77.90657000044446,40.81068999881187,0 -77.90664999991209,40.81064999897335,0 -77.90675000036951,40.81060999911077,0 -77.90678999965417,40.81059999897133,0 -77.90685999997437,40.81057999936792,0 -77.90687000002012,40.81056999922403,0 -77.90703999989942,40.81051999916172,0 -77.90712000026537,40.81048999937823,0 -77.90721999982448,40.81045999890127,0 -77.90728000009895,40.81043999925564,0 -77.90735999956657,40.81040999875606,0 -77.90741999984103,40.81037999892285,0 -77.90748000011547,40.81034999907601,0 -77.90754000038994,40.81030999903259,0 -77.90755000043568,40.81029999884794,0 -77.90762999990331,40.8102499992621,0 -77.90768000013202,40.8102099991584,0 -77.90775999959965,40.81012999887852,0 -77.90778999973688,40.81007999916459,0 -77.90782999991985,40.81002999873306,0 -77.90786000005707,40.80996999938938,0 -77.9078700001028,40.80993999935718,0 -77.90788000014857,40.80989999906659,0 -77.90789000019431,40.80986999900272,0 -77.90793000037728,40.80968999901499,0 -77.90793000037728,40.8096799987369,0 -77.9079599996162,40.80945999903773,0 -77.9075100002527,40.80940999881889,0 -77.90747000006974,40.80940999881888,0 -77.90728000009895,40.80937999921348,0 -77.90710000017387,40.80935999924235,0 -77.90676999956268,40.809319999282,0 -77.90622999978751,40.80925999929627,0 -77.9060799999997,40.80923999928903,0 -77.90573000019531,40.80920999892679,0 -77.9055800004075,40.80922999894313,0 -77.90547999995007,40.80920999892679,0 -77.90459000037055,40.80910999875469,0 -77.90435000017102,40.80908999938213,0 -77.90408999988001,40.8090699993236,0 -77.90376000016714,40.80901999881093,0 -77.90363999961824,40.80900999911182,0 -77.90363999961824,40.80927999929757,0 -77.90362000042505,40.80938999885685,0 -77.90361000037932,40.8094499994049,0 -77.90359000028782,40.80953999876547,0 -77.90355000010486,40.8096799987369,0 -77.90329999985961,40.80964999925357,0 -77.90305999966009,40.80961999907674,0 -77.90283999955207,40.8095899988863,0 -77.90223000035502,40.80950999921883,0 -77.90177000004748,40.8094499994049,0 -77.90167999963579,40.80943999909071,0 -77.90152999984795,40.80942999877495,0 -77.90131999978567,40.80939999917857,0 -77.90127999960269,40.80939999917859,0 -77.90126999955696,40.80939999917857,0 -77.90100000011854,40.80935999924235,0 -77.90089999966112,40.80941999913766,0 -77.90076999996478,40.80949999891362,0 -77.90054999985674,40.80963999896951,0 -77.90048999958228,40.80949999891362,0 -77.90041000011466,40.80924999895345,0 -77.90040000006893,40.80918999890443,0 -77.90037999997742,40.80908999938214,0 -77.90036999993168,40.80900999911182,0 -77.90036999993168,40.80893999913616,0 -77.90036999993168,40.80889999892266,0 -77.90041000011466,40.8086299992305,0 -77.900539999811,40.80853999931559,0 -77.9012500003638,40.8086299992305,0 -77.901709999773,40.80867999935708,0 -77.90190999978955,40.80865999917498,0 -77.90197000006403,40.80864999874173,0 -77.902010000247,40.8086299992305,0 -77.90205000042995,40.80861999879266,0 -77.90209999976037,40.8085899988301,0 -77.90223000035502,40.80846999884413,0 -77.90238000014284,40.8082699988386,0 -77.90251999988492,40.8081399991237,0 -77.90256000006789,40.80809999910787,0 -77.90290999987228,40.80784999931268,0 -77.90307999975157,40.80772999934842,0 -77.90336000013406,40.80757999874796,0 -77.90342999955594,40.80754999899514,0 -77.90363999961824,40.80744999904121,0 -77.90378000025862,40.80737999877979,0 -77.90407999983428,40.80725999932551,0 -77.90441999959292,40.8071299989919,0 -77.9047700002956,40.80701999908604,0 -77.90485999980896,40.80698999908005,0 -77.9050099995968,40.80694999905101,0 -77.90538000039095,40.80685999889742,0 -77.90535000025373,40.80678999937356,0 -77.90527999993353,40.80661999925114,0 -77.90517000032867,40.80634999912157,0 -77.90502999968827,40.80599999875412,0 -77.90496000026639,40.80581999914802,0 -77.90487999990046,40.80565999878607,0 -77.90483999971748,40.8055599993839,0 -77.90464999974668,40.80508999895141,0 -77.9045600002333,40.80490999891703,0 -77.9044899999131,40.80479999873126,0 -77.90445999977588,40.80475999874212,0 -77.90438000030825,40.8046499989877,0 -77.90423999966787,40.80449999890507,0 -77.9042299996221,40.80448999920483,0 -77.90408999988001,40.8043799990029,0 -77.90399000032092,40.80430999890308,0 -77.90388999986348,40.80424999914734,0 -77.90354000005911,40.80405999910958,0 -77.90276000008444,40.80363999877805,0 -77.90245999961047,40.80346999874637,0 -77.90226999963967,40.80333999914828,0 -77.90205000042995,40.80314999922533,0 -77.90144000033459,40.80252999895032,0 -77.90140000015161,40.80248999895304,0 -77.9012999996942,40.80237999883625,0 -77.90103000025577,40.80208999901448,0 -77.90088999961536,40.80193999926601,0 -77.90062000017694,40.80164999888175,0 -77.90060000008546,40.80162999930096,0 -77.90028000041832,40.80128999938552,0 -77.9002100000981,40.8012199987467,0 -77.89986000029376,40.80135999927049,0 -77.89956999986552,40.80152999926663,0 -77.89952999968254,40.80155999902077,0 -77.89908000031907,40.8018799987277,0 -77.89870000037747,40.80214999936293,0 -77.89859999992005,40.80222999906318,0 -77.89808000023638,40.80260999887256,0 -77.89771000034051,40.80287999925815,0 -77.89738999977504,40.80311999882989,0 -77.89729000021595,40.80318999882487,0 -77.89692000032009,40.80345999889092,0 -77.89657999966316,40.80371999940233,0 -77.89638999969235,40.80385999873278,0 -77.8961899996758,40.80400999890186,0 -77.8960900001167,40.80409999884063,0 -77.89603999988799,40.80413999922757,0 -77.89587000000867,40.80428999876384,0 -77.89585999996294,40.80429999917421,0 -77.8957300002666,40.8044399993211,0 -77.89572000022083,40.80444999902888,0 -77.89539999965538,40.80483999937623,0 -77.89522999977606,40.80501999892055,0 -77.89521999973033,40.80501999892054,0 -77.89513000021697,40.80509999924124,0 -77.89485999988021,40.80526999917757,0 -77.89448999998437,40.80547999893772,0 -77.89374000014691,40.80589999918433,0 -77.89360999955225,40.80594999932805,0 -77.8933800002968,40.80583999882614,0 -77.89294000008074,40.80563999905366,0 -77.89278000024719,40.80554999916338,0 -77.89253000000193,40.80538999883046,0 -77.89226999971093,40.80520999892977,0 -77.89218000019756,40.80514999930772,0 -77.89209999983161,40.80508999895141,0 -77.8914799996905,40.80465999934378,0 -77.89118000011486,40.8044399993211,0 -77.89074999994453,40.80414999898051,0 -77.89026000039809,40.80382999933821,0 -77.88930999964579,40.80330999883872,0 -77.88900000002438,40.80313999932171,0 -77.88890999961271,40.80309999901208,0 -77.88875999982487,40.80300999907725,0 -77.88869000040299,40.80297999929849,0 -77.8885499997626,40.80289999914225,0 -77.88847000029496,40.80285999936797,0 -77.88819999995823,40.80269999934976,0 -77.88810000039911,40.80262999883804,0 -77.88754999967988,40.80221999902092,0 -77.88737999980056,40.8020999990763,0 -77.88714999964679,40.80191999909263,0 -77.88693999958451,40.80173999930079,0 -77.88666000010035,40.80187999872771,0 -77.88648000017528,40.80196999883483,0 -77.88647000012955,40.80197999891477,0 -77.88646000008382,40.80198999899314,0 -77.88646000008382,40.80199999907007,0 -77.88646000008382,40.80200999914548,0 -77.88650000026679,40.80206999888627,0 -77.88656999968867,40.80215999873572,0 -77.88611000027944,40.80233999874859,0 -77.88600999982201,40.80237999883625,0 -77.88596999963906,40.80239999887107,0 -77.88594000040013,40.80244999893169,0 -77.88592000030864,40.80254999893993,0 -77.88592000030864,40.80256999892346,0 -77.88591000026291,40.80259999888757,0 -77.88588000012567,40.8029599987585,0 -77.88584999998845,40.80304999876113,0 -77.88566000001764,40.80325999874599,0 -77.88507000001377,40.8029599987585,0 -77.88493000027168,40.80288999920094,0 -77.88489000008872,40.80286999931381,0 -77.88477000043812,40.8029999991525,0 -77.88457000042158,40.80321999918866,0 -77.88425999990186,40.80355999873743,0 -77.88418999958166,40.8036299989483,0 -77.88359999957777,40.80330999883873,0 -77.88341999965272,40.80321999918866,0 -77.88337000032233,40.80319999940095,0 -77.8831500002143,40.80307999918818,0 -77.88301999961965,40.80300999907724,0 -77.88300999957389,40.80300999907725,0 -77.88285999978608,40.80292999895718,0 -77.882720000044,40.80285999936797,0 -77.88261000043914,40.80278999902499,0 -77.88221999955347,40.80258999890103,0 -77.88210999994861,40.80251999895325,0 -77.88203999962842,40.80248999895304,0 -77.88173000000702,40.8023199993757,0 -77.88142000038563,40.80216999878704,0 -77.88125999965374,40.80207999895114,0 -77.88112999995739,40.80200999914547,0 -77.88100000026105,40.80192999918005,0 -77.88092999994088,40.80189999891316,0 -77.88066999964987,40.80174999873534,0 -77.88013999992043,40.80146999903769,0 -77.87994999994964,40.8013699987623,0 -77.87988999967517,40.80132999874593,0 -77.87947999959636,40.80111999877464,0 -77.87928999962556,40.80101999933193,0 -77.87924000029516,40.80098999933377,0 -77.87916999997496,40.80098999933377,0 -77.87914999988348,40.80098999933377,0 -77.879129999792,40.80098999933376,0 -77.8791099997005,40.80097999910469,0 -77.87902000018714,40.80091999905861,0 -77.87888999959249,40.80085999895822,0 -77.87833999977157,40.80055999900306,0 -77.87775999981343,40.80023999905237,0 -77.87733999968887,40.80001999933892,0 -77.87717999985529,40.79992999930777,0 -77.87697999983874,40.79981999902846,0 -77.87672000044606,40.79967999933665,0 -77.87655999971419,40.79957999908456,0 -77.87637999978912,40.79946999890525,0 -77.87618999981832,40.79932999915528,0 -77.87598999980179,40.79918999911001,0 -77.87567000013466,40.79892999921407,0 -77.87554000043832,40.79882999919217,0 -77.8754700001181,40.79876999924272,0 -77.87518999973564,40.79854999873743,0 -77.87476999961106,40.79820999936613,0 -77.87456999959451,40.79805999900988,0 -77.87419999969866,40.79774999928502,0 -77.87408000004807,40.79766999894554,0 -77.8739200002145,40.79756999906568,0 -77.87386999998579,40.79753999886833,0 -77.87380999971133,40.79750999933741,0 -77.87369000006073,40.79743999879256,0 -77.87349000004419,40.79733999924622,0 -77.87309000001109,40.7971499991492,0 -77.87288999999456,40.79704999916603,0 -77.87263999974931,40.79692999939542,0 -77.87240000044811,40.79680999872784,0 -77.87227999989921,40.79672999929569,0 -77.87159000033618,40.79632999932877,0 -77.87124999967925,40.79613999906124,0 -77.87047999975032,40.79568999926506,0 -77.87022000035765,40.79553999933525,0 -77.87010999985448,40.79546999875329,0 -77.87005999962577,40.79543999896708,0 -77.86989999979218,40.79533999912832,0 -77.86977000009584,40.79522999940373,0 -77.86963000035377,40.79512999924867,0 -77.8695199998506,40.79503999938834,0 -77.86941000024572,40.79494999940601,0 -77.8693299998798,40.79486999909262,0 -77.86924000036643,40.79477999887983,0 -77.86908999968028,40.79461999910708,0 -77.86900000016691,40.79450999886964,0 -77.86866000040828,40.79410999912829,0 -77.86843000025452,40.79382999916754,0 -77.86838000002579,40.79377999873452,0 -77.86809999964332,40.7934999987423,0 -77.86804000026717,40.79343999873602,0 -77.86794999985548,40.79335999932345,0 -77.86793999980975,40.79334999930509,0 -77.8678300002049,40.79326999910398,0 -77.86763000018834,40.79312999920015,0 -77.86740000003456,40.79297999892704,0 -77.86704000018447,40.79275999895628,0 -77.86690000044239,40.79268999884363,0 -77.86683000012218,40.79264999903754,0 -77.86654999973972,40.79248999889234,0 -77.86611999956939,40.79224999897163,0 -77.86571000038887,40.79201999908377,0 -77.86566000016018,40.79194999887104,0 -77.86552999956552,40.79187999926458,0 -77.86548000023512,40.79184999921635,0 -77.86528000021858,40.79186999902333,0 -77.86524000003561,40.79187999926458,0 -77.86520999989837,40.79187999926458,0 -77.86512000038499,40.79188999882427,0 -77.86506000011056,40.79189999906252,0 -77.86497999974461,40.79189999906252,0 -77.86490000027698,40.79195999910024,0 -77.86445000001518,40.79230999937321,0 -77.86440999983222,40.7923399992136,0 -77.86411000025656,40.79255999921585,0 -77.86391000024001,40.79270999907762,0 -77.86340999974949,40.79308999897911,0 -77.86300999971643,40.79337999935562,0 -77.86277000041521,40.79355999937438,0 -77.86232000015343,40.79388999882137,0 -77.86166999987509,40.79436999886023,0 -77.8615999995549,40.7944199988489,0 -77.86152000008725,40.79447999932971,0 -77.86076000020407,40.79505999891445,0 -77.86043999963863,40.79529999887857,0 -77.86037000021672,40.79534999884691,0 -77.86014000006296,40.79552999896518,0 -77.859839999589,40.79575999893498,0 -77.85982000039581,40.79576999927041,0 -77.85952999996759,40.79598999878803,0 -77.85921000030045,40.79622999879044,0 -77.85918000016322,40.79625999889974,0 -77.85897000010094,40.79640999924295,0 -77.85866999962697,40.79663999888421,0 -77.85830999977686,40.79690999907255,0 -77.8580799996231,40.79707999890478,0 -77.85800000015547,40.79714999914918,0 -77.85774999991021,40.79733999924622,0 -77.8576500003511,40.79740999921652,0 -77.85691999970682,40.79796999904148,0 -77.8571499998606,40.79810999893962,0 -77.85786000041338,40.79850999906179,0 -77.85791999978952,40.79855999933261,0 -77.85832999986835,40.7987899990052,0 -77.85873999994718,40.79903999892817,0 -77.85889999978075,40.79913999931372,0 -77.85921000030045,40.79930999887546,0 -77.8594399995559,40.79942999910395,0 -77.85968999980116,40.79956999932308,0 -77.85974000002987,40.79957999908456,0 -77.8597700001671,40.79958999884455,0 -77.85981000035008,40.79960999903997,0 -77.85982000039581,40.79961999879544,0 -77.85985999968048,40.79962999922942,0 -77.86005999969701,40.79975999929382,0 -77.86017000020018,40.79982999875228,0 -77.86031999998801,40.79991999891897,0 -77.86027999980504,40.79995999910503,0 -77.8599600001379,40.80028999938008,0 -77.85951999992184,40.80073999927488,0 -77.85900000023817,40.80125999882932,0 -77.85853999993063,40.80170999894798,0 -77.85847999965618,40.80176999895994,0 -77.85809999971457,40.80213999930864,0 -77.85797000001824,40.8022599991809,0 -77.85791999978952,40.8023199993757,0 -77.85787999960655,40.80237999883625,0 -77.85786000041338,40.80244999893169,0 -77.85785000036763,40.80250999895473,0 -77.8580100002012,40.80252999895033,0 -77.85813999989755,40.80254999893993,0 -77.85827999963962,40.802579998913,0 -77.85841000023429,40.80261999885603,0 -77.85847999965618,40.80263999881853,0 -77.85856000002212,40.80266999875092,0 -77.85872999990143,40.80273999922051,0 -77.85889999978075,40.8028199988896,0 -77.85893999996371,40.80283999879183,0 -77.85916000007174,40.80296999936927,0 -77.8594599996474,40.80313999932171,0 -77.85971999993839,40.80327999919557,0 -77.85983000044156,40.80334999902179,0 -77.86016000015445,40.80352999920726,0 -77.86029999989653,40.80360999928411,0 -77.86052000000457,40.80372999921859,0 -77.86084999971743,40.8039199988411,0 -77.86126999984201,40.80415999873198,0 -77.86135000020795,40.80419999908274,0 -77.86138000034518,40.80421999924908,0 -77.86148999995004,40.80428999876384,0 -77.86203999977094,40.8037099989046,0 -77.86234000024491,40.80338999918077,0 -77.8624099996668,40.80331999939672,0 -77.86249000003275,40.8032399989703,0 -77.86268000000354,40.80303999884241,0 -77.86279999965414,40.80290999908207,0 -77.86311000017385,40.80257999891301,0 -77.86317999959573,40.80250999895473,0 -77.86368000008626,40.80198999899314,0 -77.86375000040644,40.80191999909263,0 -77.86399999975339,40.80164999888175,0 -77.86406000002783,40.8015899987613,0 -77.86411000025656,40.80153999873285,0 -77.86453000038111,40.80110999924515,0 -77.86454999957429,40.80108999882162,0 -77.86472000035192,40.8009199990586,0 -77.86488000018551,40.80074999886011,0 -77.86489000023124,40.80073999927487,0 -77.86494999960738,40.80066999873605,0 -77.86547000018936,40.80012999928678,0 -77.86553999961126,40.80000999896367,0 -77.86556999974849,40.79995999910503,0 -77.8655999998857,40.79986999899257,0 -77.86560999993146,40.79982999875228,0 -77.86564000006868,40.79967999933665,0 -77.86564000006868,40.79961999879544,0 -77.86565000011444,40.79947999936184,0 -77.86566000016018,40.79932999915528,0 -77.86567000020591,40.79924999935987,0 -77.86570000034314,40.79907999896449,0 -77.86573999962781,40.79890999881373,0 -77.86573999962781,40.79888999908738,0 -77.86575999971927,40.79880999876167,0 -77.86579999990225,40.79871999913006,0 -77.86585000013096,40.79863999927958,0 -77.86590000035967,40.79856999924625,0 -77.86598999987304,40.79847999928926,0 -77.86604000010178,40.79841999902345,0 -77.86606000019324,40.79840999908722,0 -77.86611999956939,40.79835999938346,0 -77.8663799998604,40.79817999877802,0 -77.8664300000891,40.79813999887936,0 -77.86651999960247,40.79806999899886,0 -77.86657999987693,40.79802999903398,0 -77.86677999989347,40.79787999895105,0 -77.86672200016716,40.79783599886242,0</coordinates>
        </LineString>
      </MultiGeometry>
    </Placemark>
    <Placemark id="ID_00007">
      <name>N</name>
      <snippet></snippet>
      <description><![CDATA[<html xmlns:fo="http://www.w3.org/1999/XSL/Format" xmlns:msxsl="urn:schemas-microsoft-com:xslt">
<head>
<META http-equiv="Content-Type" content="text/html">
<meta http-equiv="content-type" content="text/html; charset=UTF-8">
</head>
<body style="margin:0px 0px 0px 0px;overflow:auto;background:#FFFFFF;">
<table style="font-family:Arial,Verdana,Times;font-size:12px;text-align:left;width:100%;border-collapse:collapse;padding:3px 3px 3px 3px">
<tr style="text-align:center;font-weight:bold;background:#9CBCE2">
<td>N</td>
</tr>
<tr>
<td>
<table style="font-family:Arial,Verdana,Times;font-size:12px;text-align:left;width:100%;border-spacing:0px; padding:3px 3px 3px 3px">
<tr>
<td>shape_id</td>
<td>42</td>
</tr>
<tr bgcolor="#D4E4F3">
<td>route_id</td>
<td>22</td>
</tr>
<tr>
<td>agency_id</td>
<td>CATA</td>
</tr>
<tr bgcolor="#D4E4F3">
<td>route_short_name</td>
<td>N</td>
</tr>
<tr>
<td>route_long_name</td>
<td>N - Martin St/Aaron Dr</td>
</tr>
<tr bgcolor="#D4E4F3">
<td>route_desc</td>
<td>&lt;Null&gt;</td>
</tr>
<tr>
<td>route_type</td>
<td>3</td>
</tr>
<tr bgcolor="#D4E4F3">
<td>route_url</td>
<td>&lt;Null&gt;</td>
</tr>
<tr>
<td>route_sort_order</td>
<td>&lt;Null&gt;</td>
</tr>
<tr bgcolor="#D4E4F3">
<td>continuous_pickup</td>
<td>&lt;Null&gt;</td>
</tr>
<tr>
<td>continuous_drop_off</td>
<td>&lt;Null&gt;</td>
</tr>
<tr bgcolor="#D4E4F3">
<td>route_type_text</td>
<td>Bus</td>
</tr>
<tr>
<td>ColorCode</td>
<td>00B0F0</td>
</tr>
<tr bgcolor="#D4E4F3">
<td>Shape__Length</td>
<td>7710.236096</td>
</tr>
<tr>
<td>GlobalID</td>
<td>{77F164F3-55E5-48A2-98F9-3CAC2B82BD54}</td>
</tr>
</table>
</td>
</tr>
</table>
</body><script type="text/javascript">
				function changeImage(attElement, nameElement) {
				document.getElementById('imageAttachment').src = attElement;
				document.getElementById('imageName').innerHTML = nameElement;}
			</script></html>
]]></description>
      <styleUrl>#LineStyle00</styleUrl>
      <MultiGeometry>
        <LineString>
          <extrude>0</extrude>
          <tessellate>1</tessellate><altitudeMode>clampToGround</altitudeMode>
          <coordinates> -77.86672200016716,40.79783599886242,0 -77.86677999989347,40.79787999895105,0 -77.86717999992655,40.79756999906568,0 -77.86749000044627,40.79733999924622,0 -77.8677599998847,40.79713999902165,0 -77.86803000022142,40.79694999903221,0 -77.86808999959757,40.79689999890886,0 -77.86814999987203,40.796859998919,0 -77.86820000010074,40.7968199989051,0 -77.86823000023797,40.79678999904887,0 -77.86827000042095,40.79674999899274,0 -77.86831999975135,40.79668999920346,0 -77.86833999984282,40.79666999880826,0 -77.86835999993433,40.79664999908707,0 -77.86839000007154,40.79660999894664,0 -77.86839000007154,40.79659999873773,0 -77.86841000016302,40.79654999903077,0 -77.86844000030027,40.79647999883375,0 -77.86860000013384,40.79650999883008,0 -77.86867999960145,40.79651999905252,0 -77.86873999987591,40.79653999881284,0 -77.86884000033335,40.79654999903076,0 -77.86888999966372,40.79655999924718,0 -77.86895999998394,40.79655999924719,0 -77.8690200002584,40.79655999924719,0 -77.86909999972602,40.79655999924719,0 -77.86916000000049,40.79653999881284,0 -77.86922000027494,40.79652999927346,0 -77.86927999965107,40.79651999905252,0 -77.86933999992554,40.7964999992862,0 -77.86940000019999,40.79647999883375,0 -77.86946999962187,40.79644999882383,0 -77.86952999989633,40.7964199988004,0 -77.86960000021654,40.7963699989579,0 -77.86965000044525,40.79632999932877,0 -77.86981000027882,40.79619999934766,0 -77.86992999992943,40.79611999918041,0 -77.87018000017467,40.79592999899189,0 -77.87041000032845,40.79574999927814,0 -77.87047999975032,40.79568999926506,0 -77.87055000007052,40.79562999919779,0 -77.87143999965006,40.79613999906123,0 -77.87164999971235,40.79625999889974,0 -77.871780000307,40.79633999889827,0 -77.87235000021938,40.79665999928842,0 -77.87246999986999,40.79673999880493,0 -77.87270000002376,40.796859998919,0 -77.87315000028556,40.79707999890478,0 -77.87355000031863,40.79727999931015,0 -77.87366999996924,40.79733999924623,0 -77.87377000042666,40.79738999903825,0 -77.87386999998579,40.79743999879256,0 -77.87391000016875,40.79745999895577,0 -77.87398999963638,40.79750999933741,0 -77.8740900000938,40.79757999912845,0 -77.87427000001885,40.79768999903946,0 -77.87482999988552,40.79814999885627,0 -77.87478999970254,40.798179998778,0 -77.87639999988062,40.79942999910395,0 -77.87800000001295,40.80031999901463,0 -77.88211999999437,40.80254999893993,0 -77.88213000004012,40.80253999894587,0 -77.88221999955347,40.80258999890103,0 -77.88261000043914,40.80278999902499,0 -77.882720000044,40.80285999936797,0 -77.88285999978608,40.80292999895718,0 -77.88300999957389,40.80300999907725,0 -77.88301999961965,40.80300999907724,0 -77.8831500002143,40.80307999918818,0 -77.88337000032233,40.80319999940095,0 -77.88341999965272,40.80321999918866,0 -77.88359999957777,40.80330999883873,0 -77.88418999958166,40.8036299989483,0 -77.88464999988921,40.80386999920788,0 -77.88476000039236,40.80392999930721,0 -77.88498999964784,40.80404999934304,0 -77.88510000015098,40.80400999890187,0 -77.88514000033396,40.80399999912783,0 -77.88516999957288,40.80397999889516,0 -77.88518999966436,40.80395999933651,0 -77.88520999975586,40.80393999909179,0 -77.88523999989306,40.80390999905345,0 -77.88532000025901,40.80380999905437,0 -77.88534000035051,40.80377999895727,0 -77.88550000018408,40.80358999893398,0 -77.88551000022983,40.80356999925775,0 -77.88554000036706,40.80351999936085,0 -77.88555999956021,40.80341999877416,0 -77.88561999983467,40.80331999939672,0 -77.88566000001764,40.80325999874599,0 -77.88584999998845,40.80304999876113,0 -77.88588000012567,40.8029599987585,0 -77.88591000026291,40.80259999888757,0 -77.88592000030864,40.80256999892346,0 -77.88594000040013,40.80244999893169,0 -77.88596999963906,40.80239999887107,0 -77.88597999968479,40.80238999885441,0 -77.88598999973053,40.80239999887107,0 -77.88655999964293,40.80215999873572,0 -77.88646000008382,40.80201999921939,0 -77.88694999963026,40.80175999884837,0 -77.88697999976749,40.80176999895994,0 -77.88718999982977,40.80191999909263,0 -77.88877999991637,40.8029999991525,0 -77.88875999982487,40.80301999900048,0 -77.88890999961271,40.80309999901208,0 -77.88900000002438,40.80313999932171,0 -77.88930999964579,40.80330999883872,0 -77.89026000039809,40.80382999933821,0 -77.89074999994453,40.80414999898051,0 -77.89118000011486,40.8044399993211,0 -77.89124000038932,40.80447999882312,0 -77.8914799996905,40.80465999934378,0 -77.89209999983161,40.80508999895141,0 -77.89226999971093,40.80520999892977,0 -77.89253000000193,40.80538999883046,0 -77.89278000024719,40.80554999916338,0 -77.89294000008074,40.80563999905366,0 -77.8933800002968,40.80583999882614,0 -77.89360999955225,40.80594999932805,0 -77.89374000014691,40.80589999918433,0 -77.89448999998437,40.80547999893772,0 -77.89485999988021,40.80526999917757,0 -77.89513000021697,40.80509999924124,0 -77.89521999973033,40.80501999892054,0 -77.89522999977606,40.80501999892055,0 -77.89539999965538,40.80483999937623,0 -77.89572000022083,40.80444999902888,0 -77.8957300002666,40.8044399993211,0 -77.89585999996294,40.80429999917421,0 -77.89603999988799,40.80413999922757,0 -77.8960900001167,40.80409999884063,0 -77.8961899996758,40.80400999890186,0 -77.89638999969235,40.80385999873278,0 -77.89657999966316,40.80371999940233,0 -77.89692000032009,40.80345999889092,0 -77.89729000021595,40.80318999882487,0 -77.89738999977504,40.80311999882989,0 -77.89771000034051,40.80287999925815,0 -77.89808000023638,40.80260999887256,0 -77.89859999992005,40.80222999906318,0 -77.89870000037747,40.80214999936293,0 -77.89900999999885,40.80192999918005,0 -77.89997999994435,40.80131999924809,0 -77.90020000005237,40.80122999893963,0 -77.90027000037257,40.80130999906871,0 -77.90059000003971,40.80161999916835,0 -77.90140000015161,40.80250999895473,0 -77.90151999980222,40.80262999883804,0 -77.90221000026352,40.80327999919558,0 -77.90417000024597,40.8044399993211,0 -77.90446999982163,40.80475999874212,0 -77.9046099995637,40.80500999929864,0 -77.90512000009996,40.80633999902014,0 -77.9052499997963,40.80662999931041,0 -77.90535000025373,40.80685999889742,0 -77.90441999959292,40.80710999902258,0 -77.90362999957249,40.80745999897538,0 -77.90273999999296,40.80790999921341,0 -77.90232999991413,40.80830999875194,0 -77.90222000030927,40.8085199990913,0 -77.9021099998061,40.80875999934531,0 -77.90368999984695,40.80895999923388,0 -77.90407999983428,40.80900999911182,0 -77.9045800003248,40.80907999901363,0 -77.90554000022452,40.80918999890442,0 -77.90633000024496,40.80928999895599,0 -77.90809000021085,40.80946999934893,0 -77.90794999957045,40.81005999940445,0 -77.90763999994905,40.81040999875607,0 -77.90729000014468,40.81056999922402,0 -77.90688000006585,40.81062999938501,0 -77.90622999978751,40.81096999904589,0 -77.90552000013304,40.81166999922097,0 -77.90559299992799,40.811733998919,0</coordinates>
        </LineString>
      </MultiGeometry>
    </Placemark>
    <Placemark id="ID_00008">
      <name>NE</name>
      <snippet></snippet>
      <description><![CDATA[<html xmlns:fo="http://www.w3.org/1999/XSL/Format" xmlns:msxsl="urn:schemas-microsoft-com:xslt">
<head>
<META http-equiv="Content-Type" content="text/html">
<meta http-equiv="content-type" content="text/html; charset=UTF-8">
</head>
<body style="margin:0px 0px 0px 0px;overflow:auto;background:#FFFFFF;">
<table style="font-family:Arial,Verdana,Times;font-size:12px;text-align:left;width:100%;border-collapse:collapse;padding:3px 3px 3px 3px">
<tr style="text-align:center;font-weight:bold;background:#9CBCE2">
<td>NE</td>
</tr>
<tr>
<td>
<table style="font-family:Arial,Verdana,Times;font-size:12px;text-align:left;width:100%;border-spacing:0px; padding:3px 3px 3px 3px">
<tr>
<td>shape_id</td>
<td>44</td>
</tr>
<tr bgcolor="#D4E4F3">
<td>route_id</td>
<td>42</td>
</tr>
<tr>
<td>agency_id</td>
<td>CATA</td>
</tr>
<tr bgcolor="#D4E4F3">
<td>route_short_name</td>
<td>NE</td>
</tr>
<tr>
<td>route_long_name</td>
<td>NE - Martin St Express</td>
</tr>
<tr bgcolor="#D4E4F3">
<td>route_desc</td>
<td>&lt;Null&gt;</td>
</tr>
<tr>
<td>route_type</td>
<td>3</td>
</tr>
<tr bgcolor="#D4E4F3">
<td>route_url</td>
<td>&lt;Null&gt;</td>
</tr>
<tr>
<td>route_sort_order</td>
<td>&lt;Null&gt;</td>
</tr>
<tr bgcolor="#D4E4F3">
<td>continuous_pickup</td>
<td>&lt;Null&gt;</td>
</tr>
<tr>
<td>continuous_drop_off</td>
<td>&lt;Null&gt;</td>
</tr>
<tr bgcolor="#D4E4F3">
<td>route_type_text</td>
<td>Bus</td>
</tr>
<tr>
<td>ColorCode</td>
<td>74FBFD</td>
</tr>
<tr bgcolor="#D4E4F3">
<td>Shape__Length</td>
<td>7434.86187</td>
</tr>
<tr>
<td>GlobalID</td>
<td>{D18E6AA7-15EA-41D2-A311-10C7054C1582}</td>
</tr>
</table>
</td>
</tr>
</table>
</body><script type="text/javascript">
				function changeImage(attElement, nameElement) {
				document.getElementById('imageAttachment').src = attElement;
				document.getElementById('imageName').innerHTML = nameElement;}
			</script></html>
]]></description>
      <styleUrl>#LineStyle00</styleUrl>
      <MultiGeometry>
        <LineString>
          <extrude>0</extrude>
          <tessellate>1</tessellate><altitudeMode>clampToGround</altitudeMode>
          <coordinates> -77.90342999955594,40.80754999899514,0 -77.90336000013406,40.80757999874796,0 -77.90307999975157,40.80772999934842,0 -77.90290999987228,40.80784999931268,0 -77.90256000006789,40.80809999910787,0 -77.90251999988492,40.8081399991237,0 -77.90238000014284,40.8082699988386,0 -77.90228999973115,40.80839999897874,0 -77.90223000035502,40.80846999884413,0 -77.90209999976037,40.8085899988301,0 -77.90205000042995,40.80861999879266,0 -77.902010000247,40.8086299992305,0 -77.90197000006403,40.80864999874173,0 -77.90190999978955,40.80865999917498,0 -77.901709999773,40.80867999935708,0 -77.9012500003638,40.8086299992305,0 -77.900539999811,40.80853999931559,0 -77.90041000011466,40.8086299992305,0 -77.90036999993168,40.80889999892266,0 -77.90036999993168,40.80893999913616,0 -77.90036999993168,40.80900999911182,0 -77.90037999997742,40.80908999938214,0 -77.90040000006893,40.80918999890443,0 -77.90041000011466,40.80924999895345,0 -77.90048999958228,40.80949999891362,0 -77.90054999985674,40.80963999896951,0 -77.90076999996478,40.80949999891362,0 -77.90089999966112,40.80941999913766,0 -77.90100000011854,40.80935999924235,0 -77.90126999955696,40.80939999917857,0 -77.90127999960269,40.80939999917859,0 -77.90131999978567,40.80939999917857,0 -77.90152999984795,40.80942999877495,0 -77.90167999963579,40.80943999909071,0 -77.90177000004748,40.8094499994049,0 -77.90223000035502,40.80950999921883,0</coordinates>
        </LineString>
        <LineString>
          <extrude>0</extrude>
          <tessellate>1</tessellate><altitudeMode>clampToGround</altitudeMode>
          <coordinates> -77.90441100027039,40.8047829987728,0 -77.90445999977588,40.80475999874212,0 -77.9044899999131,40.80479999873126,0 -77.9045600002333,40.80490999891703,0 -77.90464999974668,40.80508999895141,0 -77.90483999971748,40.8055599993839,0 -77.90487999990046,40.80565999878607,0 -77.90496000026639,40.80581999914802,0 -77.90502999968827,40.80599999875412,0 -77.90517000032867,40.80634999912157,0 -77.90535000025373,40.80678999937356,0 -77.90538000039095,40.80685999889742,0 -77.9050099995968,40.80694999905101,0 -77.90485999980896,40.80698999908005,0 -77.9047700002956,40.80701999908604,0 -77.90441999959292,40.8071299989919,0 -77.90407999983428,40.80725999932551,0 -77.90378000025862,40.80737999877979,0 -77.90363999961824,40.80744999904121,0 -77.90342999955594,40.80754999899514,0 -77.9033769998525,40.80747899932213,0</coordinates>
        </LineString>
        <LineString>
          <extrude>0</extrude>
          <tessellate>1</tessellate><altitudeMode>clampToGround</altitudeMode>
          <coordinates> -77.89215900028117,40.80516799940406,0 -77.89218000019756,40.80514999930772,0 -77.89226999971093,40.80520999892977,0 -77.89253000000193,40.80538999883046,0 -77.89278000024719,40.80554999916338,0 -77.89294000008074,40.80563999905366,0 -77.8933800002968,40.80583999882614,0 -77.89360999955225,40.80594999932805,0 -77.89374000014691,40.80589999918433,0 -77.89448999998437,40.80547999893772,0 -77.89485999988021,40.80526999917757,0 -77.89513000021697,40.80509999924124,0 -77.89521999973033,40.80501999892054,0 -77.89522999977606,40.80501999892055,0 -77.89539999965538,40.80483999937623,0 -77.89572000022083,40.80444999902888,0 -77.8957300002666,40.8044399993211,0 -77.89585999996294,40.80429999917421,0 -77.89587000000867,40.80428999876384,0 -77.8959210000623,40.80431499876693,0</coordinates>
        </LineString>
        <LineString>
          <extrude>0</extrude>
          <tessellate>1</tessellate><altitudeMode>clampToGround</altitudeMode>
          <coordinates> -77.8886920000528,40.80307899892484,0 -77.88875999982487,40.80300999907725,0 -77.88890999961271,40.80309999901208,0 -77.88900000002438,40.80313999932171,0 -77.88930999964579,40.80330999883872,0 -77.89026000039809,40.80382999933821,0 -77.89070999976157,40.80411999903709,0 -77.89065600023321,40.8041729992226,0 -77.89074999994453,40.80414999898051,0 -77.89118000011486,40.8044399993211,0 -77.8914799996905,40.80465999934378,0 -77.89209999983161,40.80508999895141,0 -77.89218000019756,40.80514999930772,0</coordinates>
        </LineString>
        <LineString>
          <extrude>0</extrude>
          <tessellate>1</tessellate><altitudeMode>clampToGround</altitudeMode>
          <coordinates> -77.90134999992291,40.80250999895472,0 -77.90140000015161,40.80248999895304,0 -77.90144000033459,40.80252999895032,0 -77.90177000004748,40.80286999931381,0 -77.90205000042995,40.80314999922533,0 -77.90226999963967,40.80333999914828,0 -77.90245999961047,40.80346999874637,0 -77.90276000008444,40.80363999877805,0 -77.90354000005911,40.80405999910958,0 -77.90388999986348,40.80424999914734,0 -77.90399000032092,40.80430999890308,0 -77.90408999988001,40.8043799990029,0 -77.9042299996221,40.80448999920483,0 -77.90423999966787,40.80449999890507,0 -77.90438000030825,40.8046499989877,0 -77.90445999977588,40.80475999874212,0</coordinates>
        </LineString>
        <LineString>
          <extrude>0</extrude>
          <tessellate>1</tessellate><altitudeMode>clampToGround</altitudeMode>
          <coordinates> -77.88732899974696,40.80213999930864,0 -77.88737999980056,40.8020999990763,0 -77.88754999967988,40.80221999902092,0 -77.88810000039911,40.80262999883804,0 -77.88819999995823,40.80269999934976,0 -77.88847000029496,40.80285999936797,0 -77.8885499997626,40.80289999914225,0 -77.88869000040299,40.80297999929849,0 -77.88875999982487,40.80300999907725,0</coordinates>
        </LineString>
        <LineString>
          <extrude>0</extrude>
          <tessellate>1</tessellate><altitudeMode>clampToGround</altitudeMode>
          <coordinates> -77.90023000018961,40.80131499915863,0 -77.90028000041832,40.80128999938552,0 -77.90060000008546,40.80162999930096,0 -77.90062000017694,40.80164999888175,0 -77.90088999961536,40.80193999926601,0 -77.90103000025577,40.80208999901448,0 -77.9012999996942,40.80237999883625,0 -77.90140000015161,40.80248999895304,0</coordinates>
        </LineString>
        <LineString>
          <extrude>0</extrude>
          <tessellate>1</tessellate><altitudeMode>clampToGround</altitudeMode>
          <coordinates> -77.89587000000867,40.80428999876384,0 -77.89603999988799,40.80413999922757,0 -77.8960900001167,40.80409999884063,0 -77.8961899996758,40.80400999890186,0 -77.89638999969235,40.80385999873278,0 -77.89657999966316,40.80371999940233,0 -77.89692000032009,40.80345999889092,0 -77.89729000021595,40.80318999882487,0 -77.89738999977504,40.80311999882989,0 -77.89771000034051,40.80287999925815,0 -77.89808000023638,40.80260999887256,0 -77.89816300007703,40.80263099910815,0 -77.89811000037358,40.80258999890104,0 -77.89859999992005,40.80222999906318,0 -77.89870000037747,40.80214999936293,0 -77.89908000031907,40.8018799987277,0 -77.89952999968254,40.80155999902077,0 -77.89956999986552,40.80152999926663,0 -77.89986000029376,40.80135999927049,0 -77.9002100000981,40.8012199987467,0 -77.90028000041832,40.80128999938552,0</coordinates>
        </LineString>
        <LineString>
          <extrude>0</extrude>
          <tessellate>1</tessellate><altitudeMode>clampToGround</altitudeMode>
          <coordinates> -77.86672200016716,40.79783599886242,0 -77.86677999989347,40.79787999895105,0 -77.86657999987693,40.79802999903398,0 -77.86651999960247,40.79806999899886,0 -77.8664300000891,40.79813999887936,0 -77.86653999969396,40.7982199993325,0 -77.8668800003509,40.79846999936208,0 -77.86710999960636,40.79864999918117,0 -77.86723000015527,40.79873999890768,0 -77.86728000038399,40.79877999912471,0 -77.8673799999431,40.79885999880651,0 -77.86741000008033,40.79887999922195,0 -77.86777999997618,40.79916999878804,0 -77.86790999967251,40.79926999897775,0 -77.86796999994698,40.79930999887546,0 -77.86809999964332,40.79940999885425,0 -77.86838000002579,40.799599999283,0 -77.86850999972214,40.7996699989102,0 -77.86854999990511,40.79968999908158,0 -77.86875999996739,40.79978999916791,0 -77.86885000037908,40.79982999875228,0 -77.86906999958879,40.79991999891897,0 -77.86912999986326,40.79993999901501,0 -77.86950999980485,40.80004999909546,0 -77.86956000003357,40.80005999878462,0 -77.86963000035377,40.80007999883849,0 -77.86984000041605,40.79984999887543,0 -77.86999000020387,40.79968999908156,0 -77.87015000003746,40.79950999936246,0 -77.8710699997542,40.79842999895817,0 -77.87109999989143,40.79844999882312,0</coordinates>
        </LineString>
        <LineString>
          <extrude>0</extrude>
          <tessellate>1</tessellate><altitudeMode>clampToGround</altitudeMode>
          <coordinates> -77.8710699997542,40.79842999895817,0 -77.87110999993718,40.79837999926948,0 -77.87139000031966,40.79803999902744,0 -77.87147999983304,40.79792999901635,0 -77.87200000041503,40.79728999873653,0 -77.87235000021938,40.79686999908871,0 -77.87240000044811,40.79680999872784,0 -77.87263999974931,40.79692999939542,0 -77.87288999999456,40.79704999916603,0 -77.87309000001109,40.7971499991492,0 -77.87349000004419,40.79733999924622,0 -77.87369000006073,40.79743999879256,0 -77.87380999971133,40.79750999933741,0 -77.87386999998579,40.79753999886833,0 -77.8739200002145,40.79756999906568,0 -77.87408000004807,40.79766999894554,0 -77.87419999969866,40.79774999928502,0 -77.87456999959451,40.79805999900988,0 -77.87476999961106,40.79820999936613,0 -77.87518999973564,40.79854999873743,0 -77.8754700001181,40.79876999924272,0 -77.87554000043832,40.79882999919217,0 -77.87567000013466,40.79892999921407,0 -77.87598999980179,40.79918999911001,0 -77.87618999981832,40.79932999915528,0 -77.87637999978912,40.79946999890525,0 -77.87655999971419,40.79957999908456,0 -77.87672000044606,40.79967999933665,0 -77.87697999983874,40.79981999902846,0 -77.87717999985529,40.79992999930777,0 -77.87733999968887,40.80001999933892,0 -77.87775999981343,40.80023999905237,0 -77.87833999977157,40.80055999900306,0 -77.87888999959249,40.80085999895822,0 -77.87902000018714,40.80091999905861,0 -77.8791099997005,40.80097999910469,0 -77.879129999792,40.80098999933376,0 -77.87914999988348,40.80098999933377,0 -77.87916999997496,40.80098999933377,0 -77.87924000029516,40.80098999933377,0 -77.87928999962556,40.80101999933193,0 -77.87947999959636,40.80111999877464,0 -77.87994999994964,40.8013699987623,0 -77.88013999992043,40.80146999903769,0 -77.88066999964987,40.80174999873534,0 -77.88092999994088,40.80189999891316,0 -77.88100000026105,40.80192999918005,0 -77.88112999995739,40.80200999914547,0 -77.88125999965374,40.80207999895114,0 -77.88142000038563,40.80216999878704,0 -77.88173000000702,40.8023199993757,0 -77.88203999962842,40.80248999895304,0 -77.88210999994861,40.80251999895325,0 -77.88221999955347,40.80258999890103,0 -77.88261000043914,40.80278999902499,0 -77.882720000044,40.80285999936797,0 -77.88285999978608,40.80292999895718,0 -77.88300999957389,40.80300999907725,0 -77.88301999961965,40.80300999907724,0 -77.8831500002143,40.80307999918818,0 -77.88337000032233,40.80319999940095,0 -77.88341999965272,40.80321999918866,0 -77.88359999957777,40.80330999883873,0 -77.88418999958166,40.8036299989483,0 -77.88425999990186,40.80355999873743,0 -77.88457000042158,40.80321999918866,0 -77.88477000043812,40.8029999991525,0 -77.88489000008872,40.80286999931381,0 -77.88501999978504,40.80271999928814,0 -77.88507000001377,40.80266999875093,0 -77.88522999984733,40.80248999895304,0 -77.88528000007604,40.80243999892255,0 -77.88534000035051,40.80237999883625,0 -77.88541999981814,40.8023299994029,0 -77.88544999995536,40.80230999934699,0 -77.88548000009258,40.80228999928511,0 -77.88554000036706,40.8021999989319,0 -77.88559999974319,40.80206999888627,0 -77.8856700000634,40.8018799987277,0 -77.88570000020061,40.80177999907002,0 -77.88572000029211,40.80161999916835,0 -77.88577999966824,40.80128999938552,0 -77.88612000032518,40.80131999924809,0 -77.88626000006725,40.80134999909714,0 -77.88635999962638,40.8013799989326,0 -77.88649000022104,40.80142999908163,0 -77.88660999987162,40.80149999881896,0 -77.88693999958451,40.80173999930079,0 -77.88714999964679,40.80191999909263,0 -77.88737999980056,40.8020999990763,0</coordinates>
        </LineString>
      </MultiGeometry>
    </Placemark>
    <Placemark id="ID_00009">
      <name>NE</name>
      <snippet></snippet>
      <description><![CDATA[<html xmlns:fo="http://www.w3.org/1999/XSL/Format" xmlns:msxsl="urn:schemas-microsoft-com:xslt">
<head>
<META http-equiv="Content-Type" content="text/html">
<meta http-equiv="content-type" content="text/html; charset=UTF-8">
</head>
<body style="margin:0px 0px 0px 0px;overflow:auto;background:#FFFFFF;">
<table style="font-family:Arial,Verdana,Times;font-size:12px;text-align:left;width:100%;border-collapse:collapse;padding:3px 3px 3px 3px">
<tr style="text-align:center;font-weight:bold;background:#9CBCE2">
<td>NE</td>
</tr>
<tr>
<td>
<table style="font-family:Arial,Verdana,Times;font-size:12px;text-align:left;width:100%;border-spacing:0px; padding:3px 3px 3px 3px">
<tr>
<td>shape_id</td>
<td>45</td>
</tr>
<tr bgcolor="#D4E4F3">
<td>route_id</td>
<td>42</td>
</tr>
<tr>
<td>agency_id</td>
<td>CATA</td>
</tr>
<tr bgcolor="#D4E4F3">
<td>route_short_name</td>
<td>NE</td>
</tr>
<tr>
<td>route_long_name</td>
<td>NE - Martin St Express</td>
</tr>
<tr bgcolor="#D4E4F3">
<td>route_desc</td>
<td>&lt;Null&gt;</td>
</tr>
<tr>
<td>route_type</td>
<td>3</td>
</tr>
<tr bgcolor="#D4E4F3">
<td>route_url</td>
<td>&lt;Null&gt;</td>
</tr>
<tr>
<td>route_sort_order</td>
<td>&lt;Null&gt;</td>
</tr>
<tr bgcolor="#D4E4F3">
<td>continuous_pickup</td>
<td>&lt;Null&gt;</td>
</tr>
<tr>
<td>continuous_drop_off</td>
<td>&lt;Null&gt;</td>
</tr>
<tr bgcolor="#D4E4F3">
<td>route_type_text</td>
<td>Bus</td>
</tr>
<tr>
<td>ColorCode</td>
<td>74FBFD</td>
</tr>
<tr bgcolor="#D4E4F3">
<td>Shape__Length</td>
<td>5678.607101</td>
</tr>
<tr>
<td>GlobalID</td>
<td>{FD2ED5A2-30DF-4D88-B7C7-296F0ABCDF71}</td>
</tr>
</table>
</td>
</tr>
</table>
</body><script type="text/javascript">
				function changeImage(attElement, nameElement) {
				document.getElementById('imageAttachment').src = attElement;
				document.getElementById('imageName').innerHTML = nameElement;}
			</script></html>
]]></description>
      <styleUrl>#LineStyle00</styleUrl>
      <MultiGeometry>
        <LineString>
          <extrude>0</extrude>
          <tessellate>1</tessellate><altitudeMode>clampToGround</altitudeMode>
          <coordinates> -77.8886920000528,40.80307899892484,0 -77.88875999982487,40.80300999907725,0 -77.88890999961271,40.80309999901208,0 -77.88900000002438,40.80313999932171,0 -77.88930999964579,40.80330999883872,0 -77.89026000039809,40.80382999933821,0 -77.89070999976157,40.80411999903709,0 -77.89065600023321,40.8041729992226,0 -77.89074999994453,40.80414999898051,0 -77.89118000011486,40.8044399993211,0 -77.8914799996905,40.80465999934378,0 -77.89209999983161,40.80508999895141,0 -77.89218000019756,40.80514999930772,0 -77.89226999971093,40.80520999892977,0 -77.89253000000193,40.80538999883046,0 -77.89278000024719,40.80554999916338,0 -77.89294000008074,40.80563999905366,0 -77.8933800002968,40.80583999882614,0 -77.89360999955225,40.80594999932805,0 -77.89394000016347,40.80602999920765,0 -77.89422999969338,40.806089999394,0 -77.8947100000924,40.80619999880156,0 -77.89484999983448,40.80622999916468,0 -77.89492000015468,40.80625999883426,0 -77.89500999966805,40.80628999917026,0 -77.89506999994251,40.80631999881274,0 -77.89513000021697,40.80636999931993,0 -77.89518000044568,40.80640999901865,0 -77.89529000005052,40.80652999933002,0 -77.89536000037073,40.80663999936813,0 -77.8953799995639,40.80666999885237,0 -77.8953799995639,40.80668999895435,0 -77.89539999965538,40.80673999918278,0 -77.89544999988409,40.80687999894212,0 -77.89545999992984,40.80688999896216,0 -77.89545999992984,40.8069599990605,0 -77.89545999992984,40.80705999907288,0 -77.89545999992984,40.80714999895519,0 -77.89544999988409,40.80723999939538,0 -77.89539999965538,40.80745999897538,0 -77.89538999960965,40.8074799988392,0 -77.89535000032498,40.8076499987984,0 -77.89530000009628,40.80782999888041,0 -77.89526999995904,40.80794999934376,0 -77.89579999968846,40.80799999930283,0 -77.89613000029966,40.80803999937892,0 -77.89643999992106,40.80807999875096,0 -77.89682999990839,40.80812999929201,0 -77.8972600000787,40.80817999911539,0 -77.89737999972931,40.80819999876223,0 -77.89795999968746,40.8082699988386,0 -77.89808000023638,40.80827999932914,0 -77.89817999979549,40.80832999903954,0 -77.8982099999327,40.8083399988411,0 -77.89854999969134,40.80839999897874,0 -77.89897999986165,40.80845999906214,0 -77.89916999983244,40.80847999930452,0 -77.89934999975749,40.80850999931688,0 -77.89953999972829,40.80852999886426,0 -77.89983000015653,40.80856999930081,0 -77.90041000011466,40.8086299992305,0 -77.90036999993168,40.80889999892266,0 -77.90036999993168,40.80893999913616,0 -77.90036999993168,40.80900999911182,0 -77.90037999997742,40.80908999938214,0 -77.90040000006893,40.80918999890443,0 -77.90041000011466,40.80924999895345,0 -77.90048999958228,40.80949999891362,0 -77.90054999985674,40.80963999896951,0 -77.90076999996478,40.80949999891362,0 -77.90089999966112,40.80941999913766,0 -77.90100000011854,40.80935999924235,0 -77.90115999995211,40.80937999921348,0 -77.90115552005379,40.80938040784786,0 -77.90127999960269,40.80939999917859,0 -77.90131999978567,40.80939999917857,0 -77.90167999963579,40.80943999909071,0 -77.90177000004748,40.8094499994049,0 -77.90223000035502,40.80950999921883,0</coordinates>
        </LineString>
        <LineString>
          <extrude>0</extrude>
          <tessellate>1</tessellate><altitudeMode>clampToGround</altitudeMode>
          <coordinates> -77.88732899974696,40.80213999930864,0 -77.88737999980056,40.8020999990763,0 -77.88754999967988,40.80221999902092,0 -77.88810000039911,40.80262999883804,0 -77.88819999995823,40.80269999934976,0 -77.88847000029496,40.80285999936797,0 -77.8885499997626,40.80289999914225,0 -77.88869000040299,40.80297999929849,0 -77.88875999982487,40.80300999907725,0</coordinates>
        </LineString>
        <LineString>
          <extrude>0</extrude>
          <tessellate>1</tessellate><altitudeMode>clampToGround</altitudeMode>
          <coordinates> -77.86672200016716,40.79783599886242,0 -77.86677999989347,40.79787999895105,0 -77.86657999987693,40.79802999903398,0 -77.86651999960247,40.79806999899886,0 -77.8664300000891,40.79813999887936,0 -77.86653999969396,40.7982199993325,0 -77.8668800003509,40.79846999936208,0 -77.86710999960636,40.79864999918117,0 -77.86723000015527,40.79873999890768,0 -77.86728000038399,40.79877999912471,0 -77.8673799999431,40.79885999880651,0 -77.86741000008033,40.79887999922195,0 -77.86777999997618,40.79916999878804,0 -77.86790999967251,40.79926999897775,0 -77.86796999994698,40.79930999887546,0 -77.86809999964332,40.79940999885425,0 -77.86838000002579,40.799599999283,0 -77.86850999972214,40.7996699989102,0 -77.86854999990511,40.79968999908158,0 -77.86875999996739,40.79978999916791,0 -77.86885000037908,40.79982999875228,0 -77.86906999958879,40.79991999891897,0 -77.86912999986326,40.79993999901501,0 -77.86950999980485,40.80004999909546,0 -77.86956000003357,40.80005999878462,0 -77.86963000035377,40.80007999883849,0 -77.86984000041605,40.79984999887543,0 -77.86999000020387,40.79968999908156,0 -77.87015000003746,40.79950999936246,0 -77.8710699997542,40.79842999895817,0 -77.87109999989143,40.79844999882312,0</coordinates>
        </LineString>
        <LineString>
          <extrude>0</extrude>
          <tessellate>1</tessellate><altitudeMode>clampToGround</altitudeMode>
          <coordinates> -77.8710699997542,40.79842999895817,0 -77.87110999993718,40.79837999926948,0 -77.87139000031966,40.79803999902744,0 -77.87147999983304,40.79792999901635,0 -77.87200000041503,40.79728999873653,0 -77.87235000021938,40.79686999908871,0 -77.87240000044811,40.79680999872784,0 -77.87263999974931,40.79692999939542,0 -77.87288999999456,40.79704999916603,0 -77.87309000001109,40.7971499991492,0 -77.87349000004419,40.79733999924622,0 -77.87369000006073,40.79743999879256,0 -77.87380999971133,40.79750999933741,0 -77.87386999998579,40.79753999886833,0 -77.8739200002145,40.79756999906568,0 -77.87408000004807,40.79766999894554,0 -77.87419999969866,40.79774999928502,0 -77.87456999959451,40.79805999900988,0 -77.87476999961106,40.79820999936613,0 -77.87518999973564,40.79854999873743,0 -77.8754700001181,40.79876999924272,0 -77.87554000043832,40.79882999919217,0 -77.87567000013466,40.79892999921407,0 -77.87598999980179,40.79918999911001,0 -77.87618999981832,40.79932999915528,0 -77.87637999978912,40.79946999890525,0 -77.87655999971419,40.79957999908456,0 -77.87672000044606,40.79967999933665,0 -77.87697999983874,40.79981999902846,0 -77.87717999985529,40.79992999930777,0 -77.87733999968887,40.80001999933892,0 -77.87775999981343,40.80023999905237,0 -77.87833999977157,40.80055999900306,0 -77.87888999959249,40.80085999895822,0 -77.87902000018714,40.80091999905861,0 -77.8791099997005,40.80097999910469,0 -77.879129999792,40.80098999933376,0 -77.87914999988348,40.80098999933377,0 -77.87916999997496,40.80098999933377,0 -77.87924000029516,40.80098999933377,0 -77.87928999962556,40.80101999933193,0 -77.87947999959636,40.80111999877464,0 -77.87994999994964,40.8013699987623,0 -77.88013999992043,40.80146999903769,0 -77.88066999964987,40.80174999873534,0 -77.88092999994088,40.80189999891316,0 -77.88100000026105,40.80192999918005,0 -77.88112999995739,40.80200999914547,0 -77.88125999965374,40.80207999895114,0 -77.88142000038563,40.80216999878704,0 -77.88173000000702,40.8023199993757,0 -77.88203999962842,40.80248999895304,0 -77.88210999994861,40.80251999895325,0 -77.88221999955347,40.80258999890103,0 -77.88261000043914,40.80278999902499,0 -77.882720000044,40.80285999936797,0 -77.88285999978608,40.80292999895718,0 -77.88300999957389,40.80300999907725,0 -77.88301999961965,40.80300999907724,0 -77.8831500002143,40.80307999918818,0 -77.88337000032233,40.80319999940095,0 -77.88341999965272,40.80321999918866,0 -77.88359999957777,40.80330999883873,0 -77.88418999958166,40.8036299989483,0 -77.88425999990186,40.80355999873743,0 -77.88457000042158,40.80321999918866,0 -77.88477000043812,40.8029999991525,0 -77.88489000008872,40.80286999931381,0 -77.88501999978504,40.80271999928814,0 -77.88507000001377,40.80266999875093,0 -77.88522999984733,40.80248999895304,0 -77.88528000007604,40.80243999892255,0 -77.88534000035051,40.80237999883625,0 -77.88541999981814,40.8023299994029,0 -77.88544999995536,40.80230999934699,0 -77.88548000009258,40.80228999928511,0 -77.88554000036706,40.8021999989319,0 -77.88559999974319,40.80206999888627,0 -77.8856700000634,40.8018799987277,0 -77.88570000020061,40.80177999907002,0 -77.88572000029211,40.80161999916835,0 -77.88577999966824,40.80128999938552,0 -77.88612000032518,40.80131999924809,0 -77.88626000006725,40.80134999909714,0 -77.88635999962638,40.8013799989326,0 -77.88649000022104,40.80142999908163,0 -77.88660999987162,40.80149999881896,0 -77.88693999958451,40.80173999930079,0 -77.88714999964679,40.80191999909263,0 -77.88737999980056,40.8020999990763,0</coordinates>
        </LineString>
      </MultiGeometry>
    </Placemark>
    <Placemark id="ID_00010">
      <name>NE</name>
      <snippet></snippet>
      <description><![CDATA[<html xmlns:fo="http://www.w3.org/1999/XSL/Format" xmlns:msxsl="urn:schemas-microsoft-com:xslt">
<head>
<META http-equiv="Content-Type" content="text/html">
<meta http-equiv="content-type" content="text/html; charset=UTF-8">
</head>
<body style="margin:0px 0px 0px 0px;overflow:auto;background:#FFFFFF;">
<table style="font-family:Arial,Verdana,Times;font-size:12px;text-align:left;width:100%;border-collapse:collapse;padding:3px 3px 3px 3px">
<tr style="text-align:center;font-weight:bold;background:#9CBCE2">
<td>NE</td>
</tr>
<tr>
<td>
<table style="font-family:Arial,Verdana,Times;font-size:12px;text-align:left;width:100%;border-spacing:0px; padding:3px 3px 3px 3px">
<tr>
<td>shape_id</td>
<td>47</td>
</tr>
<tr bgcolor="#D4E4F3">
<td>route_id</td>
<td>42</td>
</tr>
<tr>
<td>agency_id</td>
<td>CATA</td>
</tr>
<tr bgcolor="#D4E4F3">
<td>route_short_name</td>
<td>NE</td>
</tr>
<tr>
<td>route_long_name</td>
<td>NE - Martin St Express</td>
</tr>
<tr bgcolor="#D4E4F3">
<td>route_desc</td>
<td>&lt;Null&gt;</td>
</tr>
<tr>
<td>route_type</td>
<td>3</td>
</tr>
<tr bgcolor="#D4E4F3">
<td>route_url</td>
<td>&lt;Null&gt;</td>
</tr>
<tr>
<td>route_sort_order</td>
<td>&lt;Null&gt;</td>
</tr>
<tr bgcolor="#D4E4F3">
<td>continuous_pickup</td>
<td>&lt;Null&gt;</td>
</tr>
<tr>
<td>continuous_drop_off</td>
<td>&lt;Null&gt;</td>
</tr>
<tr bgcolor="#D4E4F3">
<td>route_type_text</td>
<td>Bus</td>
</tr>
<tr>
<td>ColorCode</td>
<td>74FBFD</td>
</tr>
<tr bgcolor="#D4E4F3">
<td>Shape__Length</td>
<td>7095.152155</td>
</tr>
<tr>
<td>GlobalID</td>
<td>{0F57F08F-0314-4C30-A927-C043480F1798}</td>
</tr>
</table>
</td>
</tr>
</table>
</body><script type="text/javascript">
				function changeImage(attElement, nameElement) {
				document.getElementById('imageAttachment').src = attElement;
				document.getElementById('imageName').innerHTML = nameElement;}
			</script></html>
]]></description>
      <styleUrl>#LineStyle00</styleUrl>
      <MultiGeometry>
        <LineString>
          <extrude>0</extrude>
          <tessellate>1</tessellate><altitudeMode>clampToGround</altitudeMode>
          <coordinates> -77.90219799966964,40.80958399925456,0 -77.90223000035502,40.80950999921883,0 -77.90283999955207,40.8095899988863,0 -77.90305999966009,40.80961999907674,0 -77.90329999985961,40.80964999925357,0 -77.90355000010486,40.8096799987369,0 -77.90359000028782,40.80953999876547,0 -77.90361000037932,40.8094499994049,0 -77.90362000042505,40.80938999885685,0 -77.90363999961824,40.80927999929757,0 -77.90363999961824,40.80900999911182,0 -77.90359000028782,40.80889999892266,0 -77.90217000008055,40.8087299987661,0 -77.90221000026352,40.80853999931561,0 -77.90223000035502,40.80846999884413,0 -77.90228300005845,40.80850199922425,0</coordinates>
        </LineString>
        <LineString>
          <extrude>0</extrude>
          <tessellate>1</tessellate><altitudeMode>clampToGround</altitudeMode>
          <coordinates> -77.90223000035502,40.80846999884413,0 -77.90238000014284,40.8082699988386,0 -77.90251999988492,40.8081399991237,0 -77.90256000006789,40.80809999910787,0 -77.90290999987228,40.80784999931268,0 -77.90307999975157,40.80772999934842,0 -77.90336000013406,40.80757999874796,0 -77.90353000001338,40.80749999937698,0 -77.90356900037143,40.80754099927062,0</coordinates>
        </LineString>
        <LineString>
          <extrude>0</extrude>
          <tessellate>1</tessellate><altitudeMode>clampToGround</altitudeMode>
          <coordinates> -77.90527999993353,40.80660999919041,0 -77.90535000025373,40.80678999937356,0 -77.90538000039095,40.80685999889742,0 -77.9050099995968,40.80694999905101,0 -77.90485999980896,40.80698999908005,0 -77.9047700002956,40.80701999908604,0 -77.90441999959292,40.8071299989919,0 -77.90407999983428,40.80725999932551,0 -77.90378000025862,40.80737999877979,0 -77.90363999961824,40.80744999904121,0 -77.90353000001338,40.80749999937698,0</coordinates>
        </LineString>
        <LineString>
          <extrude>0</extrude>
          <tessellate>1</tessellate><altitudeMode>clampToGround</altitudeMode>
          <coordinates> -77.90534000020799,40.80659499875646,0 -77.90527999993353,40.80660999919041,0 -77.90517000032867,40.80634999912157,0 -77.90502999968827,40.80599999875412,0 -77.90496000026639,40.80581999914802,0 -77.90487999990046,40.80565999878607,0 -77.90483999971748,40.8055599993839,0 -77.90464999974668,40.80508999895141,0 -77.9045600002333,40.80490999891703,0 -77.9044899999131,40.80479999873126,0</coordinates>
        </LineString>
        <LineString>
          <extrude>0</extrude>
          <tessellate>1</tessellate><altitudeMode>clampToGround</altitudeMode>
          <coordinates> -77.89590000014591,40.80425999888371,0 -77.89585999996294,40.80429999917421,0 -77.8957300002666,40.8044399993211,0 -77.89572000022083,40.80444999902888,0 -77.89539999965538,40.80483999937623,0 -77.89522999977606,40.80501999892055,0 -77.89521999973033,40.80501999892054,0 -77.89513000021697,40.80509999924124,0 -77.89485999988021,40.80526999917757,0 -77.89448999998437,40.80547999893772,0 -77.89374000014691,40.80589999918433,0 -77.89360999955225,40.80594999932805,0 -77.8933800002968,40.80583999882614,0 -77.89294000008074,40.80563999905366,0 -77.89278000024719,40.80554999916338,0 -77.89253000000193,40.80538999883046,0 -77.89226999971093,40.80520999892977,0 -77.89209999983161,40.80508999895141,0 -77.8914799996905,40.80465999934378,0 -77.89118000011486,40.8044399993211,0 -77.89074999994453,40.80414999898051,0</coordinates>
        </LineString>
        <LineString>
          <extrude>0</extrude>
          <tessellate>1</tessellate><altitudeMode>clampToGround</altitudeMode>
          <coordinates> -77.89077800043195,40.80410799878397,0 -77.89074999994453,40.80414999898051,0 -77.89026000039809,40.80382999933821,0 -77.88930999964579,40.80330999883872,0 -77.88900000002438,40.80313999932171,0 -77.88890999961271,40.80309999901208,0 -77.88874999977914,40.80300999907725,0</coordinates>
        </LineString>
        <LineString>
          <extrude>0</extrude>
          <tessellate>1</tessellate><altitudeMode>clampToGround</altitudeMode>
          <coordinates> -77.90457199992888,40.80478699904341,0 -77.9044899999131,40.80479999873126,0 -77.90438000030825,40.8046499989877,0 -77.90423999966787,40.80449999890507,0 -77.9042299996221,40.80448999920483,0 -77.90408999988001,40.8043799990029,0 -77.90399000032092,40.80430999890308,0 -77.90388999986348,40.80424999914734,0 -77.90354000005911,40.80405999910958,0 -77.90276000008444,40.80363999877805,0 -77.90245999961047,40.80346999874637,0 -77.90226999963967,40.80333999914828,0 -77.90205000042995,40.80314999922533,0 -77.90177000004748,40.80286999931381,0 -77.90150999975647,40.80259999888757,0</coordinates>
        </LineString>
        <LineString>
          <extrude>0</extrude>
          <tessellate>1</tessellate><altitudeMode>clampToGround</altitudeMode>
          <coordinates> -77.88880900022866,40.80294799897557,0 -77.88874999977914,40.80300999907725,0 -77.88869000040299,40.80297999929849,0 -77.8885499997626,40.80289999914225,0 -77.88847000029496,40.80285999936797,0 -77.88819999995823,40.80269999934976,0 -77.88810000039911,40.80262999883804,0 -77.88754999967988,40.80221999902092,0 -77.88717999978404,40.801939999266,0</coordinates>
        </LineString>
        <LineString>
          <extrude>0</extrude>
          <tessellate>1</tessellate><altitudeMode>clampToGround</altitudeMode>
          <coordinates> -77.89902000004463,40.80191999909263,0 -77.89870000037747,40.80214999936293,0 -77.89859999992005,40.80222999906318,0 -77.89808000023638,40.80260999887256,0 -77.89771000034051,40.80287999925815,0 -77.89738999977504,40.80311999882989,0 -77.89729000021595,40.80318999882487,0 -77.89692000032009,40.80345999889092,0 -77.89657999966316,40.80371999940233,0 -77.89638999969235,40.80385999873278,0 -77.8961899996758,40.80400999890186,0 -77.8960900001167,40.80409999884063,0 -77.89603999988799,40.80413999922757,0 -77.89590000014591,40.80425999888371,0 -77.89584400006939,40.8042219990614,0</coordinates>
        </LineString>
        <LineString>
          <extrude>0</extrude>
          <tessellate>1</tessellate><altitudeMode>clampToGround</altitudeMode>
          <coordinates> -77.90159000012243,40.80255999893249,0 -77.90150999975647,40.80259999888757,0 -77.90144000033459,40.80252999895032,0 -77.9012999996942,40.80237999883625,0 -77.90103000025577,40.80208999901448,0 -77.90088999961536,40.80193999926601,0 -77.90062000017694,40.80164999888175,0 -77.90060000008546,40.80162999930096,0 -77.90027000037257,40.80127999920161,0</coordinates>
        </LineString>
        <LineString>
          <extrude>0</extrude>
          <tessellate>1</tessellate><altitudeMode>clampToGround</altitudeMode>
          <coordinates> -77.90032999974871,40.80124999932093,0 -77.90027000037257,40.80127999920161,0 -77.9002100000981,40.8012199987467,0 -77.89986000029376,40.80135999927049,0 -77.89956999986552,40.80152999926663,0 -77.89952999968254,40.80155999902077,0 -77.89908000031907,40.8018799987277,0 -77.89902000004463,40.80191999909263,0 -77.89897900003673,40.8018799987277,0</coordinates>
        </LineString>
        <LineString>
          <extrude>0</extrude>
          <tessellate>1</tessellate><altitudeMode>clampToGround</altitudeMode>
          <coordinates> -77.8872760000435,40.80187199919583,0 -77.88717999978404,40.801939999266,0 -77.88714999964679,40.80191999909263,0 -77.88693999958451,40.80173999930079,0 -77.88660999987162,40.80149999881896,0 -77.88649000022104,40.80142999908163,0 -77.88635999962638,40.8013799989326,0 -77.88626000006725,40.80134999909714,0 -77.88612000032518,40.80131999924809,0 -77.88577999966824,40.80128999938552,0 -77.88566000001764,40.80127999920163,0 -77.88559999974319,40.8015999988985,0 -77.88556999960596,40.80174999873534,0 -77.88554000036706,40.80185999921625,0 -77.88550000018408,40.80199999907008,0 -77.88541999981814,40.80214999936292,0 -77.88540999977238,40.80217999883683,0 -77.88537999963516,40.80224999914321,0 -77.88535000039624,40.80230999934699,0 -77.88534000035051,40.80237999883625,0 -77.88528000007604,40.80243999892255,0 -77.88522999984733,40.80248999895304,0 -77.88507000001377,40.80266999875093,0 -77.88501999978504,40.80271999928814,0 -77.88489000008872,40.80286999931381,0 -77.88477000043812,40.8029999991525,0 -77.88457000042158,40.80321999918866,0 -77.88425999990186,40.80355999873743,0 -77.88418999958166,40.8036299989483,0 -77.88359999957777,40.80330999883873,0 -77.88341999965272,40.80321999918866,0 -77.88337000032233,40.80319999940095,0 -77.8831500002143,40.80307999918818,0 -77.88301999961965,40.80300999907724,0 -77.88300999957389,40.80300999907725,0 -77.88285999978608,40.80292999895718,0 -77.882720000044,40.80285999936797,0 -77.88261000043914,40.80278999902499,0 -77.88221999955347,40.80258999890103,0 -77.88210999994861,40.80251999895325,0 -77.88203999962842,40.80248999895304,0 -77.88173000000702,40.8023199993757,0 -77.88142000038563,40.80216999878704,0 -77.88125999965374,40.80207999895114,0 -77.88112999995739,40.80200999914547,0 -77.88100000026105,40.80192999918005,0 -77.88092999994088,40.80189999891316,0 -77.88066999964987,40.80174999873534,0 -77.88013999992043,40.80146999903769,0 -77.87994999994964,40.8013699987623,0 -77.87947999959636,40.80111999877464,0 -77.87928999962556,40.80101999933193,0 -77.87924000029516,40.80098999933377,0 -77.87921000015794,40.8009499990884,0 -77.87921000015794,40.80093999885327,0 -77.87919000006644,40.8009199990586,0 -77.8791800000207,40.80090999881895,0 -77.87908999960902,40.80085999895822,0 -77.87859000001681,40.80058999919554,0 -77.87781000004215,40.80017999901733,0 -77.87763000011711,40.80007999883849,0 -77.87728000031271,40.79988999910368,0 -77.87723000008401,40.79985999927478,0 -77.87697999983874,40.79972999940622,0 -77.8767799998222,40.79960999903998,0 -77.87661999998865,40.79951999913299,0 -77.87645000010933,40.79940999885426,0 -77.87626000013854,40.79926999897775,0 -77.87607000016773,40.79912999880597,0 -77.87574999960228,40.79886999935501,0 -77.87565000004315,40.79879999888419,0 -77.87561999990594,40.79876999924272,0 -77.87546000007237,40.79863999927958,0 -77.87529000019305,40.79851999898298,0 -77.87492000029719,40.7982199993325,0 -77.87427000001885,40.79768999903946,0 -77.8740900000938,40.79757999912845,0 -77.87398999963638,40.79750999933741,0 -77.87391000016875,40.79745999895577,0 -77.87386999998579,40.79743999879256,0 -77.87377000042666,40.79738999903825,0 -77.87366999996924,40.79733999924623,0 -77.87355000031863,40.79727999931015,0 -77.87315000028556,40.79707999890478,0 -77.87270000002376,40.796859998919,0 -77.87246999986999,40.79673999880493,0 -77.87235000021938,40.79665999928842,0 -77.871780000307,40.79633999889827,0 -77.87164999971235,40.79625999889974,0 -77.87143999965006,40.79613999906123,0 -77.87055000007052,40.79562999919779,0 -77.87047999975032,40.79568999926506,0 -77.87041000032845,40.79574999927814,0 -77.87018000017467,40.79592999899189,0 -77.86992999992943,40.79611999918041,0 -77.86981000027882,40.79619999934766,0 -77.86965000044525,40.79632999932877,0 -77.86960000021654,40.7963699989579,0 -77.86952999989633,40.7964199988004,0 -77.86946999962187,40.79644999882383,0 -77.86940000019999,40.79647999883375,0 -77.86933999992554,40.7964999992862,0 -77.86927999965107,40.79651999905252,0 -77.86922000027494,40.79652999927346,0 -77.86916000000049,40.79653999881284,0 -77.86909999972602,40.79655999924719,0 -77.8690200002584,40.79655999924719,0 -77.86895999998394,40.79655999924719,0 -77.86888999966372,40.79655999924718,0 -77.86884000033335,40.79654999903076,0 -77.86873999987591,40.79653999881284,0 -77.86867999960145,40.79651999905252,0 -77.86860000013384,40.79650999883008,0 -77.86844000030027,40.79647999883375,0 -77.86841000016302,40.79654999903077,0 -77.86839000007154,40.79659999873773,0 -77.86839000007154,40.79660999894664,0 -77.86835999993433,40.79664999908707,0 -77.86833999984282,40.79666999880826,0 -77.86831999975135,40.79668999920346,0 -77.86827000042095,40.79674999899274,0 -77.86823000023797,40.79678999904887,0 -77.86820000010074,40.7968199989051,0 -77.86814999987203,40.796859998919,0 -77.86808999959757,40.79689999890886,0 -77.86803000022142,40.79694999903221,0 -77.8677599998847,40.79713999902165,0 -77.86749000044627,40.79733999924622,0 -77.86717999992655,40.79756999906568,0 -77.86677999989347,40.79787999895105,0 -77.86672200016716,40.79783599886242,0</coordinates>
        </LineString>
      </MultiGeometry>
    </Placemark>
    <Placemark id="ID_00011">
      <name>NE</name>
      <snippet></snippet>
      <description><![CDATA[<html xmlns:fo="http://www.w3.org/1999/XSL/Format" xmlns:msxsl="urn:schemas-microsoft-com:xslt">
<head>
<META http-equiv="Content-Type" content="text/html">
<meta http-equiv="content-type" content="text/html; charset=UTF-8">
</head>
<body style="margin:0px 0px 0px 0px;overflow:auto;background:#FFFFFF;">
<table style="font-family:Arial,Verdana,Times;font-size:12px;text-align:left;width:100%;border-collapse:collapse;padding:3px 3px 3px 3px">
<tr style="text-align:center;font-weight:bold;background:#9CBCE2">
<td>NE</td>
</tr>
<tr>
<td>
<table style="font-family:Arial,Verdana,Times;font-size:12px;text-align:left;width:100%;border-spacing:0px; padding:3px 3px 3px 3px">
<tr>
<td>shape_id</td>
<td>48</td>
</tr>
<tr bgcolor="#D4E4F3">
<td>route_id</td>
<td>42</td>
</tr>
<tr>
<td>agency_id</td>
<td>CATA</td>
</tr>
<tr bgcolor="#D4E4F3">
<td>route_short_name</td>
<td>NE</td>
</tr>
<tr>
<td>route_long_name</td>
<td>NE - Martin St Express</td>
</tr>
<tr bgcolor="#D4E4F3">
<td>route_desc</td>
<td>&lt;Null&gt;</td>
</tr>
<tr>
<td>route_type</td>
<td>3</td>
</tr>
<tr bgcolor="#D4E4F3">
<td>route_url</td>
<td>&lt;Null&gt;</td>
</tr>
<tr>
<td>route_sort_order</td>
<td>&lt;Null&gt;</td>
</tr>
<tr bgcolor="#D4E4F3">
<td>continuous_pickup</td>
<td>&lt;Null&gt;</td>
</tr>
<tr>
<td>continuous_drop_off</td>
<td>&lt;Null&gt;</td>
</tr>
<tr bgcolor="#D4E4F3">
<td>route_type_text</td>
<td>Bus</td>
</tr>
<tr>
<td>ColorCode</td>
<td>74FBFD</td>
</tr>
<tr bgcolor="#D4E4F3">
<td>Shape__Length</td>
<td>6405.90749</td>
</tr>
<tr>
<td>GlobalID</td>
<td>{829213EF-7DAB-4204-B12F-EF93984CF25A}</td>
</tr>
</table>
</td>
</tr>
</table>
</body><script type="text/javascript">
				function changeImage(attElement, nameElement) {
				document.getElementById('imageAttachment').src = attElement;
				document.getElementById('imageName').innerHTML = nameElement;}
			</script></html>
]]></description>
      <styleUrl>#LineStyle00</styleUrl>
      <MultiGeometry>
        <LineString>
          <extrude>0</extrude>
          <tessellate>1</tessellate><altitudeMode>clampToGround</altitudeMode>
          <coordinates> -77.90527999993353,40.80660999919041,0 -77.90535000025373,40.80678999937356,0 -77.90538000039095,40.80685999889742,0 -77.9050099995968,40.80694999905101,0 -77.90485999980896,40.80698999908005,0 -77.9047700002956,40.80701999908604,0 -77.90441999959292,40.8071299989919,0 -77.90407999983428,40.80725999932551,0 -77.90378000025862,40.80737999877979,0 -77.90363999961824,40.80744999904121,0 -77.90353000001338,40.80749999937698,0 -77.90356900037143,40.80754099927062,0</coordinates>
        </LineString>
        <LineString>
          <extrude>0</extrude>
          <tessellate>1</tessellate><altitudeMode>clampToGround</altitudeMode>
          <coordinates> -77.90534000020799,40.80659499875646,0 -77.90527999993353,40.80660999919041,0 -77.90517000032867,40.80634999912157,0 -77.90502999968827,40.80599999875412,0 -77.90496000026639,40.80581999914802,0 -77.90487999990046,40.80565999878607,0 -77.90483999971748,40.8055599993839,0 -77.90464999974668,40.80508999895141,0 -77.9045600002333,40.80490999891703,0 -77.9044899999131,40.80479999873126,0</coordinates>
        </LineString>
        <LineString>
          <extrude>0</extrude>
          <tessellate>1</tessellate><altitudeMode>clampToGround</altitudeMode>
          <coordinates> -77.89590000014591,40.80425999888371,0 -77.89585999996294,40.80429999917421,0 -77.8957300002666,40.8044399993211,0 -77.89572000022083,40.80444999902888,0 -77.89539999965538,40.80483999937623,0 -77.89522999977606,40.80501999892055,0 -77.89521999973033,40.80501999892054,0 -77.89513000021697,40.80509999924124,0 -77.89485999988021,40.80526999917757,0 -77.89448999998437,40.80547999893772,0 -77.89374000014691,40.80589999918433,0 -77.89360999955225,40.80594999932805,0 -77.8933800002968,40.80583999882614,0 -77.89294000008074,40.80563999905366,0 -77.89278000024719,40.80554999916338,0 -77.89253000000193,40.80538999883046,0 -77.89226999971093,40.80520999892977,0 -77.89209999983161,40.80508999895141,0 -77.8914799996905,40.80465999934378,0 -77.89118000011486,40.8044399993211,0 -77.89074999994453,40.80414999898051,0</coordinates>
        </LineString>
        <LineString>
          <extrude>0</extrude>
          <tessellate>1</tessellate><altitudeMode>clampToGround</altitudeMode>
          <coordinates> -77.89077800043195,40.80410799878397,0 -77.89074999994453,40.80414999898051,0 -77.89026000039809,40.80382999933821,0 -77.88930999964579,40.80330999883872,0 -77.88900000002438,40.80313999932171,0 -77.88890999961271,40.80309999901208,0 -77.88874999977914,40.80300999907725,0</coordinates>
        </LineString>
        <LineString>
          <extrude>0</extrude>
          <tessellate>1</tessellate><altitudeMode>clampToGround</altitudeMode>
          <coordinates> -77.90457199992888,40.80478699904341,0 -77.9044899999131,40.80479999873126,0 -77.90438000030825,40.8046499989877,0 -77.90423999966787,40.80449999890507,0 -77.9042299996221,40.80448999920483,0 -77.90408999988001,40.8043799990029,0 -77.90399000032092,40.80430999890308,0 -77.90388999986348,40.80424999914734,0 -77.90354000005911,40.80405999910958,0 -77.90276000008444,40.80363999877805,0 -77.90245999961047,40.80346999874637,0 -77.90226999963967,40.80333999914828,0 -77.90205000042995,40.80314999922533,0 -77.90177000004748,40.80286999931381,0 -77.90150999975647,40.80259999888757,0</coordinates>
        </LineString>
        <LineString>
          <extrude>0</extrude>
          <tessellate>1</tessellate><altitudeMode>clampToGround</altitudeMode>
          <coordinates> -77.88880900022866,40.80294799897557,0 -77.88874999977914,40.80300999907725,0 -77.88869000040299,40.80297999929849,0 -77.8885499997626,40.80289999914225,0 -77.88847000029496,40.80285999936797,0 -77.88819999995823,40.80269999934976,0 -77.88810000039911,40.80262999883804,0 -77.88754999967988,40.80221999902092,0 -77.88717999978404,40.801939999266,0</coordinates>
        </LineString>
        <LineString>
          <extrude>0</extrude>
          <tessellate>1</tessellate><altitudeMode>clampToGround</altitudeMode>
          <coordinates> -77.89902000004463,40.80191999909263,0 -77.89870000037747,40.80214999936293,0 -77.89859999992005,40.80222999906318,0 -77.89808000023638,40.80260999887256,0 -77.89771000034051,40.80287999925815,0 -77.89738999977504,40.80311999882989,0 -77.89729000021595,40.80318999882487,0 -77.89692000032009,40.80345999889092,0 -77.89657999966316,40.80371999940233,0 -77.89638999969235,40.80385999873278,0 -77.8961899996758,40.80400999890186,0 -77.8960900001167,40.80409999884063,0 -77.89603999988799,40.80413999922757,0 -77.89590000014591,40.80425999888371,0 -77.89584400006939,40.8042219990614,0</coordinates>
        </LineString>
        <LineString>
          <extrude>0</extrude>
          <tessellate>1</tessellate><altitudeMode>clampToGround</altitudeMode>
          <coordinates> -77.90159000012243,40.80255999893249,0 -77.90150999975647,40.80259999888757,0 -77.90144000033459,40.80252999895032,0 -77.9012999996942,40.80237999883625,0 -77.90103000025577,40.80208999901448,0 -77.90088999961536,40.80193999926601,0 -77.90062000017694,40.80164999888175,0 -77.90060000008546,40.80162999930096,0 -77.90027000037257,40.80127999920161,0</coordinates>
        </LineString>
        <LineString>
          <extrude>0</extrude>
          <tessellate>1</tessellate><altitudeMode>clampToGround</altitudeMode>
          <coordinates> -77.90032999974871,40.80124999932093,0 -77.90027000037257,40.80127999920161,0 -77.9002100000981,40.8012199987467,0 -77.89986000029376,40.80135999927049,0 -77.89956999986552,40.80152999926663,0 -77.89952999968254,40.80155999902077,0 -77.89908000031907,40.8018799987277,0 -77.89902000004463,40.80191999909263,0 -77.89897900003673,40.8018799987277,0</coordinates>
        </LineString>
        <LineString>
          <extrude>0</extrude>
          <tessellate>1</tessellate><altitudeMode>clampToGround</altitudeMode>
          <coordinates> -77.8872760000435,40.80187199919583,0 -77.88717999978404,40.801939999266,0 -77.88714999964679,40.80191999909263,0 -77.88693999958451,40.80173999930079,0 -77.88660999987162,40.80149999881896,0 -77.88649000022104,40.80142999908163,0 -77.88635999962638,40.8013799989326,0 -77.88626000006725,40.80134999909714,0 -77.88612000032518,40.80131999924809,0 -77.88577999966824,40.80128999938552,0 -77.88566000001764,40.80127999920163,0 -77.88559999974319,40.8015999988985,0 -77.88556999960596,40.80174999873534,0 -77.88554000036706,40.80185999921625,0 -77.88550000018408,40.80199999907008,0 -77.88541999981814,40.80214999936292,0 -77.88540999977238,40.80217999883683,0 -77.88537999963516,40.80224999914321,0 -77.88535000039624,40.80230999934699,0 -77.88534000035051,40.80237999883625,0 -77.88528000007604,40.80243999892255,0 -77.88522999984733,40.80248999895304,0 -77.88507000001377,40.80266999875093,0 -77.88501999978504,40.80271999928814,0 -77.88489000008872,40.80286999931381,0 -77.88477000043812,40.8029999991525,0 -77.88457000042158,40.80321999918866,0 -77.88425999990186,40.80355999873743,0 -77.88418999958166,40.8036299989483,0 -77.88359999957777,40.80330999883873,0 -77.88341999965272,40.80321999918866,0 -77.88337000032233,40.80319999940095,0 -77.8831500002143,40.80307999918818,0 -77.88301999961965,40.80300999907724,0 -77.88300999957389,40.80300999907725,0 -77.88285999978608,40.80292999895718,0 -77.882720000044,40.80285999936797,0 -77.88261000043914,40.80278999902499,0 -77.88221999955347,40.80258999890103,0 -77.88210999994861,40.80251999895325,0 -77.88203999962842,40.80248999895304,0 -77.88173000000702,40.8023199993757,0 -77.88142000038563,40.80216999878704,0 -77.88125999965374,40.80207999895114,0 -77.88112999995739,40.80200999914547,0 -77.88100000026105,40.80192999918005,0 -77.88092999994088,40.80189999891316,0 -77.88066999964987,40.80174999873534,0 -77.88013999992043,40.80146999903769,0 -77.87994999994964,40.8013699987623,0 -77.87947999959636,40.80111999877464,0 -77.87928999962556,40.80101999933193,0 -77.87924000029516,40.80098999933377,0 -77.87921000015794,40.8009499990884,0 -77.87921000015794,40.80093999885327,0 -77.87919000006644,40.8009199990586,0 -77.8791800000207,40.80090999881895,0 -77.87908999960902,40.80085999895822,0 -77.87859000001681,40.80058999919554,0 -77.87781000004215,40.80017999901733,0 -77.87763000011711,40.80007999883849,0 -77.87728000031271,40.79988999910368,0 -77.87723000008401,40.79985999927478,0 -77.87697999983874,40.79972999940622,0 -77.8767799998222,40.79960999903998,0 -77.87661999998865,40.79951999913299,0 -77.87645000010933,40.79940999885426,0 -77.87626000013854,40.79926999897775,0 -77.87607000016773,40.79912999880597,0 -77.87574999960228,40.79886999935501,0 -77.87565000004315,40.79879999888419,0 -77.87561999990594,40.79876999924272,0 -77.87546000007237,40.79863999927958,0 -77.87529000019305,40.79851999898298,0 -77.87492000029719,40.7982199993325,0 -77.87427000001885,40.79768999903946,0 -77.8740900000938,40.79757999912845,0 -77.87398999963638,40.79750999933741,0 -77.87391000016875,40.79745999895577,0 -77.87386999998579,40.79743999879256,0 -77.87377000042666,40.79738999903825,0 -77.87366999996924,40.79733999924623,0 -77.87355000031863,40.79727999931015,0 -77.87315000028556,40.79707999890478,0 -77.87270000002376,40.796859998919,0 -77.87246999986999,40.79673999880493,0 -77.87235000021938,40.79665999928842,0 -77.871780000307,40.79633999889827,0 -77.87164999971235,40.79625999889974,0 -77.87143999965006,40.79613999906123,0 -77.87055000007052,40.79562999919779,0 -77.87047999975032,40.79568999926506,0 -77.87041000032845,40.79574999927814,0 -77.87018000017467,40.79592999899189,0 -77.86992999992943,40.79611999918041,0 -77.86981000027882,40.79619999934766,0 -77.86965000044525,40.79632999932877,0 -77.86960000021654,40.7963699989579,0 -77.86952999989633,40.7964199988004,0 -77.86946999962187,40.79644999882383,0 -77.86940000019999,40.79647999883375,0 -77.86933999992554,40.7964999992862,0 -77.86927999965107,40.79651999905252,0 -77.86922000027494,40.79652999927346,0 -77.86916000000049,40.79653999881284,0 -77.86909999972602,40.79655999924719,0 -77.8690200002584,40.79655999924719,0 -77.86895999998394,40.79655999924719,0 -77.86888999966372,40.79655999924718,0 -77.86884000033335,40.79654999903076,0 -77.86873999987591,40.79653999881284,0 -77.86867999960145,40.79651999905252,0 -77.86860000013384,40.79650999883008,0 -77.86844000030027,40.79647999883375,0 -77.86841000016302,40.79654999903077,0 -77.86839000007154,40.79659999873773,0 -77.86839000007154,40.79660999894664,0 -77.86835999993433,40.79664999908707,0 -77.86833999984282,40.79666999880826,0 -77.86831999975135,40.79668999920346,0 -77.86827000042095,40.79674999899274,0 -77.86823000023797,40.79678999904887,0 -77.86820000010074,40.7968199989051,0 -77.86814999987203,40.796859998919,0 -77.86808999959757,40.79689999890886,0 -77.86803000022142,40.79694999903221,0 -77.8677599998847,40.79713999902165,0 -77.86749000044627,40.79733999924622,0 -77.86717999992655,40.79756999906568,0 -77.86677999989347,40.79787999895105,0 -77.86672200016716,40.79783599886242,0</coordinates>
        </LineString>
      </MultiGeometry>
    </Placemark>
    <Placemark id="ID_00012">
      <name>NE</name>
      <snippet></snippet>
      <description><![CDATA[<html xmlns:fo="http://www.w3.org/1999/XSL/Format" xmlns:msxsl="urn:schemas-microsoft-com:xslt">
<head>
<META http-equiv="Content-Type" content="text/html">
<meta http-equiv="content-type" content="text/html; charset=UTF-8">
</head>
<body style="margin:0px 0px 0px 0px;overflow:auto;background:#FFFFFF;">
<table style="font-family:Arial,Verdana,Times;font-size:12px;text-align:left;width:100%;border-collapse:collapse;padding:3px 3px 3px 3px">
<tr style="text-align:center;font-weight:bold;background:#9CBCE2">
<td>NE</td>
</tr>
<tr>
<td>
<table style="font-family:Arial,Verdana,Times;font-size:12px;text-align:left;width:100%;border-spacing:0px; padding:3px 3px 3px 3px">
<tr>
<td>shape_id</td>
<td>49</td>
</tr>
<tr bgcolor="#D4E4F3">
<td>route_id</td>
<td>42</td>
</tr>
<tr>
<td>agency_id</td>
<td>CATA</td>
</tr>
<tr bgcolor="#D4E4F3">
<td>route_short_name</td>
<td>NE</td>
</tr>
<tr>
<td>route_long_name</td>
<td>NE - Martin St Express</td>
</tr>
<tr bgcolor="#D4E4F3">
<td>route_desc</td>
<td>&lt;Null&gt;</td>
</tr>
<tr>
<td>route_type</td>
<td>3</td>
</tr>
<tr bgcolor="#D4E4F3">
<td>route_url</td>
<td>&lt;Null&gt;</td>
</tr>
<tr>
<td>route_sort_order</td>
<td>&lt;Null&gt;</td>
</tr>
<tr bgcolor="#D4E4F3">
<td>continuous_pickup</td>
<td>&lt;Null&gt;</td>
</tr>
<tr>
<td>continuous_drop_off</td>
<td>&lt;Null&gt;</td>
</tr>
<tr bgcolor="#D4E4F3">
<td>route_type_text</td>
<td>Bus</td>
</tr>
<tr>
<td>ColorCode</td>
<td>74FBFD</td>
</tr>
<tr bgcolor="#D4E4F3">
<td>Shape__Length</td>
<td>5697.699629</td>
</tr>
<tr>
<td>GlobalID</td>
<td>{4F34608F-7D34-4806-B1E8-495BA25C4D5D}</td>
</tr>
</table>
</td>
</tr>
</table>
</body><script type="text/javascript">
				function changeImage(attElement, nameElement) {
				document.getElementById('imageAttachment').src = attElement;
				document.getElementById('imageName').innerHTML = nameElement;}
			</script></html>
]]></description>
      <styleUrl>#LineStyle00</styleUrl>
      <MultiGeometry>
        <LineString>
          <extrude>0</extrude>
          <tessellate>1</tessellate><altitudeMode>clampToGround</altitudeMode>
          <coordinates> -77.88874999977914,40.80300999907725,0 -77.88890999961271,40.80309999901208,0 -77.88900000002438,40.80313999932171,0 -77.88930999964579,40.80330999883872,0 -77.89026000039809,40.80382999933821,0 -77.89074999994453,40.80414999898051,0 -77.89118000011486,40.8044399993211,0 -77.8914799996905,40.80465999934378,0 -77.89209999983161,40.80508999895141,0 -77.89226999971093,40.80520999892977,0 -77.89253000000193,40.80538999883046,0 -77.89278000024719,40.80554999916338,0 -77.89294000008074,40.80563999905366,0 -77.8933800002968,40.80583999882614,0 -77.89360999955225,40.80594999932805,0 -77.89394000016347,40.80602999920765,0 -77.89422999969338,40.806089999394,0 -77.8947100000924,40.80619999880156,0 -77.89484999983448,40.80622999916468,0 -77.89492000015468,40.80625999883426,0 -77.89500999966805,40.80628999917026,0 -77.89506999994251,40.80631999881274,0 -77.89513000021697,40.80636999931993,0 -77.89518000044568,40.80640999901865,0 -77.89529000005052,40.80652999933002,0 -77.89536000037073,40.80663999936813,0 -77.8953799995639,40.80668999895435,0 -77.89539999965538,40.80673999918278,0 -77.89544999988409,40.80687999894212,0 -77.89545999992984,40.80688999896216,0 -77.89545999992984,40.8069599990605,0 -77.89545999992984,40.80705999907288,0 -77.89545999992984,40.80714999895519,0 -77.89544999988409,40.80723999939538,0 -77.89539999965538,40.80745999897538,0 -77.89538999960965,40.8074799988392,0 -77.89535000032498,40.8076499987984,0 -77.89530000009628,40.80782999888041,0 -77.89526999995904,40.80794999934376,0 -77.89579999968846,40.80799999930283,0 -77.89613000029966,40.80803999937892,0 -77.89643999992106,40.80807999875096,0 -77.89682999990839,40.80812999929201,0 -77.8972600000787,40.80817999911539,0 -77.89737999972931,40.80819999876223,0 -77.89795999968746,40.8082699988386,0 -77.89808000023638,40.80827999932914,0 -77.89819999988696,40.80825999902647,0 -77.89825000011568,40.80825999902647,0 -77.89868000028599,40.80830999875194,0 -77.89929000038136,40.80838999918625,0 -77.89969999956186,40.80843999881373,0 -77.90011999968642,40.80848999908353,0 -77.900539999811,40.80853999931559,0 -77.9012500003638,40.8086299992305,0 -77.901709999773,40.80867999935708,0 -77.90217000008055,40.8087299987661,0 -77.90359000028782,40.80889999892266,0 -77.90363999961824,40.80900999911182,0 -77.90363999961824,40.80927999929757,0 -77.90362000042505,40.80938999885685,0 -77.90361000037932,40.8094499994049,0 -77.90359000028782,40.80953999876547,0 -77.90355000010486,40.8096799987369,0 -77.90329999985961,40.80964999925357,0 -77.90305999966009,40.80961999907674,0 -77.90283999955207,40.8095899988863,0 -77.90223000035502,40.80950999921883,0 -77.90219799966964,40.80958399925456,0</coordinates>
        </LineString>
        <LineString>
          <extrude>0</extrude>
          <tessellate>1</tessellate><altitudeMode>clampToGround</altitudeMode>
          <coordinates> -77.88880900022866,40.80294799897557,0 -77.88874999977914,40.80300999907725,0 -77.88869000040299,40.80297999929849,0 -77.8885499997626,40.80289999914225,0 -77.88847000029496,40.80285999936797,0 -77.88819999995823,40.80269999934976,0 -77.88810000039911,40.80262999883804,0 -77.88754999967988,40.80221999902092,0 -77.88717999978404,40.801939999266,0</coordinates>
        </LineString>
        <LineString>
          <extrude>0</extrude>
          <tessellate>1</tessellate><altitudeMode>clampToGround</altitudeMode>
          <coordinates> -77.8872760000435,40.80187199919583,0 -77.88717999978404,40.801939999266,0 -77.88714999964679,40.80191999909263,0 -77.88693999958451,40.80173999930079,0 -77.88660999987162,40.80149999881896,0 -77.88649000022104,40.80142999908163,0 -77.88635999962638,40.8013799989326,0 -77.88626000006725,40.80134999909714,0 -77.88612000032518,40.80131999924809,0 -77.88577999966824,40.80128999938552,0 -77.88566000001764,40.80127999920163,0 -77.88559999974319,40.8015999988985,0 -77.88556999960596,40.80174999873534,0 -77.88554000036706,40.80185999921625,0 -77.88550000018408,40.80199999907008,0 -77.88541999981814,40.80214999936292,0 -77.88540999977238,40.80217999883683,0 -77.88537999963516,40.80224999914321,0 -77.88535000039624,40.80230999934699,0 -77.88534000035051,40.80237999883625,0 -77.88528000007604,40.80243999892255,0 -77.88522999984733,40.80248999895304,0 -77.88507000001377,40.80266999875093,0 -77.88501999978504,40.80271999928814,0 -77.88489000008872,40.80286999931381,0 -77.88477000043812,40.8029999991525,0 -77.88457000042158,40.80321999918866,0 -77.88425999990186,40.80355999873743,0 -77.88418999958166,40.8036299989483,0 -77.88359999957777,40.80330999883873,0 -77.88341999965272,40.80321999918866,0 -77.88337000032233,40.80319999940095,0 -77.8831500002143,40.80307999918818,0 -77.88301999961965,40.80300999907724,0 -77.88300999957389,40.80300999907725,0 -77.88285999978608,40.80292999895718,0 -77.882720000044,40.80285999936797,0 -77.88261000043914,40.80278999902499,0 -77.88221999955347,40.80258999890103,0 -77.88210999994861,40.80251999895325,0 -77.88203999962842,40.80248999895304,0 -77.88173000000702,40.8023199993757,0 -77.88142000038563,40.80216999878704,0 -77.88125999965374,40.80207999895114,0 -77.88112999995739,40.80200999914547,0 -77.88100000026105,40.80192999918005,0 -77.88092999994088,40.80189999891316,0 -77.88066999964987,40.80174999873534,0 -77.88013999992043,40.80146999903769,0 -77.87994999994964,40.8013699987623,0 -77.87947999959636,40.80111999877464,0 -77.87928999962556,40.80101999933193,0 -77.87924000029516,40.80098999933377,0 -77.87921000015794,40.8009499990884,0 -77.87921000015794,40.80093999885327,0 -77.87919000006644,40.8009199990586,0 -77.8791800000207,40.80090999881895,0 -77.87908999960902,40.80085999895822,0 -77.87859000001681,40.80058999919554,0 -77.87781000004215,40.80017999901733,0 -77.87763000011711,40.80007999883849,0 -77.87728000031271,40.79988999910368,0 -77.87723000008401,40.79985999927478,0 -77.87697999983874,40.79972999940622,0 -77.8767799998222,40.79960999903998,0 -77.87661999998865,40.79951999913299,0 -77.87645000010933,40.79940999885426,0 -77.87626000013854,40.79926999897775,0 -77.87607000016773,40.79912999880597,0 -77.87574999960228,40.79886999935501,0 -77.87565000004315,40.79879999888419,0 -77.87561999990594,40.79876999924272,0 -77.87546000007237,40.79863999927958,0 -77.87529000019305,40.79851999898298,0 -77.87492000029719,40.7982199993325,0 -77.87427000001885,40.79768999903946,0 -77.8740900000938,40.79757999912845,0 -77.87398999963638,40.79750999933741,0 -77.87391000016875,40.79745999895577,0 -77.87386999998579,40.79743999879256,0 -77.87377000042666,40.79738999903825,0 -77.87366999996924,40.79733999924623,0 -77.87355000031863,40.79727999931015,0 -77.87315000028556,40.79707999890478,0 -77.87270000002376,40.796859998919,0 -77.87246999986999,40.79673999880493,0 -77.87235000021938,40.79665999928842,0 -77.871780000307,40.79633999889827,0 -77.87164999971235,40.79625999889974,0 -77.87143999965006,40.79613999906123,0 -77.87055000007052,40.79562999919779,0 -77.87047999975032,40.79568999926506,0 -77.87041000032845,40.79574999927814,0 -77.87018000017467,40.79592999899189,0 -77.86992999992943,40.79611999918041,0 -77.86981000027882,40.79619999934766,0 -77.86965000044525,40.79632999932877,0 -77.86960000021654,40.7963699989579,0 -77.86952999989633,40.7964199988004,0 -77.86946999962187,40.79644999882383,0 -77.86940000019999,40.79647999883375,0 -77.86933999992554,40.7964999992862,0 -77.86927999965107,40.79651999905252,0 -77.86922000027494,40.79652999927346,0 -77.86916000000049,40.79653999881284,0 -77.86909999972602,40.79655999924719,0 -77.8690200002584,40.79655999924719,0 -77.86895999998394,40.79655999924719,0 -77.86888999966372,40.79655999924718,0 -77.86884000033335,40.79654999903076,0 -77.86873999987591,40.79653999881284,0 -77.86867999960145,40.79651999905252,0 -77.86860000013384,40.79650999883008,0 -77.86844000030027,40.79647999883375,0 -77.86841000016302,40.79654999903077,0 -77.86839000007154,40.79659999873773,0 -77.86839000007154,40.79660999894664,0 -77.86835999993433,40.79664999908707,0 -77.86833999984282,40.79666999880826,0 -77.86831999975135,40.79668999920346,0 -77.86827000042095,40.79674999899274,0 -77.86823000023797,40.79678999904887,0 -77.86820000010074,40.7968199989051,0 -77.86814999987203,40.796859998919,0 -77.86808999959757,40.79689999890886,0 -77.86803000022142,40.79694999903221,0 -77.8677599998847,40.79713999902165,0 -77.86749000044627,40.79733999924622,0 -77.86717999992655,40.79756999906568,0 -77.86677999989347,40.79787999895105,0 -77.86672200016716,40.79783599886242,0</coordinates>
        </LineString>
      </MultiGeometry>
    </Placemark>
    <Placemark id="ID_00013">
      <name>NV</name>
      <snippet></snippet>
      <description><![CDATA[<html xmlns:fo="http://www.w3.org/1999/XSL/Format" xmlns:msxsl="urn:schemas-microsoft-com:xslt">
<head>
<META http-equiv="Content-Type" content="text/html">
<meta http-equiv="content-type" content="text/html; charset=UTF-8">
</head>
<body style="margin:0px 0px 0px 0px;overflow:auto;background:#FFFFFF;">
<table style="font-family:Arial,Verdana,Times;font-size:12px;text-align:left;width:100%;border-collapse:collapse;padding:3px 3px 3px 3px">
<tr style="text-align:center;font-weight:bold;background:#9CBCE2">
<td>NV</td>
</tr>
<tr>
<td>
<table style="font-family:Arial,Verdana,Times;font-size:12px;text-align:left;width:100%;border-spacing:0px; padding:3px 3px 3px 3px">
<tr>
<td>shape_id</td>
<td>50</td>
</tr>
<tr bgcolor="#D4E4F3">
<td>route_id</td>
<td>25</td>
</tr>
<tr>
<td>agency_id</td>
<td>CATA</td>
</tr>
<tr bgcolor="#D4E4F3">
<td>route_short_name</td>
<td>NV</td>
</tr>
<tr>
<td>route_long_name</td>
<td>&lt;Null&gt;</td>
</tr>
<tr bgcolor="#D4E4F3">
<td>route_desc</td>
<td>&lt;Null&gt;</td>
</tr>
<tr>
<td>route_type</td>
<td>3</td>
</tr>
<tr bgcolor="#D4E4F3">
<td>route_url</td>
<td>&lt;Null&gt;</td>
</tr>
<tr>
<td>route_sort_order</td>
<td>&lt;Null&gt;</td>
</tr>
<tr bgcolor="#D4E4F3">
<td>continuous_pickup</td>
<td>&lt;Null&gt;</td>
</tr>
<tr>
<td>continuous_drop_off</td>
<td>&lt;Null&gt;</td>
</tr>
<tr bgcolor="#D4E4F3">
<td>route_type_text</td>
<td>Bus</td>
</tr>
<tr>
<td>ColorCode</td>
<td>&lt;Null&gt;</td>
</tr>
<tr bgcolor="#D4E4F3">
<td>Shape__Length</td>
<td>19307.554984</td>
</tr>
<tr>
<td>GlobalID</td>
<td>{E7528433-A3F9-4CA8-872C-1AC0F2F54940}</td>
</tr>
</table>
</td>
</tr>
</table>
</body><script type="text/javascript">
				function changeImage(attElement, nameElement) {
				document.getElementById('imageAttachment').src = attElement;
				document.getElementById('imageName').innerHTML = nameElement;}
			</script></html>
]]></description>
      <styleUrl>#LineStyle00</styleUrl>
      <MultiGeometry>
        <LineString>
          <extrude>0</extrude>
          <tessellate>1</tessellate><altitudeMode>clampToGround</altitudeMode>
          <coordinates> -77.88646804809044,40.82409619424401,0 -77.88637697688694,40.82420866876078,0 -77.88637114412579,40.82403098627743,0 -77.88646567474146,40.82370732878189,0 -77.88647000012955,40.82369999874292,0 -77.88650000026679,40.82353999935007,0 -77.88653000040401,40.82348999886588,0 -77.88661999991739,40.82350999933599,0 -77.8866700001461,40.82351999888903,0 -77.88669000023758,40.82351999888903,0 -77.88670000028333,40.82351999888902,0 -77.88673000042054,40.82352999912027,0 -77.88676999970521,40.82353999935007,0 -77.88679999984244,40.82354999889859,0 -77.88681999993392,40.8235699993506,0 -77.88691000034561,40.82358999911684,0 -77.88724000005848,40.82365999927078,0 -77.88769000032029,40.82372999935083,0 -77.8877899998794,40.8237399988707,0 -77.88787000024534,40.82374999906883,0 -77.88794999971297,40.82375999926541,0 -77.88806000021613,40.82375999926541,0 -77.88817999986674,40.82376999878077,0 -77.88838999992902,40.82376999878077,0 -77.88841000002051,40.82376999878075,0 -77.88866000026574,40.82374999906883,0 -77.88886000028231,40.82372999935082,0 -77.889339999783,40.82367999900983,0 -77.88947000037767,40.8236699988012,0 -77.88948999957086,40.82366999880119,0 -77.88991999974115,40.82364999905907,0 -77.89002000019858,40.82364999905906,0 -77.89027999959126,40.82364999905907,0 -77.89072999985306,40.82368999921702,0 -77.89172999993576,40.82375999926541,0 -77.89201000031825,40.82376999878075,0 -77.89215000006033,40.82377999897436,0 -77.89296000017224,40.82382999923993,0 -77.89349999994742,40.82384999892776,0 -77.89353000008462,40.82384999892776,0 -77.89364999973523,40.82383999874472,0 -77.89367999987248,40.82382999923993,0 -77.89376000023842,40.8238199990539,0 -77.89393000011772,40.82378999916643,0 -77.89399000039218,40.82376999878075,0 -77.89409999999704,40.82374999906883,0 -77.89413000013425,40.8237399988707,0 -77.8942599998306,40.82370999894707,0 -77.89431000005932,40.82368999921702,0 -77.89483999978874,40.82354999889859,0 -77.89490000006319,40.82353999935007,0 -77.89546999997559,40.82343999902373,0 -77.89629000013323,40.82331999938476,0 -77.89638999969235,40.82330999912179,0 -77.89653000033275,40.82328999927115,0 -77.89654000037849,40.82328999927115,0 -77.89680999981692,40.82324999887197,0 -77.89714000042812,40.82319999884889,0 -77.89785000008258,40.82309999936943,0 -77.8980199999619,40.8230799987757,0 -77.89824000006992,40.82304999923328,0 -77.898419999995,40.82301999899753,0 -77.89853999964559,40.82298999874824,0 -77.89857999982856,40.8229799991153,0 -77.89860999996579,40.8229799991153,0 -77.89872999961639,40.82293999920893,0 -77.89879999993659,40.8229199992467,0 -77.89897999986165,40.82285999932384,0 -77.89912999964946,40.82279999934668,0 -77.89926000024413,40.82273999931522,0 -77.89948000035214,40.82261999908954,0 -77.89957999991127,40.82254999919755,0 -77.89964000018573,40.82250999903186,0 -77.89992999971564,40.82229999878584,0 -77.89993999976137,40.82228999904888,0 -77.90009000044753,40.82216999936859,0 -77.90022000014386,40.82206999901597,0 -77.90040000006893,40.82197999897761,0 -77.90043000020614,40.82196999919239,0 -77.90049999962802,40.82193999914796,0 -77.90061000013119,40.82189999929413,0 -77.90065000031417,40.8218899988171,0 -77.90086000037645,40.82181999883444,0 -77.90087000042219,40.82181999883443,0 -77.90108999963191,40.82174999877785,0 -77.90174999995598,40.82154999937458,0 -77.90167999963579,40.82136999912408,0 -77.90139000010588,40.82068999928334,0 -77.90110999972337,40.82001999935014,0 -77.90090999970685,40.81953999921446,0 -77.90069999964457,40.81907999877092,0 -77.90059000003971,40.8187999987717,0 -77.90048000043485,40.81851999895029,0 -77.90026000032684,40.81799999935112,0 -77.90013999977792,40.81772999929814,0 -77.90000000003585,40.81738999892708,0 -77.89989000043097,40.81710999927265,0 -77.8998000000193,40.8169099987959,0 -77.89976999988205,40.81684999887518,0 -77.89972999969908,40.81675999923232,0 -77.89969000041444,40.81668999927463,0 -77.89969000041444,40.81667999937176,0 -77.89960000000275,40.81654999913763,0 -77.89954999977404,40.81645999908776,0 -77.89943000012343,40.81629999922639,0 -77.89935999980324,40.81622999878332,0 -77.89927000028986,40.81610999901731,0 -77.8992300001069,40.81607999904192,0 -77.89886000021104,40.81566999937805,0 -77.89876999979937,40.81558999888288,0 -77.89874999970786,40.81555999935215,0 -77.89871999957066,40.81552999912804,0 -77.89845000013221,40.81523999898153,0 -77.89813999961251,40.81542999896283,0 -77.89751000032396,40.81581999936661,0 -77.89682999990839,40.81624999940307,0 -77.89680999981692,40.81625999937074,0 -77.8962800000875,40.81659999873484,0 -77.89604999993372,40.81671999897416,0 -77.89582999982569,40.81680999935116,0 -77.89571000017509,40.81684999887518,0 -77.89564999990064,40.816869999308,0 -77.89549000006707,40.8168999989262,0 -77.89545999992984,40.8169099987959,0 -77.89521999973033,40.81694999893947,0 -77.8950199997138,40.81695999880164,0 -77.89466999990942,40.81695999880163,0 -77.89455000025882,40.8169399990758,0 -77.8944499998014,40.81692999921063,0 -77.8939500002092,40.81683999899644,0 -77.89302999959413,40.81666999878753,0 -77.8925700001849,40.8165899988184,0 -77.8922599996652,40.81652999928812,0 -77.89206999969439,40.81649999882281,0 -77.89155000001071,40.81639999876004,0 -77.8914799996905,40.81639999876004,0 -77.89114999997763,40.81638999881346,0 -77.89084000035622,40.81639999876005,0 -77.89072999985306,40.81640999938497,0 -77.89063000029395,40.81641999932854,0 -77.89052999983652,40.81644999915023,0 -77.89034999991146,40.81648999889131,0 -77.89033999986573,40.8164999988228,0 -77.89014999989492,40.81655999906008,0 -77.88987000041075,40.81667999937176,0 -77.88979000004481,40.81671999897416,0 -77.8897199997246,40.81675999923232,0 -77.88961000011976,40.81683999899644,0 -77.88959000002826,40.81684999887518,0 -77.88942000014895,40.81696999934216,0 -77.88932999973727,40.81705999937991,0 -77.88929999960003,40.81708999891217,0 -77.88927000036114,40.81712999894724,0 -77.88882000009933,40.81688999905493,0 -77.88804000012465,40.81648999889131,0 -77.88772999960494,40.81634999901208,0 -77.88763000004582,40.81631999914518,0 -77.88745000012077,40.81625999937074,0 -77.88730000033296,40.81621999881111,0 -77.88729000028721,40.81621999881111,0 -77.88712000040789,40.81616999892744,0 -77.88699999985899,40.81614999896347,0 -77.8868400000254,40.8161199990061,0 -77.88679999984244,40.81610999901731,0 -77.88657999973441,40.81605999905078,0 -77.88647000012955,40.81603999905358,0 -77.88636999967213,40.81601999905038,0 -77.88619999979282,40.81594999899168,0 -77.88584999998845,40.81588999888261,0 -77.88514000033396,40.81575999913994,0 -77.88479999967701,40.81568999880687,0 -77.88471000016366,40.81565999932143,0 -77.88465999993494,40.81563999920362,0 -77.8845100001471,40.81556999874402,0 -77.88444999987266,40.81552999912804,0 -77.88438999959821,40.81547999940419,0 -77.88433000022205,40.81540999877571,0 -77.88430000008483,40.81535999896142,0 -77.88422999976464,40.81526999933677,0 -77.8841999996274,40.81510999932481,0 -77.88420999967313,40.81500999920642,0 -77.88424999985611,40.81486999892338,0 -77.88435000031355,40.81469999910511,0 -77.88437999955245,40.81464999875577,0 -77.884579999569,40.81436999909431,0 -77.88505999996801,40.81368999888178,0 -77.88514000033396,40.81357999897234,0 -77.88537999963516,40.81326999898803,0 -77.88548000009258,40.81312999911254,0 -77.88574000038359,40.81282999887014,0 -77.88606000005073,40.81251999878097,0 -77.88634999958063,40.81226999932085,0 -77.88635999962638,40.81226999932085,0 -77.88646000008382,40.81218999880516,0 -77.88728000024145,40.81156999935672,0 -77.88749000030374,40.81141999927772,0 -77.88755999972562,40.81136999917607,0 -77.88791999957573,40.81114999896096,0 -77.88792999962148,40.81114999896096,0 -77.88850999957963,40.81082999907659,0 -77.88889000041952,40.81061999924865,0 -77.88922000013243,40.81043999925564,0 -77.88949999961659,40.81030999903259,0 -77.88951999970807,40.81029999884794,0 -77.8896700003942,40.8102499992621,0 -77.88986000036502,40.81019999895869,0 -77.89007000042729,40.81015999882482,0 -77.89022000021512,40.8101399990888,0 -77.89037000000295,40.81011999934674,0 -77.89061000020246,40.81007999916459,0 -77.89070999976157,40.81005999940445,0 -77.89133999994841,40.80995999915349,0 -77.89182000034744,40.80987999925218,0 -77.89209999983161,40.80982999934988,0 -77.89221000033479,40.80980999883443,0 -77.89236000012261,40.80977999872996,0 -77.89286999976055,40.80968999901499,0 -77.89322999961067,40.8096099987881,0 -77.89341000043405,40.80957999927313,0 -77.8936399996895,40.80955999936228,0 -77.89378000032988,40.80952999914475,0 -77.89386999984326,40.80950999921883,0 -77.89400000043791,40.80947999897865,0 -77.89408999995128,40.8094499994049,0 -77.89414000018,40.80942999877495,0 -77.89419999955614,40.80939999917857,0 -77.89446999989288,40.80923999928903,0 -77.89463999977218,40.80911999911865,0 -77.89478999956002,40.80899999873131,0 -77.89481999969723,40.8089699989405,0 -77.89511000012547,40.80904999925904,0 -77.89519999963885,40.80907999901363,0 -77.89523999982181,40.80908999938214,0 -77.89537000041648,40.80912999880118,0 -77.89549000006707,40.80916999887601,0 -77.89558999962618,40.80921999927572,0 -77.8957300002666,40.8092999992928,0 -77.89596999956778,40.80914999884165,0 -77.89601999979648,40.80911999911864,0 -77.8961899996758,40.80901999881094,0 -77.8962800000875,40.80895999923389,0 -77.89637999964661,40.80889999892266,0 -77.89650000019553,40.80881999910319,0 -77.89655999957166,40.80878999923101,0 -77.89666000002909,40.8087299987661,0 -77.89672000030355,40.808709999279,0 -77.89677999967968,40.80869999885321,0 -77.89678999972543,40.80869999885321,0 -77.89686000004563,40.80868999910593,0 -77.89694000041158,40.80869999885323,0 -77.89709000019941,40.808709999279,0 -77.89736999968356,40.80874999892711,0 -77.89739999982081,40.80874999892711,0 -77.897470000141,40.80875999934531,0 -77.89781999994538,40.80879999896329,0 -77.89807000019061,40.80882999883095,0 -77.89814999965824,40.80846999884413,0 -77.89817999979549,40.80832999903954,0 -77.89819999988696,40.80825999902647,0 -77.89825000011568,40.80825999902647,0 -77.89868000028599,40.80830999875194,0 -77.89929000038136,40.80838999918625,0 -77.89969999956186,40.80843999881373,0 -77.90011999968642,40.80848999908353,0 -77.900539999811,40.80853999931559,0 -77.9012500003638,40.8086299992305,0 -77.901709999773,40.80867999935708,0 -77.90190999978955,40.80865999917498,0 -77.90197000006403,40.80864999874173,0 -77.902010000247,40.8086299992305,0 -77.90205000042995,40.80861999879266,0 -77.90209999976037,40.8085899988301,0 -77.90223000035502,40.80846999884413,0 -77.90228999973115,40.80839999897874,0 -77.90238000014284,40.8082699988386,0 -77.90251999988492,40.8081399991237,0 -77.90256000006789,40.80809999910787,0 -77.90290999987228,40.80784999931268,0 -77.90307999975157,40.80772999934842,0 -77.90336000013406,40.80757999874796,0 -77.90342999955594,40.80754999899514,0 -77.90363999961824,40.80744999904121,0 -77.90378000025862,40.80737999877979,0 -77.90407999983428,40.80725999932551,0 -77.90441999959292,40.8071299989919,0 -77.9047700002956,40.80701999908604,0 -77.90485999980896,40.80698999908005,0 -77.9050099995968,40.80694999905101,0 -77.90538000039095,40.80685999889742,0 -77.90535000025373,40.80678999937356,0 -77.90527999993353,40.80661999925114,0 -77.90517000032867,40.80634999912157,0 -77.90502999968827,40.80599999875412,0 -77.90496000026639,40.80581999914802,0 -77.90487999990046,40.80565999878607,0 -77.90483999971748,40.8055599993839,0 -77.90464999974668,40.80508999895141,0 -77.9045600002333,40.80490999891703,0 -77.9044899999131,40.80479999873126,0 -77.90445999977588,40.80475999874212,0 -77.90438000030825,40.8046499989877,0 -77.90423999966787,40.80449999890507,0 -77.9042299996221,40.80448999920483,0 -77.90408999988001,40.8043799990029,0 -77.90399000032092,40.80430999890308,0 -77.90388999986348,40.80424999914734,0 -77.90354000005911,40.80405999910958,0 -77.90276000008444,40.80363999877805,0 -77.90245999961047,40.80346999874637,0 -77.90226999963967,40.80333999914828,0 -77.90205000042995,40.80314999922533,0 -77.90177000004748,40.80286999931381,0 -77.90144000033459,40.80252999895032,0 -77.90140000015161,40.80248999895304,0 -77.9012999996942,40.80237999883625,0 -77.90103000025577,40.80208999901448,0 -77.90088999961536,40.80193999926601,0 -77.90062000017694,40.80164999888175,0 -77.90060000008546,40.80162999930096,0 -77.90028000041832,40.80128999938552,0 -77.9002100000981,40.8012199987467,0 -77.89986000029376,40.80135999927049,0 -77.89956999986552,40.80152999926663,0 -77.89952999968254,40.80155999902077,0 -77.89908000031907,40.8018799987277,0 -77.89870000037747,40.80214999936293,0 -77.89859999992005,40.80222999906318,0 -77.89811000037358,40.80258999890104,0 -77.89808000023638,40.80260999887256,0 -77.89771000034051,40.80287999925815,0 -77.89738999977504,40.80311999882989,0 -77.89729000021595,40.80318999882487,0 -77.89692000032009,40.80345999889092,0 -77.89657999966316,40.80371999940233,0 -77.89638999969235,40.80385999873278,0 -77.8961899996758,40.80400999890186,0 -77.8960900001167,40.80409999884063,0 -77.89603999988799,40.80413999922757,0 -77.89587000000867,40.80428999876384,0 -77.89585999996294,40.80429999917421,0 -77.8957300002666,40.8044399993211,0 -77.89572000022083,40.80444999902888,0 -77.89539999965538,40.80483999937623,0 -77.89522999977606,40.80501999892055,0 -77.89521999973033,40.80501999892054,0 -77.89513000021697,40.80509999924124,0 -77.89485999988021,40.80526999917757,0 -77.89448999998437,40.80547999893772,0 -77.89374000014691,40.80589999918433,0 -77.89360999955225,40.80594999932805,0 -77.8933800002968,40.80583999882614,0 -77.89294000008074,40.80563999905366,0 -77.89278000024719,40.80554999916338,0 -77.89253000000193,40.80538999883046,0 -77.89226999971093,40.80520999892977,0 -77.89218000019756,40.80514999930772,0 -77.89209999983161,40.80508999895141,0 -77.8914799996905,40.80465999934378,0 -77.89118000011486,40.8044399993211,0 -77.89074999994453,40.80414999898051,0 -77.89070999976157,40.80411999903709,0 -77.89026000039809,40.80382999933821,0 -77.88930999964579,40.80330999883872,0 -77.88900000002438,40.80313999932171,0 -77.88890999961271,40.80309999901208,0 -77.88875999982487,40.80300999907725,0 -77.88869000040299,40.80297999929849,0 -77.8885499997626,40.80289999914225,0 -77.88847000029496,40.80285999936797,0 -77.88819999995823,40.80269999934976,0 -77.88810000039911,40.80262999883804,0 -77.88754999967988,40.80221999902092,0 -77.88737999980056,40.8020999990763,0 -77.88714999964679,40.80191999909263,0 -77.88693999958451,40.80173999930079,0 -77.88660999987162,40.80149999881896,0 -77.88649000022104,40.80142999908163,0 -77.88635999962638,40.8013799989326,0 -77.88626000006725,40.80134999909714,0 -77.88612000032518,40.80131999924809,0 -77.88577999966824,40.80128999938552,0 -77.88566000001764,40.80127999920163,0 -77.88574000038359,40.80064999885997,0 -77.8857699996225,40.8004699990241,0 -77.88579999975974,40.80029999903309,0 -77.88579999975974,40.80027999904553,0 -77.88581999985121,40.80019999903503,0 -77.88584999998845,40.80009999888632,0 -77.88589000017141,40.79996999880777,0 -77.88592000030864,40.79990999920871,0 -77.88599999977626,40.79969999882497,0 -77.88603999995924,40.79962999922942,0 -77.88620999983856,40.79934999874906,0 -77.88634999958063,40.79915999896473,0 -77.88649000022104,40.79897999916854,0 -77.88666000010035,40.79877999912472,0 -77.88674999961373,40.79865999908125,0 -77.88689000025413,40.79848999921495,0 -77.88700999990472,40.79833999881136,0 -77.88719999987551,40.79808999897224,0 -77.88736999975482,40.79786999893349,0 -77.88756999977137,40.79759999924946,0 -77.8877199995592,40.79760999930772,0 -77.88787000024534,40.79760999930773,0 -77.88814999972951,40.79757999912846,0 -77.88831999960881,40.79752999879953,0 -77.88883000014506,40.79736999885395,0 -77.88948999957086,40.79715999927522,0 -77.88969999963312,40.79708999904137,0 -77.88987000041075,40.79703999902343,0 -77.8903599999572,40.79688999874359,0 -77.89074999994453,40.79676999936382,0 -77.89103000032702,40.79668999920346,0 -77.89113999993188,40.79664999908707,0 -77.89113999993188,40.79665999928842,0</coordinates>
        </LineString>
        <LineString>
          <extrude>0</extrude>
          <tessellate>1</tessellate><altitudeMode>clampToGround</altitudeMode>
          <coordinates> -77.86154900039958,40.7945589990412,0 -77.86152000008725,40.79447999932971,0 -77.8615999995549,40.7944199988489,0 -77.86166999987509,40.79436999886023,0 -77.86232000015343,40.79388999882137,0 -77.86277000041521,40.79355999937438,0 -77.86300999971643,40.79337999935562,0 -77.86340999974949,40.79308999897911,0 -77.86391000024001,40.79270999907762,0 -77.86411000025656,40.79255999921585,0 -77.86440999983222,40.7923399992136,0 -77.86445000001518,40.79230999937321,0 -77.86490000027698,40.79195999910024,0 -77.86497999974461,40.79189999906252,0 -77.86518999980689,40.79172999888787,0 -77.86614999970662,40.79100999916371,0 -77.86638999990613,40.79082999903289,0 -77.86682000007644,40.79050999910689,0 -77.86753999977667,40.78995999877652,0 -77.86834999988858,40.78934999902982,0 -77.8686899996472,40.78909999934333,0 -77.86933999992554,40.78857999907525,0 -77.8694500004287,40.78849999924806,0 -77.86946999962187,40.78847999910618,0 -77.86965000044525,40.78834999939735,0 -77.86996000006664,40.78809999934666,0 -77.87050999988756,40.7876699991799,0 -77.87102999957122,40.78726999904001,0 -77.87120000034886,40.78716999913866,0 -77.87124999967925,40.78711999913158,0 -77.87128999986221,40.78708999897319,0 -77.87134000009095,40.7870299992959,0 -77.8714000003654,40.78698999880078,0 -77.87141999955857,40.78697999918338,0 -77.87160000038195,40.78682999930004,0 -77.87164999971235,40.78678999936457,0 -77.87189999995761,40.78658999932608,0 -77.8721600002486,40.78636999926814,0 -77.87228999994494,40.78625999896592,0 -77.87240000044811,40.78616999932506,0 -77.87262999970356,40.78597999922933,0 -77.87287999994882,40.7857799987919,0 -77.87301999969091,40.78565999905651,0 -77.87319999961596,40.78550999891232,0 -77.87325999989041,40.7854599990157,0 -77.87357000041014,40.78518999919551,0 -77.87410000013955,40.78473999932312,0 -77.87436999957797,40.78450999926893,0 -77.87441999980669,40.78446999929653,0 -77.87471000023491,40.78421999892294,0 -77.8750399999478,40.78393999874768,0 -77.87514999955266,40.78384999936377,0 -77.87555999963148,40.78348999924812,0 -77.87567000013466,40.78338999909644,0 -77.87592000037991,40.78317999883196,0 -77.87609000025923,40.78303999874019,0 -77.87615999968111,40.78297999880486,0 -77.87624000004705,40.78291999881537,0 -77.87667000021735,40.78255999910039,0 -77.87735999978035,40.78197999915869,0 -77.87785000022512,40.78155999925254,0 -77.87791999964699,40.78150999910302,0 -77.87881000012484,40.78075999914556,0 -77.87908999960902,40.78051999900313,0 -77.87957000000804,40.7801199993329,0 -77.88005999955449,40.7797099992627,0 -77.88013999992043,40.77963999899784,0 -77.88047999967905,40.77995999892638,0 -77.88061000027372,40.78007999875719,0 -77.88073999997005,40.7801999990515,0 -77.88091999989511,40.78037999874635,0 -77.88117000014036,40.78062999928942,0 -77.881249999608,40.78070999907401,0 -77.88143000043137,40.78087999889155,0 -77.88158000021919,40.78101999877477,0 -77.88173000000702,40.78113999873125,0 -77.88191999997782,40.78127999874661,0 -77.8820799998114,40.78137999935433,0 -77.88217000022308,40.78144999914598,0 -77.88228999987368,40.78151999886384,0 -77.88239000033111,40.78156999900584,0 -77.88250999998171,40.78163999927747,0 -77.8826299996323,40.78169999906287,0 -77.88276000022697,40.78174999906935,0 -77.8828199996031,40.78177999891916,0 -77.88330000000212,40.78196999878688,0 -77.88351000006442,40.78205999935791,0 -77.88394000023472,40.78221999878719,0 -77.88407999997679,40.78227999872882,0 -77.88478999963128,40.78254999881593,0 -77.88481999976852,40.78255999910039,0 -77.88508000005952,40.78266999872907,0 -77.88536999958941,40.78279999935392,0 -77.88562999988042,40.7829299990441,0 -77.8856499999719,40.7829499988169,0 -77.88578999971399,40.78302999920819,0 -77.88598999973053,40.78315999912842,0 -77.88614000041669,40.78324999876715,0 -77.88631000029599,40.78338999909644,0 -77.88677999975094,40.78385999877231,0 -77.88693999958451,40.78401999930687,0 -77.88708000022493,40.78416999873527,0 -77.88765000013731,40.78474999927784,0 -77.88787000024534,40.78496999926097,0 -77.88821000000397,40.78532999883621,0 -77.88876999987062,40.78590999877064,0 -77.889339999783,40.78647999938821,0 -77.88957999998253,40.78672999873613,0 -77.88989999964966,40.78705999880123,0 -77.89046000041465,40.78763999927003,0 -77.89060000015672,40.78777999918708,0 -77.89077000003603,40.78797999904243,0 -77.89092999986958,40.78817999897557,0 -77.89098000009831,40.78824999908193,0 -77.89113999993188,40.78846999903296,0 -77.8913099998112,40.78875999918411,0 -77.89142000031437,40.78896999880789,0 -77.89152999991923,40.78919999905884,0 -77.89160000023942,40.78936999890968,0 -77.89164000042238,40.78948999874246,0 -77.89167999970705,40.78958999923088,0 -77.89184000043895,40.78955999882812,0 -77.89208999978588,40.78952999909194,0 -77.8921900002433,40.78950999926027,0 -77.89220000028905,40.78950999926027,0 -77.89228999980241,40.78949999934216,0 -77.89236000012261,40.78950999926028,0 -77.89242000039707,40.78950999926027,0 -77.89253000000193,40.78953999900548,0 -77.89262000041361,40.7895699987372,0 -77.8928100003844,40.78962999883998,0 -77.89296000017224,40.78965999921113,0 -77.89312000000581,40.78967999899761,0 -77.89329999993086,40.78967999899761,0 -77.89346999981018,40.78965999921112,0 -77.89353000008462,40.78963999873854,0 -77.89361999959799,40.78961999894,0 -77.89373000010117,40.78957999932487,0 -77.89375000019265,40.7895699987372,0 -77.89383999970602,40.78952999909195,0 -77.8939500002092,40.78946999889874,0 -77.89419000040871,40.78933999908767,0 -77.89443999975566,40.78920999902209,0 -77.89469000000089,40.78905999873481,0 -77.89481999969723,40.78899999879705,0 -77.89490000006319,40.78895999880846,0 -77.89506999994251,40.78890999878883,0 -77.89507999998825,40.78890999878883,0 -77.89532000018777,40.7888599987315,0 -77.89546999997559,40.78883999937819,0 -77.89557000043301,40.7888199993387,0 -77.89557999958043,40.78882999935922,0 -77.89558999962618,40.78883999937819,0 -77.89559999967194,40.78883999937818,0 -77.89560999971768,40.78884999939569,0 -77.89561999976341,40.78884999939569,0 -77.89562999980915,40.7888599987315,0 -77.89563999985491,40.7888599987315,0 -77.89564999990064,40.7888599987315,0 -77.89565999994639,40.788869998746,0 -77.89566999999212,40.788869998746,0 -77.89569000008362,40.78886999874599,0 -77.89570000012935,40.78886999874599,0 -77.89571000017509,40.78886999874599,0 -77.89572000022083,40.78886999874599,0 -77.8957300002666,40.78886999874599,0 -77.89574000031233,40.78886999874599,0 -77.89576000040381,40.788869998746,0 -77.89576999955125,40.7888599987315,0 -77.895779999597,40.7888599987315,0 -77.89585999996294,40.78888999877042,0 -77.89594000032888,40.78891999879574,0 -77.8960700000252,40.78899999879705,0 -77.89627000004175,40.78910999932163,0 -77.89642999987531,40.78921999898383,0 -77.89653000033275,40.78928999935417,0 -77.89654000037849,40.78929999930386,0 -77.89675000044079,40.78952999909195,0 -77.89679999977119,40.78958999923088,0 -77.89694000041158,40.7897299991176,0 -77.89709000019941,40.78987999925165,0 -77.89712000033663,40.78990999882969,0 -77.89732000035318,40.79010999907111,0 -77.89746000009526,40.79023999873493,0 -77.89753000041546,40.79029999891249,0 -77.89759999983734,40.79032999898091,0 -77.89765000006606,40.79037999929157,0 -77.89786000012833,40.79060999873933,0 -77.89798999982469,40.79073999878448,0 -77.89806000014488,40.79080999891266,0 -77.8982800002529,40.79103999891134,0 -77.89829000029866,40.79103999891134,0 -77.898419999995,40.79116999879475,0 -77.89850000036093,40.79122999881202,0 -77.89860999996579,40.79130999875074,0 -77.89890000039402,40.79151999915138,0 -77.89902000004463,40.79159999874069,0 -77.89902000004463,40.79160999902262,0 -77.89908000031907,40.79164999877513,0 -77.89911999960373,40.7916899991836,0 -77.89916999983244,40.79173999915025,0 -77.8994200000777,40.79200999886358,0 -77.89955999981979,40.79215999928781,0 -77.899589999957,40.79219999938909,0 -77.89970999960761,40.7922899990187,0 -77.89919999996968,40.79255999921584,0 -77.89879999993659,40.79275999895628,0 -77.89749000023248,40.79343999873603,0 -77.89742999995802,40.79346999874595,0 -77.89695999960473,40.79370999901723,0 -77.89675999958821,40.79380999927091,0 -77.89655999957166,40.79390999937399,0 -77.89654000037849,40.79391999930803,0 -77.89635000040769,40.79407999872747,0 -77.8962800000875,40.79418999899734,0 -77.89619999972156,40.79429999908491,0 -77.89601999979648,40.7947299991623,0 -77.89593000028312,40.79494999940601,0 -77.89585999996294,40.79510999906355,0 -77.89579999968846,40.7952799987447,0 -77.89565999994639,40.79546999875329,0 -77.89549000006707,40.7955599993908,0 -77.89534000027925,40.79562999919779,0 -77.89502999975953,40.79569999893096,0 -77.89434000019654,40.79585999882119,0 -77.89418000036298,40.79588999909768,0 -77.89349999994742,40.79605999882168,0 -77.89327999983938,40.79610999889771,0 -77.8930499996856,40.7961699992112,0 -77.89261000036788,40.79627999873842,0 -77.89237000016836,40.79632999932877,0 -77.89157000010219,40.79652999927346,0 -77.89146999964477,40.79655999924719,0 -77.89113999993188,40.79664999908707,0</coordinates>
        </LineString>
      </MultiGeometry>
    </Placemark>
    <Placemark id="ID_00014">
      <name>NV</name>
      <snippet></snippet>
      <description><![CDATA[<html xmlns:fo="http://www.w3.org/1999/XSL/Format" xmlns:msxsl="urn:schemas-microsoft-com:xslt">
<head>
<META http-equiv="Content-Type" content="text/html">
<meta http-equiv="content-type" content="text/html; charset=UTF-8">
</head>
<body style="margin:0px 0px 0px 0px;overflow:auto;background:#FFFFFF;">
<table style="font-family:Arial,Verdana,Times;font-size:12px;text-align:left;width:100%;border-collapse:collapse;padding:3px 3px 3px 3px">
<tr style="text-align:center;font-weight:bold;background:#9CBCE2">
<td>NV</td>
</tr>
<tr>
<td>
<table style="font-family:Arial,Verdana,Times;font-size:12px;text-align:left;width:100%;border-spacing:0px; padding:3px 3px 3px 3px">
<tr>
<td>shape_id</td>
<td>51</td>
</tr>
<tr bgcolor="#D4E4F3">
<td>route_id</td>
<td>25</td>
</tr>
<tr>
<td>agency_id</td>
<td>CATA</td>
</tr>
<tr bgcolor="#D4E4F3">
<td>route_short_name</td>
<td>NV</td>
</tr>
<tr>
<td>route_long_name</td>
<td>&lt;Null&gt;</td>
</tr>
<tr bgcolor="#D4E4F3">
<td>route_desc</td>
<td>&lt;Null&gt;</td>
</tr>
<tr>
<td>route_type</td>
<td>3</td>
</tr>
<tr bgcolor="#D4E4F3">
<td>route_url</td>
<td>&lt;Null&gt;</td>
</tr>
<tr>
<td>route_sort_order</td>
<td>&lt;Null&gt;</td>
</tr>
<tr bgcolor="#D4E4F3">
<td>continuous_pickup</td>
<td>&lt;Null&gt;</td>
</tr>
<tr>
<td>continuous_drop_off</td>
<td>&lt;Null&gt;</td>
</tr>
<tr bgcolor="#D4E4F3">
<td>route_type_text</td>
<td>Bus</td>
</tr>
<tr>
<td>ColorCode</td>
<td>&lt;Null&gt;</td>
</tr>
<tr bgcolor="#D4E4F3">
<td>Shape__Length</td>
<td>9108.214157</td>
</tr>
<tr>
<td>GlobalID</td>
<td>{0F23A03C-B5F9-41C2-A345-4AEB2D2B7F59}</td>
</tr>
</table>
</td>
</tr>
</table>
</body><script type="text/javascript">
				function changeImage(attElement, nameElement) {
				document.getElementById('imageAttachment').src = attElement;
				document.getElementById('imageName').innerHTML = nameElement;}
			</script></html>
]]></description>
      <styleUrl>#LineStyle00</styleUrl>
      <MultiGeometry>
        <LineString>
          <extrude>0</extrude>
          <tessellate>1</tessellate><altitudeMode>clampToGround</altitudeMode>
          <coordinates> -77.86147999990429,40.79450999886964,0 -77.86076000020407,40.79505999891445,0 -77.86043999963863,40.79529999887857,0 -77.86037000021672,40.79534999884691,0 -77.86014000006296,40.79552999896518,0 -77.859839999589,40.79575999893498,0 -77.85982000039581,40.79576999927041,0 -77.85952999996759,40.79598999878803,0 -77.85921000030045,40.79622999879044,0 -77.85918000016322,40.79625999889974,0 -77.85897000010094,40.79640999924295,0 -77.85866999962697,40.79663999888421,0 -77.85830999977686,40.79690999907255,0 -77.8580799996231,40.79707999890478,0 -77.85800000015547,40.79714999914918,0 -77.85774999991021,40.79733999924622,0 -77.8576500003511,40.79740999921652,0 -77.85691999970682,40.79796999904148,0 -77.85616999986937,40.79852999890263,0 -77.85587000029372,40.79875999935921,0 -77.85572999965332,40.79886999935501,0 -77.8550099999531,40.79941999931987,0 -77.85481999998228,40.79956999932308,0 -77.85420999988692,40.80005999878463,0 -77.85400999987039,40.80020999938164,0 -77.85395999964166,40.80024999939294,0 -77.85339999977502,40.80068999928607,0 -77.85311000024511,40.80091999905861,0 -77.85270000016628,40.8012199987467,0 -77.85233000027043,40.80149999881897,0 -77.85216000039111,40.80161999916835,0 -77.85199999965923,40.80172999918469,0 -77.85193000023735,40.80166999913655,0 -77.85175000031229,40.80153999873285,0 -77.85173000022081,40.8015199991189,0 -77.85158000043297,40.80140999875454,0 -77.85144999983832,40.80132999874593,0 -77.85138000041644,40.80127999920162,0 -77.85118000039989,40.8012199987467,0 -77.85103999975949,40.8012099992323,0 -77.85091000006315,40.8012199987467,0 -77.85081999965148,40.80123999913102,0 -77.85071000004662,40.80128999938552,0 -77.85062999968066,40.80133999892229,0 -77.85057000030453,40.80138999910142,0 -77.85052000007582,40.80148999934673,0 -77.85049999998432,40.80155999902077,0 -77.85049999998432,40.80162999930096,0 -77.8505400001673,40.80194999935048,0 -77.85066999986364,40.80218999888514,0 -77.85081999965148,40.8024599989393,0 -77.85087999992592,40.80255999893249,0 -77.85091000006315,40.80259999888757,0 -77.85104999980524,40.80283999879184,0 -77.85117000035414,40.80302999892217,0 -77.85119000044565,40.80306999927398,0 -77.85138000041644,40.80337999931328,0 -77.85151000011278,40.80359999876976,0 -77.85189000005438,40.80423999872944,0 -77.85208000002517,40.80455999911479,0 -77.85214000029964,40.8046499989877,0 -77.85217999958429,40.80470999906181,0 -77.85220999972151,40.80475999874212,0 -77.85229000008745,40.80487999931718,0 -77.85243999987529,40.80506999904728,0 -77.85253000028698,40.80517999878553,0 -77.85263999989182,40.80530999885934,0 -77.85267000002906,40.80534999919693,0 -77.85298999969621,40.80565999878607,0 -77.85333000035314,40.80594999932805,0 -77.85339999977502,40.80599999875412,0 -77.85351000027819,40.80607999925342,0 -77.85357999970007,40.8061299992615,0 -77.8536099998373,40.8061499988462,0 -77.85386000008256,40.80631999881273,0 -77.85422999997843,40.80653999940286,0 -77.8546300000115,40.80674999922395,0 -77.85478999984507,40.80681999879,0 -77.85492000043972,40.80686999892051,0 -77.85589000038519,40.80730999912451,0 -77.85609000040174,40.8074099992894,0 -77.85634999979442,40.8075299991524,0 -77.85671999969027,40.80770999887999,0 -77.85695999988978,40.80782999888041,0 -77.85723000022654,40.80794999934376,0 -77.85772999981872,40.80818999893958,0 -77.85754999989366,40.80840999876979,0 -77.8572999996484,40.80866999892684,0 -77.85720000008929,40.80877999881734,0 -77.85672999973602,40.80925999929627,0 -77.85656999990245,40.80941999913767,0 -77.85614999977788,40.80985999875183,0 -77.85590999957837,40.81009999891871,0 -77.85589000038519,40.81011999934672,0 -77.85554999972825,40.81047999922072,0 -77.85546000021488,40.81057999936792,0 -77.85514999969517,40.81089999909818,0 -77.8547999998908,40.81125999881974,0 -77.85468000024021,40.81137999919941,0 -77.85434999962901,40.81173999903624,0 -77.85396999968741,40.81211999878472,0 -77.85388000017404,40.81218999880516,0 -77.85380999985385,40.81222999907506,0 -77.85394999959593,40.81237999936251,0 -77.85449000026942,40.81292999887499,0 -77.85476999975359,40.81321999892072,0 -77.8550800002733,40.81352999913865,0 -77.85514999969517,40.81360999939835,0 -77.85525000015261,40.81370999890751,0 -77.85539999994043,40.81385999924834,0 -77.85603000012729,40.81450999907276,0 -77.85623000014382,40.81472999902471,0 -77.85642000011462,40.81489999876606,0 -77.85705000030148,40.81548999880808,0 -77.85713999981485,40.815569998744,0 -77.85732999978563,40.81576999918146,0 -77.85745000033455,40.81590999892499,0 -77.85754999989366,40.81605999905078,0 -77.8575599999394,40.81607999904192,0 -77.8576500003511,40.81626999933692,0 -77.85775999995596,40.81653999921365,0 -77.85779000009319,40.81660999932963,0 -77.85786000041338,40.81675999923232,0 -77.85794999992676,40.8168999989262,0 -77.85805000038418,40.81702999915427,0 -77.85824000035497,40.81726999921992,0 -77.85844000037152,40.81747999907496,0 -77.85859000015935,40.81761999928879,0 -77.85872999990143,40.81773999904274,0 -77.85888999973501,40.81784999885306,0 -77.85904999956857,40.81795999916081,0 -77.85927999972235,40.81808999935117,0 -77.85929999981381,40.8180999990415,0 -77.85948999978463,40.81818999890593,0 -77.85958000019632,40.81823999930658,0 -77.86033000003376,40.81851999895028,0 -77.86035000012525,40.81852999925556,0 -77.86069999992962,40.8186999987769,0 -77.86075000015833,40.8187199993318,0 -77.86094000012912,40.81882999887673,0 -77.861530000133,40.81912999918059,0 -77.86231000010767,40.81953999921446,0 -77.86291000015731,40.81984999913283,0 -77.86310000012811,40.81995999884334,0 -77.86323999987019,40.82002999874952,0 -77.86349000011543,40.82016999902013,0 -77.86382999987407,40.82035999915753,0 -77.86449000019815,40.82073999915922,0 -77.86484000000253,40.82094999890595,0 -77.8650500000648,40.82106999875411,0 -77.8661699997981,40.82173999895797,0 -77.86654999973972,40.82195999940568,0 -77.8670700003217,40.82231999893499,0 -77.86710999960636,40.8223399990782,0 -77.86734999980587,40.82253999881848,0 -77.86746000030905,40.82261999908955,0 -77.86766000032559,40.82279999934669,0 -77.86774999983896,40.82287999930414,0 -77.86777999997618,40.8229199992467,0 -77.8678300002049,40.82296999880106,0 -77.86789999962677,40.82304999923326,0 -77.86804000026717,40.82319999884889,0 -77.86815999991776,40.82333999922634,0 -77.86827999956837,40.82347999930834,0 -77.8684700004375,40.82370999894707,0 -77.86854999990511,40.82379999935703,0 -77.86879000010462,40.82406999917431,0 -77.86899000012117,40.82430999891999,0 -77.86919000013769,40.82454999915673,0 -77.86954999998783,40.8249199989247,0 -77.86970999982138,40.82507999906689,0 -77.86986999965495,40.82521999887465,0 -77.86989999979218,40.82523999882306,0 -77.87008999976297,40.82538999892367,0 -77.87043999956734,40.8256299993306,0 -77.87064999962963,40.82575999876356,0 -77.87088999982915,40.8259099990475,0 -77.871780000307,40.82633999893281,0 -77.87217000029433,40.82650999882978,0 -77.87301999969091,40.826889998943,0 -77.87318999957022,40.82696999940488,0 -77.87338999958675,40.82705999878958,0 -77.87376000038093,40.82723999923164,0 -77.87425999997312,40.82744999879005,0 -77.87585000005971,40.82815999929877,0 -77.87621999995557,40.82831999910098,0 -77.87646000015506,40.82842999903845,0 -77.8766099999429,40.82828999920994,0 -77.87665000012588,40.82824999910761,0 -77.87671000040032,40.8281999987757,0 -77.8767799998222,40.82814999908592,0 -77.87686000018816,40.82809999935838,0 -77.87693999965578,40.82806999936779,0 -77.87700999997598,40.82803999936368,0 -77.87710000038766,40.82800999934595,0 -77.87716999980955,40.82798999887343,0 -77.87726000022123,40.82797999931472,0 -77.87744000014628,40.82794999926983,0 -77.87765000020858,40.82791999921144,0 -77.87770000043727,40.82791999921144,0 -77.87777999990492,40.82789999939153,0 -77.87808000037889,40.82786999931047,0 -77.87829999958859,40.82783999921588,0 -77.8783499998173,40.82782999895473,0 -77.87840000004603,40.8278199993718,0 -77.87853999978812,40.82779999884205,0 -77.8786800004285,40.8277699993955,0 -77.87880000007911,40.82773999925562,0 -77.87892999977545,40.82769999882145,0 -77.87904000027862,40.82765999904291,0 -77.87913999983773,40.82761999924023,0 -77.87923000024942,40.82757999873369,0 -77.87924000029516,40.82756999911307,0 -77.87935999994575,40.82750999931859,0 -77.87947000044893,40.82743999914983,0 -77.87958000005378,40.82736999890724,0 -77.87966000041972,40.82729999927047,0 -77.87973999988736,40.82722999888004,0 -77.87983000029904,40.82713999904636,0 -77.87989999972092,40.82705999878959,0 -77.87998000008687,40.82693999890313,0 -77.88000000017836,40.82690999906752,0 -77.88005000040707,40.82680999906431,0 -77.88010999978322,40.82667999897074,0 -77.88017000005767,40.82647999879965,0 -77.88018000010341,40.82641999937847,0 -77.88021000024065,40.82629999901364,0 -77.88022000028639,40.82627999938492,0 -77.88024000037787,40.82619999877041,0 -77.88026999961677,40.8261299992581,0 -77.880299999754,40.82603999929107,0 -77.880299999754,40.82602999875848,0 -77.88037000007421,40.82591999891839,0 -77.8804400003944,40.82580999889591,0 -77.88056000004499,40.82565999906548,0 -77.88061000027372,40.82560999882003,0 -77.88065999960412,40.82554999929146,0 -77.88075000001582,40.82546999915582,0 -77.88083000038175,40.82540999882081,0 -77.88085999962065,40.82538999892367,0 -77.88095000003234,40.82532999919604,0 -77.88118000018612,40.82516999897725,0 -77.88140000029414,40.82501999905882,0 -77.88151999994476,40.82495999899646,0 -77.88158000021919,40.8249199989247,0 -77.88163999959534,40.82487999882887,0 -77.88177000018999,40.82481999931954,0 -77.88178000023575,40.82481999931956,0 -77.88189999988633,40.82475999907624,0 -77.88199000029803,40.82472999893423,0 -77.88204999967417,40.82469999877864,0 -77.88221000040606,40.82464999916898,0 -77.88238000028537,40.82459999884184,0 -77.88241999957003,40.82458999877186,0 -77.88270999999824,40.82451999891972,0 -77.88283999969458,40.82448999934893,0 -77.88333000013937,40.82435999878603,0 -77.88351000006442,40.82430999891999,0 -77.88372000012669,40.82423999877237,0 -77.88393000018898,40.82413999882169,0 -77.88422999976464,40.82393999914773,0 -77.88457000042158,40.82371999914969,0 -77.88437000040503,40.82347999930834,0 -77.88430000008483,40.82342999877883,0 -77.88407999997679,40.82330999912179,0 -77.88406999993106,40.82330999912179,0 -77.88405999988532,40.82330999912179,0 -77.88404999983959,40.82330999912179,0 -77.88403999979381,40.82330999912179,0 -77.88402999974808,40.82329999885731,0 -77.88401999970235,40.82329999885731,0 -77.88400999965661,40.82329999885731,0 -77.88400999965661,40.82328999927115,0 -77.88399999961085,40.82328999927116,0 -77.88398999956512,40.82328999927115,0 -77.88398000041768,40.82327999900368,0 -77.88397000037195,40.82326999873467,0 -77.88396000032621,40.82325999914394,0 -77.88395000028046,40.82324999887197,0 -77.88395000028046,40.82323999927823,0 -77.88394000023472,40.82322999900319,0 -77.88394000023472,40.82321999940645,0 -77.88394000023472,40.82320999912844,0 -77.88394000023472,40.82319999884889,0 -77.88394000023472,40.82318999924761,0 -77.88394000023472,40.82317999896505,0 -77.88395000028046,40.82317999896505,0 -77.88395000028046,40.82316999936075,0 -77.88395000028046,40.82315999907521,0 -77.88396000032621,40.82315999907521,0 -77.88396000032621,40.82314999878811,0 -77.88397000037195,40.8231399991793,0 -77.88398000041768,40.8231399991793,0 -77.88398000041768,40.82312999888923,0 -77.88398999956512,40.82312999888922,0 -77.88399999961085,40.82311999927742,0 -77.88400999965661,40.82311999927741,0 -77.88400999965661,40.82310999898427,0 -77.88401999970235,40.82310999898427,0 -77.88402999974808,40.82310999898427,0 -77.88403999979381,40.82310999898427,0 -77.88404999983959,40.82310999898427,0 -77.88404999983959,40.82309999936943,0 -77.88405999988532,40.82309999936943,0 -77.88406999993106,40.82309999936943,0 -77.88407999997679,40.82309999936943,0 -77.88409000002255,40.82309999936943,0 -77.8841000000683,40.82309999936943,0 -77.88411000011403,40.82309999936943,0 -77.88412000015977,40.82310999898426,0 -77.88413000020553,40.82310999898426,0 -77.88414000025126,40.82310999898426,0 -77.884150000297,40.82310999898427,0 -77.884150000297,40.82311999927741,0 -77.88417000038849,40.82311999927741,0 -77.88417000038849,40.82312999888922,0 -77.88418000043424,40.82312999888922,0 -77.88418000043424,40.8231399991793,0 -77.88418999958166,40.8231399991793,0 -77.8841999996274,40.82314999878811,0 -77.8841999996274,40.82315999907522,0 -77.88420999967313,40.82316999936075,0 -77.88420999967313,40.82317999896505,0 -77.88421999971889,40.82317999896505,0 -77.88421999971889,40.82318999924761,0 -77.88431000013058,40.82325999914395,0 -77.88436000035929,40.82332999896642,0 -77.88440999968969,40.82338999914388,0 -77.88444999987266,40.82342999877885,0 -77.88463999984344,40.82368999921702,0 -77.88484999990574,40.82359999933753,0 -77.88497999960207,40.82354999889859,0 -77.88507000001377,40.82352999912027,0 -77.88510000015098,40.82351999888902,0 -77.88521999980159,40.82348999886588,0 -77.88535000039624,40.82345999882912,0 -77.88544999995536,40.82344999926703,0 -77.8855300003213,40.82342999877885,0 -77.8855799996517,40.82342999877885,0 -77.88575000042933,40.82341999921225,0 -77.88591000026291,40.8234099989644,0 -77.88598999973053,40.82340999896441,0 -77.88599999977626,40.82341999921225,0 -77.88619999979282,40.82342999877885,0 -77.88632000034174,40.82344999926703,0 -77.88653000040401,40.82348999886588,0 -77.88661999991739,40.82350999933599,0 -77.8866700001461,40.82351999888903,0 -77.88669000023758,40.82351999888903,0 -77.88670000028333,40.82351999888902,0 -77.88668000019183,40.8235699993506,0 -77.88664000000887,40.82371999914969,0 -77.88659999982589,40.82380999886632,0 -77.88655999964293,40.82391999880729,0 -77.88652000035826,40.82399999877337,0 -77.88650000026679,40.82404999887309,0 -77.88656890733728,40.82406332787608,0</coordinates>
        </LineString>
      </MultiGeometry>
    </Placemark>
    <Placemark id="ID_00015">
      <name>R</name>
      <snippet></snippet>
      <description><![CDATA[<html xmlns:fo="http://www.w3.org/1999/XSL/Format" xmlns:msxsl="urn:schemas-microsoft-com:xslt">
<head>
<META http-equiv="Content-Type" content="text/html">
<meta http-equiv="content-type" content="text/html; charset=UTF-8">
</head>
<body style="margin:0px 0px 0px 0px;overflow:auto;background:#FFFFFF;">
<table style="font-family:Arial,Verdana,Times;font-size:12px;text-align:left;width:100%;border-collapse:collapse;padding:3px 3px 3px 3px">
<tr style="text-align:center;font-weight:bold;background:#9CBCE2">
<td>R</td>
</tr>
<tr>
<td>
<table style="font-family:Arial,Verdana,Times;font-size:12px;text-align:left;width:100%;border-spacing:0px; padding:3px 3px 3px 3px">
<tr>
<td>shape_id</td>
<td>52</td>
</tr>
<tr bgcolor="#D4E4F3">
<td>route_id</td>
<td>31</td>
</tr>
<tr>
<td>agency_id</td>
<td>CATA</td>
</tr>
<tr bgcolor="#D4E4F3">
<td>route_short_name</td>
<td>R</td>
</tr>
<tr>
<td>route_long_name</td>
<td>R - Waupelani Dr</td>
</tr>
<tr bgcolor="#D4E4F3">
<td>route_desc</td>
<td>&lt;Null&gt;</td>
</tr>
<tr>
<td>route_type</td>
<td>3</td>
</tr>
<tr bgcolor="#D4E4F3">
<td>route_url</td>
<td>&lt;Null&gt;</td>
</tr>
<tr>
<td>route_sort_order</td>
<td>&lt;Null&gt;</td>
</tr>
<tr bgcolor="#D4E4F3">
<td>continuous_pickup</td>
<td>&lt;Null&gt;</td>
</tr>
<tr>
<td>continuous_drop_off</td>
<td>&lt;Null&gt;</td>
</tr>
<tr bgcolor="#D4E4F3">
<td>route_type_text</td>
<td>Bus</td>
</tr>
<tr>
<td>ColorCode</td>
<td>FF99CC</td>
</tr>
<tr bgcolor="#D4E4F3">
<td>Shape__Length</td>
<td>13595.050866</td>
</tr>
<tr>
<td>GlobalID</td>
<td>{895C7638-5D01-4128-81EE-26E7A9E1E5EB}</td>
</tr>
</table>
</td>
</tr>
</table>
</body><script type="text/javascript">
				function changeImage(attElement, nameElement) {
				document.getElementById('imageAttachment').src = attElement;
				document.getElementById('imageName').innerHTML = nameElement;}
			</script></html>
]]></description>
      <styleUrl>#LineStyle00</styleUrl>
      <MultiGeometry>
        <LineString>
          <extrude>0</extrude>
          <tessellate>1</tessellate><altitudeMode>clampToGround</altitudeMode>
          <coordinates> -77.87558999976871,40.76215999904451,0 -77.87582999996823,40.76238999891594,0 -77.87614999963536,40.76269999905122,0 -77.87650000033803,40.76301999892534,0 -77.87686000018816,40.76336999929867,0 -77.87710000038766,40.76361999921448,0 -77.8771100004334,40.76361999921448,0 -77.87715999976382,40.76366999922087,0 -77.87728000031271,40.76378999921884,0 -77.87739999996332,40.76389999931015,0 -77.87745000019203,40.76395999878839,0 -77.87757999988837,40.76406999927871,0 -77.87789999955552,40.76437999906248,0 -77.87808000037889,40.76426999908523,0 -77.87860000006256,40.76397999882921,0 -77.8787299997589,40.76389999931015,0 -77.87945000035745,40.76349999890959,0 -77.87951999977933,40.7634599992134,0 -77.87998000008687,40.76318999910358,0 -77.88007999964597,40.76312999893026,0 -77.88053999995353,40.76285999884068,0 -77.88064999955837,40.76279999904981,0 -77.88079000019877,40.76271999879083,0 -77.87970999975012,40.76162999876614,0 -77.87966999956714,40.76158999930535,0 -77.87907999956327,40.76101999876061,0 -77.87898000000416,40.760929998944,0 -77.87857999997108,40.76051999884218,0 -77.87849999960514,40.76044999877123,0 -77.87801000005868,40.75997999881562,0 -77.87783000013363,40.76006999923812,0 -77.87770999958471,40.76013999902883,0 -77.87766000025431,40.760169999111,0 -77.87747000028352,40.76027999906955,0 -77.87728000031271,40.76037999930693,0 -77.87712999962658,40.76045999898029,0 -77.87684000009666,40.76062999890198,0 -77.87649000029229,40.76080999922576,0 -77.87638999983488,40.76084999915591,0 -77.87637999978912,40.76085999930476,0 -77.87632999956041,40.76085999930476,0 -77.87615999968111,40.76094999921614,0 -77.87576999969376,40.76117999919212,0 -77.87497999967334,40.76156999922571,0 -77.87371000015222,40.76225999917513,0 -77.87318999957022,40.7625399988766,0 -77.87127999981648,40.76359999906533,0 -77.87121000039461,40.76363999935766,0 -77.87025999964229,40.76416999925721,0 -77.8700699996715,40.76426999908522,0 -77.86905000039562,40.76481999919199,0 -77.86838000002579,40.76517999911056,0 -77.86827999956837,40.76523999879399,0 -77.86733999976013,40.76576999886136,0 -77.86732999971439,40.76576999886136,0 -77.86693999972705,40.76599999916724,0 -77.86675999980199,40.76609999896328,0 -77.86610000037622,40.76647999940111,0 -77.86588000026819,40.76659999908792,0 -77.86537999977769,40.76684999910032,0 -77.86525000008135,40.76692999915059,0 -77.86522999998985,40.76693999906502,0 -77.86489000023124,40.76715999884365,0 -77.86488000018551,40.7671699994039,0 -77.86453000038111,40.76739999894669,0 -77.86434000041032,40.76751999901335,0 -77.86397999966188,40.76773999891293,0 -77.86333000028186,40.76810999908072,0 -77.86332000023613,40.7681199988176,0 -77.86296000038602,40.76831999936274,0 -77.86276000036948,40.76842999875966,0 -77.8614099995841,40.76917999913392,0 -77.86098000031208,40.76943999918361,0 -77.86077000024981,40.76956999916714,0 -77.86069999992962,40.76959999907486,0 -77.86062999960942,40.769509999311,0 -77.86054000009604,40.76940999920365,0 -77.86035000012525,40.76921999878911,0 -77.86010999992573,40.76897999913609,0 -77.86001000036661,40.76887999891149,0 -77.85959000024205,40.76843999912879,0 -77.85955000005909,40.7683899993093,0 -77.85944999960167,40.76828999887713,0 -77.859410000317,40.76824999934249,0 -77.85932999995106,40.76816999884025,0 -77.85890999982649,40.76773999891293,0 -77.85888999973501,40.76771999932321,0 -77.85881000026737,40.76764999935128,0 -77.85876000003866,40.76761999924352,0 -77.85873999994718,40.76760999875104,0 -77.85871999985569,40.76760999875104,0 -77.85870999980993,40.76760999875104,0 -77.8586999997642,40.76760999875104,0 -77.85868999971846,40.76760999875104,0 -77.85867999967272,40.76760999875104,0 -77.85866999962697,40.76760999875104,0 -77.85865999958123,40.76760999875104,0 -77.8586500004338,40.76760999875104,0 -77.85864000038806,40.76760999875104,0 -77.85863000034232,40.76759999893738,0 -77.85862000029657,40.76759999893738,0 -77.85861000025083,40.76759999893737,0 -77.8586000002051,40.7675899991222,0 -77.85859000015935,40.76758999912221,0 -77.85858000011359,40.76757999930558,0 -77.85857000006786,40.76756999880705,0 -77.85856000002212,40.7675599989874,0 -77.85854999997638,40.76754999916621,0 -77.85853999993063,40.76754999916621,0 -77.85853999993063,40.76753999934357,0 -77.85852999988488,40.76752999883902,0 -77.85852999988488,40.76751999901335,0 -77.85852999988488,40.76750999918615,0 -77.85851999983915,40.76749999935741,0 -77.85851999983915,40.76748999884691,0 -77.85851999983915,40.76747999901518,0 -77.85851999983915,40.76746999918198,0 -77.85851999983915,40.76745999934726,0 -77.85852999988488,40.76744999883072,0 -77.85852999988488,40.76743999899296,0 -77.85852999988488,40.76742999915373,0 -77.85853999993063,40.76741999931302,0 -77.85854999997638,40.7674099987904,0 -77.85856000002212,40.76739999894669,0 -77.85856000002212,40.76738999910142,0 -77.85857000006786,40.76738999910143,0 -77.85858000011359,40.7673799992547,0 -77.85859000015935,40.7673799992547,0 -77.85859000015935,40.76736999940642,0 -77.8586000002051,40.76736999940642,0 -77.85861000025083,40.76735999887633,0 -77.85862000029657,40.76735999887633,0 -77.85863000034232,40.76735999887633,0 -77.85864000038806,40.76734999902504,0 -77.8586500004338,40.76734999902504,0 -77.85865999958123,40.76734999902504,0 -77.85866999962697,40.76734999902504,0 -77.85867999967272,40.76734999902504,0 -77.85868999971846,40.76734999902504,0 -77.8586999997642,40.76733999917225,0 -77.85870999980993,40.76733999917225,0 -77.85871999985569,40.76733999917225,0 -77.85872999990143,40.76733999917225,0 -77.85873999994718,40.76733999917225,0 -77.85874999999291,40.76734999902504,0 -77.85876000003866,40.76734999902504,0 -77.85877000008441,40.76734999902504,0 -77.85879000017589,40.76735999887633,0 -77.85880000022162,40.76735999887632,0 -77.85881000026737,40.76736999940642,0 -77.85882000031312,40.76736999940642,0 -77.85883000035885,40.7673799992547,0 -77.85884000040458,40.7673799992547,0 -77.85884000040458,40.76738999910143,0 -77.85884999955204,40.76738999910143,0 -77.85884999955204,40.76739999894669,0 -77.85885999959777,40.76739999894669,0 -77.85885999959777,40.7674099987904,0 -77.85886999964352,40.76741999931302,0 -77.85886999964352,40.76742999915372,0 -77.85887999968925,40.76743999899296,0 -77.85887999968925,40.76744999883071,0 -77.85887999968925,40.76745999934726,0 -77.85887999968925,40.76746999918198,0 -77.85887999968925,40.76747999901518,0 -77.85887999968925,40.7674899988469,0 -77.85887999968925,40.76749999935742,0 -77.85887999968925,40.76750999918615,0 -77.85887999968925,40.76751999901335,0 -77.85886999964352,40.76752999883902,0 -77.85886999964352,40.76753999934357,0 -77.85885999959777,40.76753999934356,0 -77.85885999959777,40.76754999916621,0 -77.85888999973501,40.76760999875104,0 -77.85895000000946,40.7676799987651,0 -77.85902000032966,40.76774999938583,0 -77.8590599996143,40.76777999875453,0 -77.85919000020898,40.76791999903116,0 -77.85933999999679,40.76806999875732,0 -77.85946999969313,40.76821999882521,0 -77.85949999983038,40.76823999894476,0 -77.85951999992184,40.76825999905829,0 -77.85961000033353,40.76834999915448,0 -77.85962000037929,40.76835999885528,0 -77.85975000007562,40.76849999927071,0 -77.86017000020018,40.76893999933642,0 -77.86044999968436,40.7692299990393,0 -77.86059000032475,40.76937999921008,0 -77.86077000024981,40.76956999916714,0 -77.86078000029556,40.7696299989691,0 -77.86088999990041,40.76973999891886,0 -77.86103999968824,40.76989999876809,0 -77.86111000000842,40.76996999909123,0 -77.86116000023715,40.7700299992123,0 -77.86122999965905,40.77008999927925,0 -77.8612899999335,40.77014999929196,0 -77.8613600002537,40.77019999914785,0 -77.86158000036171,40.77038999880119,0 -77.86163999973787,40.77043999915677,0 -77.86168999996657,40.77047999873377,0 -77.86180999961718,40.77056999922483,0 -77.86196000030331,40.77066999894715,0 -77.86202999972519,40.77071999909203,0 -77.86220999965026,40.77083999928624,0 -77.86200999963371,40.77101999917117,0 -77.8615999995549,40.771389998764,0 -77.8612899999335,40.77163999912442,0 -77.86122999965905,40.7716799993397,0 -77.86096000022062,40.77186999884294,0 -77.86060000037051,40.77207999880755,0 -77.86022000042891,40.77229999925721,0 -77.85984999963475,40.77251999897844,0 -77.8596999998469,40.77259999900566,0 -77.85906999966006,40.77296999932435,0 -77.85826999959389,40.77343999925863,0 -77.85812999985181,40.77351999885843,0 -77.85806999957735,40.77355999930249,0 -77.85782000023042,40.77369999896632,0 -77.85717999999783,40.77407999880216,0 -77.85701000011851,40.77417999936441,0 -77.85682000014771,40.77428999926482,0 -77.85649999958225,40.77447999878753,0 -77.85645000025185,40.77449999906375,0 -77.8563899999774,40.77449999906375,0 -77.85647000034334,40.77465999901573,0 -77.856509999628,40.77481999926264,0 -77.85651999967374,40.77487999908581,0 -77.85652999971947,40.77505999891051,0 -77.85651999967374,40.77519999881494,0 -77.85649000043482,40.77534999911402,0 -77.85647000034334,40.77541999913768,0 -77.85642000011462,40.77555999896379,0 -77.85629999956571,40.77574999893608,0 -77.85622000009808,40.77584999902553,0 -77.85614999977788,40.77592999912471,0 -77.85592999966985,40.77612999929137,0 -77.85577999988203,40.77626999898178,0 -77.85540999998616,40.77660999913957,0 -77.85528000028982,40.77672999889985,0 -77.85511999955793,40.77688999892325,0 -77.85509000031904,40.77691999892729,0 -77.8549899998616,40.77703999880786,0 -77.85494999967864,40.77708999892086,0 -77.85491000039399,40.77714999873466,0 -77.85483000002804,40.77727999927917,0 -77.85477999979932,40.77737999910631,0 -77.8547499996621,40.77742999896338,0 -77.85469000028594,40.77758999934166,0 -77.85465000010298,40.77775999898117,0 -77.85464000005723,40.77783999882105,0 -77.8546300000115,40.77788999901217,0 -77.8546300000115,40.77794999878373,0 -77.85458999982853,40.77837999930176,0 -77.85455999969129,40.77853999875239,0 -77.85452999955407,40.77868999899271,0 -77.85452000040662,40.77875999889824,0 -77.85448000022366,40.77888999901296,0 -77.85445000008644,40.77898999913744,0 -77.85440999990348,40.7790999992365,0 -77.85427000016139,40.77941999904552,0 -77.85421999993265,40.7795199990523,0 -77.85418999979545,40.77957999939229,0 -77.85412000037356,40.77972999932484,0 -77.85406000009911,40.779829998865,0 -77.8540400000076,40.77986999891094,0 -77.85401999991613,40.77990999893286,0 -77.85393000040277,40.78001999886886,0 -77.85389000021979,40.78007999875719,0 -77.85385000003681,40.7801199993329,0 -77.85378999976236,40.78018999909193,0 -77.85373000038622,40.78023999887469,0 -77.85368000015751,40.78027999935397,0 -77.85363999997453,40.7803099991875,0 -77.85356999965434,40.78034999894444,0 -77.85342999991225,40.78042999906627,0 -77.85318999971273,40.78055999931384,0 -77.85303999992492,40.78064999907455,0 -77.8526599999833,40.78084999931552,0 -77.85226999999598,40.78105999878433,0 -77.85206999997943,40.78115999904305,0 -77.85188000000865,40.7812699989497,0 -77.85143999979258,40.78149999934066,0 -77.85066999986364,40.78191999894601,0 -77.85038000033373,40.78206999903594,0 -77.8501600002257,40.78218999913611,0 -77.85010999999699,40.78221999878721,0 -77.84982999961451,40.78237999919136,0 -77.84953000003885,40.78257999898462,0 -77.84944999967291,40.78263999928124,0 -77.84928999983934,40.78277999885573,0 -77.84910999991429,40.78295999904115,0 -77.84908999982279,40.78297999880486,0 -77.84890999989774,40.78319999920964,0 -77.84874000001842,40.78341999888568,0 -77.84865999965248,40.78357999911988,0 -77.848639999561,40.78361999894815,0 -77.84859000023062,40.78375999917768,0 -77.84857000013912,40.78379999889755,0 -77.84849999981893,40.78400999924227,0 -77.8484499995902,40.78413999928483,0 -77.84844000044278,40.7842099988884,0 -77.84844000044278,40.78425999904596,0 -77.8484499995902,40.78432999920326,0 -77.84847999972743,40.78445999929964,0 -77.8485400000019,40.78467999888304,0 -77.84875000006419,40.78474999927784,0 -77.84902000040093,40.78478999908166,0 -77.84921000037171,40.78482999886138,0 -77.84990999998047,40.78494999873614,0 -77.85093000015463,40.78513999905798,0 -77.85138000041644,40.78521999885186,0 -77.85183999982567,40.78530999909995,0 -77.85214000029964,40.78535999910952,0 -77.85259999970884,40.78544999916787,0 -77.85343999995798,40.78559999876742,0 -77.85369000020326,40.78564999923881,0 -77.85448000022366,40.78578999927016,0 -77.85454999964556,40.78579999906679,0 -77.85515999974091,40.78589999899059,0 -77.85540999998616,40.78594999923611,0 -77.85636999988591,40.78611999924519,0 -77.85652999971947,40.78614999916159,0 -77.85672999973602,40.78618999880231,0 -77.85683000019344,40.78620999895379,0 -77.85695999988978,40.7862399988295,0 -77.85713999981485,40.78628999881909,0 -77.85736999996861,40.7863599988772,0 -77.85749999966495,40.78639999907163,0 -77.85767999959,40.78646999901382,0 -77.85779000009319,40.78650999914201,0 -77.85782000023042,40.78651999883024,0 -77.85789999969803,40.78654999924606,0 -77.85800000015547,40.78659999900221,0 -77.8580799996231,40.78662999938196,0 -77.85822000026349,40.78669999908172,0 -77.85830999977686,40.78674999940506,0 -77.85841000023429,40.78679999901065,0 -77.85849999974765,40.78684999925871,0 -77.85853999993063,40.78686999921135,0 -77.85857000006786,40.78688999915798,0 -77.85876000003866,40.78701999900436,0 -77.85885999959777,40.7870799993708,0 -77.85896000005521,40.78715999886822,0 -77.8590300003754,40.78720999884525,0 -77.85924999958512,40.78736999879077,0 -77.85972999998413,40.78772999895911,0 -77.8600299995598,40.78795999874395,0 -77.86020000033741,40.78808999921626,0 -77.86033000003376,40.78819999920781,0 -77.86046999977584,40.78829999891841,0 -77.8607900003413,40.78854999889626,0 -77.86111000000842,40.7887899992682,0 -77.86138000034518,40.78898999880221,0 -77.8615999995549,40.7891599991907,0 -77.86205999986244,40.78951999917683,0 -77.86218999955878,40.78960999903846,0 -77.86227999997045,40.78967999899761,0 -77.86236000033639,40.78973999900106,0 -77.86246999994125,40.7898199993747,0 -77.86269000004927,40.78998999899856,0 -77.86271000014077,40.78999999884284,0 -77.86331000019038,40.79046999934781,0 -77.86378999969109,40.79083999875067,0 -77.86415999958696,40.79111999907897,0 -77.86460999984874,40.79146999901907,0 -77.86472000035192,40.79154999934872,0 -77.86474999959083,40.79156999924606,0 -77.86477999972806,40.79158999913738,0 -77.86480999986529,40.79159999874069,0 -77.86485000004826,40.79161999930309,0 -77.86488000018551,40.79162999890188,0 -77.8649300004142,40.79165999904953,0 -77.86497999974461,40.7916699993224,0 -77.86518999980689,40.79172999888787,0 -77.86497999974461,40.79189999906252,0 -77.86490000027698,40.79195999910024,0 -77.86445000001518,40.79230999937321,0 -77.86440999983222,40.7923399992136,0 -77.86411000025656,40.79255999921585,0 -77.86391000024001,40.79270999907762,0 -77.86340999974949,40.79308999897911,0 -77.86300999971643,40.79337999935562,0 -77.86277000041521,40.79355999937438,0 -77.86232000015343,40.79388999882137,0 -77.86166999987509,40.79436999886023,0 -77.8615999995549,40.7944199988489,0 -77.86152000008725,40.79447999932971,0 -77.86076000020407,40.79505999891445,0 -77.86043999963863,40.79529999887857,0 -77.86037000021672,40.79534999884691,0 -77.86014000006296,40.79552999896518,0 -77.859839999589,40.79575999893498,0 -77.85982000039581,40.79576999927041,0 -77.85952999996759,40.79598999878803,0 -77.85921000030045,40.79622999879044,0 -77.85918000016322,40.79625999889974,0 -77.85897000010094,40.79640999924295,0 -77.85866999962697,40.79663999888421,0 -77.85830999977686,40.79690999907255,0 -77.8580799996231,40.79707999890478,0 -77.85800000015547,40.79714999914918,0 -77.85774999991021,40.79733999924622,0 -77.8576500003511,40.79740999921652,0 -77.85691999970682,40.79796999904148,0 -77.8571499998606,40.79810999893962,0 -77.85786000041338,40.79850999906179,0 -77.85791999978952,40.79855999933261,0 -77.85832999986835,40.7987899990052,0 -77.85873999994718,40.79903999892817,0 -77.85889999978075,40.79913999931372,0 -77.85921000030045,40.79930999887546,0 -77.8594399995559,40.79942999910395,0 -77.85968999980116,40.79956999932308,0 -77.85974000002987,40.79957999908456,0 -77.8597700001671,40.79958999884455,0 -77.85981000035008,40.79960999903997,0 -77.85982000039581,40.79961999879544,0 -77.85985999968048,40.79962999922942,0 -77.86005999969701,40.79975999929382,0 -77.86017000020018,40.79982999875228,0 -77.86031999998801,40.79991999891897,0 -77.86027999980504,40.79995999910503,0 -77.8599600001379,40.80028999938008,0 -77.85951999992184,40.80073999927488,0 -77.85900000023817,40.80125999882932,0 -77.85853999993063,40.80170999894798,0 -77.85847999965618,40.80176999895994,0 -77.85809999971457,40.80213999930864,0 -77.85797000001824,40.8022599991809,0 -77.85791999978952,40.8023199993757,0 -77.85787999960655,40.80237999883625,0 -77.85786000041338,40.80244999893169,0 -77.85785000036763,40.80250999895473,0 -77.8580100002012,40.80252999895033,0 -77.85813999989755,40.80254999893993,0 -77.85827999963962,40.802579998913,0 -77.85841000023429,40.80261999885603,0 -77.85847999965618,40.80263999881853,0 -77.85856000002212,40.80266999875092,0 -77.85872999990143,40.80273999922051,0 -77.85889999978075,40.8028199988896,0 -77.85893999996371,40.80283999879183,0 -77.85916000007174,40.80296999936927,0 -77.8594599996474,40.80313999932171,0 -77.85971999993839,40.80327999919557,0 -77.85983000044156,40.80334999902179,0 -77.86016000015445,40.80352999920726,0 -77.86029999989653,40.80360999928411,0 -77.86052000000457,40.80372999921859,0 -77.86084999971743,40.8039199988411,0 -77.86126999984201,40.80415999873198,0 -77.86135000020795,40.80419999908274,0 -77.86138000034518,40.80421999924908,0 -77.86148999995004,40.80428999876384,0 -77.86203999977094,40.8037099989046,0 -77.86234000024491,40.80338999918077,0 -77.8624099996668,40.80331999939672,0 -77.86249000003275,40.8032399989703,0 -77.86268000000354,40.80303999884241,0 -77.86279999965414,40.80290999908207,0 -77.86311000017385,40.80257999891301,0 -77.86317999959573,40.80250999895473,0 -77.86368000008626,40.80198999899314,0 -77.86375000040644,40.80191999909263,0 -77.86399999975339,40.80164999888175,0 -77.86406000002783,40.8015899987613,0 -77.86411000025656,40.80153999873285,0 -77.86453000038111,40.80110999924515,0 -77.86454999957429,40.80108999882162,0 -77.86472000035192,40.8009199990586,0 -77.86488000018551,40.80074999886011,0 -77.86489000023124,40.80073999927487,0 -77.86494999960738,40.80066999873605,0 -77.86547000018936,40.80012999928678,0 -77.86553999961126,40.80000999896367,0 -77.86556999974849,40.79995999910503,0 -77.8655999998857,40.79986999899257,0 -77.86560999993146,40.79982999875228,0 -77.86564000006868,40.79967999933665,0 -77.86564000006868,40.79961999879544,0 -77.86565000011444,40.79947999936184,0 -77.86566000016018,40.79932999915528,0 -77.86567000020591,40.79924999935987,0 -77.86570000034314,40.79907999896449,0 -77.86573999962781,40.79890999881373,0 -77.86573999962781,40.79888999908738,0 -77.86575999971927,40.79880999876167,0 -77.86579999990225,40.79871999913006,0 -77.86585000013096,40.79863999927958,0 -77.86590000035967,40.79856999924625,0 -77.86598999987304,40.79847999928926,0 -77.86604000010178,40.79841999902345,0 -77.86606000019324,40.79840999908722,0 -77.86611999956939,40.79835999938346,0 -77.8663799998604,40.79817999877802,0 -77.8664300000891,40.79813999887936,0 -77.86651999960247,40.79806999899886,0 -77.86657999987693,40.79802999903398,0 -77.86677999989347,40.79787999895105,0 -77.86672200016716,40.79783599886242,0</coordinates>
        </LineString>
      </MultiGeometry>
    </Placemark>
    <Placemark id="ID_00016">
      <name>R</name>
      <snippet></snippet>
      <description><![CDATA[<html xmlns:fo="http://www.w3.org/1999/XSL/Format" xmlns:msxsl="urn:schemas-microsoft-com:xslt">
<head>
<META http-equiv="Content-Type" content="text/html">
<meta http-equiv="content-type" content="text/html; charset=UTF-8">
</head>
<body style="margin:0px 0px 0px 0px;overflow:auto;background:#FFFFFF;">
<table style="font-family:Arial,Verdana,Times;font-size:12px;text-align:left;width:100%;border-collapse:collapse;padding:3px 3px 3px 3px">
<tr style="text-align:center;font-weight:bold;background:#9CBCE2">
<td>R</td>
</tr>
<tr>
<td>
<table style="font-family:Arial,Verdana,Times;font-size:12px;text-align:left;width:100%;border-spacing:0px; padding:3px 3px 3px 3px">
<tr>
<td>shape_id</td>
<td>53</td>
</tr>
<tr bgcolor="#D4E4F3">
<td>route_id</td>
<td>31</td>
</tr>
<tr>
<td>agency_id</td>
<td>CATA</td>
</tr>
<tr bgcolor="#D4E4F3">
<td>route_short_name</td>
<td>R</td>
</tr>
<tr>
<td>route_long_name</td>
<td>R - Waupelani Dr</td>
</tr>
<tr bgcolor="#D4E4F3">
<td>route_desc</td>
<td>&lt;Null&gt;</td>
</tr>
<tr>
<td>route_type</td>
<td>3</td>
</tr>
<tr bgcolor="#D4E4F3">
<td>route_url</td>
<td>&lt;Null&gt;</td>
</tr>
<tr>
<td>route_sort_order</td>
<td>&lt;Null&gt;</td>
</tr>
<tr bgcolor="#D4E4F3">
<td>continuous_pickup</td>
<td>&lt;Null&gt;</td>
</tr>
<tr>
<td>continuous_drop_off</td>
<td>&lt;Null&gt;</td>
</tr>
<tr bgcolor="#D4E4F3">
<td>route_type_text</td>
<td>Bus</td>
</tr>
<tr>
<td>ColorCode</td>
<td>FF99CC</td>
</tr>
<tr bgcolor="#D4E4F3">
<td>Shape__Length</td>
<td>9354.328178</td>
</tr>
<tr>
<td>GlobalID</td>
<td>{6B55E06F-23B9-481F-8FAB-FC8CAA62EC6D}</td>
</tr>
</table>
</td>
</tr>
</table>
</body><script type="text/javascript">
				function changeImage(attElement, nameElement) {
				document.getElementById('imageAttachment').src = attElement;
				document.getElementById('imageName').innerHTML = nameElement;}
			</script></html>
]]></description>
      <styleUrl>#LineStyle00</styleUrl>
      <MultiGeometry>
        <LineString>
          <extrude>0</extrude>
          <tessellate>1</tessellate><altitudeMode>clampToGround</altitudeMode>
          <coordinates> -77.85902000032966,40.76774999938583,0 -77.8590599996143,40.76777999875453,0 -77.85919000020898,40.76791999903116,0 -77.85933999999679,40.76806999875732,0 -77.85946999969313,40.76821999882521,0 -77.85949999983038,40.76823999894476,0 -77.85951999992184,40.76825999905829,0 -77.85961000033353,40.76834999915448,0 -77.85962000037929,40.76835999885528,0 -77.85975000007562,40.76849999927071,0 -77.86017000020018,40.76893999933642,0 -77.86044999968436,40.7692299990393,0 -77.86059000032475,40.76937999921008,0 -77.86077000024981,40.76956999916714,0 -77.86078000029556,40.7696299989691,0 -77.86088999990041,40.76973999891886,0 -77.86103999968824,40.76989999876809,0 -77.86111000000842,40.76996999909123,0 -77.86116000023715,40.7700299992123,0 -77.86122999965905,40.77008999927925,0 -77.8612899999335,40.77014999929196,0 -77.8613600002537,40.77019999914785,0 -77.86158000036171,40.77038999880119,0 -77.86163999973787,40.77043999915677,0 -77.86168999996657,40.77047999873377,0 -77.86180999961718,40.77056999922483,0 -77.86196000030331,40.77066999894715,0 -77.86202999972519,40.77071999909203,0 -77.86220999965026,40.77083999928624,0 -77.86200999963371,40.77101999917117,0 -77.8615999995549,40.771389998764,0 -77.8612899999335,40.77163999912442,0 -77.86122999965905,40.7716799993397,0 -77.86096000022062,40.77186999884294,0 -77.86060000037051,40.77207999880755,0 -77.86022000042891,40.77229999925721,0 -77.85984999963475,40.77251999897844,0 -77.8596999998469,40.77259999900566,0 -77.85906999966006,40.77296999932435,0 -77.85826999959389,40.77343999925863,0 -77.85812999985181,40.77351999885843,0 -77.85806999957735,40.77355999930249,0 -77.85782000023042,40.77369999896632,0 -77.85717999999783,40.77407999880216,0 -77.85701000011851,40.77417999936441,0 -77.85682000014771,40.77428999926482,0 -77.85649999958225,40.77447999878753,0 -77.85645000025185,40.77449999906375,0 -77.8563899999774,40.77449999906375,0 -77.85647000034334,40.77465999901573,0 -77.856509999628,40.77481999926264,0 -77.85651999967374,40.77487999908581,0 -77.85652999971947,40.77505999891051,0 -77.85651999967374,40.77519999881494,0 -77.85649000043482,40.77534999911402,0 -77.85647000034334,40.77541999913768,0 -77.85642000011462,40.77555999896379,0 -77.85629999956571,40.77574999893608,0 -77.85622000009808,40.77584999902553,0 -77.85614999977788,40.77592999912471,0 -77.85592999966985,40.77612999929137,0 -77.85577999988203,40.77626999898178,0 -77.85540999998616,40.77660999913957,0 -77.85528000028982,40.77672999889985,0 -77.85511999955793,40.77688999892325,0 -77.85509000031904,40.77691999892729,0 -77.8549899998616,40.77703999880786,0 -77.85494999967864,40.77708999892086,0 -77.85491000039399,40.77714999873466,0 -77.85483000002804,40.77727999927917,0 -77.85477999979932,40.77737999910631,0 -77.8547499996621,40.77742999896338,0 -77.85469000028594,40.77758999934166,0 -77.85465000010298,40.77775999898117,0 -77.85464000005723,40.77783999882105,0 -77.8546300000115,40.77788999901217,0 -77.8546300000115,40.77794999878373,0 -77.85458999982853,40.77837999930176,0 -77.85455999969129,40.77853999875239,0 -77.85452999955407,40.77868999899271,0 -77.85452000040662,40.77875999889824,0 -77.85448000022366,40.77888999901296,0 -77.85445000008644,40.77898999913744,0 -77.85440999990348,40.7790999992365,0 -77.85427000016139,40.77941999904552,0 -77.85421999993265,40.7795199990523,0 -77.85418999979545,40.77957999939229,0 -77.85412000037356,40.77972999932484,0 -77.85406000009911,40.779829998865,0 -77.8540400000076,40.77986999891094,0 -77.85401999991613,40.77990999893286,0 -77.85393000040277,40.78001999886886,0 -77.85389000021979,40.78007999875719,0 -77.85385000003681,40.7801199993329,0 -77.85378999976236,40.78018999909193,0 -77.85373000038622,40.78023999887469,0 -77.85368000015751,40.78027999935397,0 -77.85363999997453,40.7803099991875,0 -77.85356999965434,40.78034999894444,0 -77.85342999991225,40.78042999906627,0 -77.85318999971273,40.78055999931384,0 -77.85303999992492,40.78064999907455,0 -77.8526599999833,40.78084999931552,0 -77.85226999999598,40.78105999878433,0 -77.85206999997943,40.78115999904305,0 -77.85188000000865,40.7812699989497,0 -77.85143999979258,40.78149999934066,0 -77.85066999986364,40.78191999894601,0 -77.85038000033373,40.78206999903594,0 -77.8501600002257,40.78218999913611,0 -77.85010999999699,40.78221999878721,0 -77.84982999961451,40.78237999919136,0 -77.84953000003885,40.78257999898462,0 -77.84944999967291,40.78263999928124,0 -77.84928999983934,40.78277999885573,0 -77.84910999991429,40.78295999904115,0 -77.84908999982279,40.78297999880486,0 -77.84890999989774,40.78319999920964,0 -77.84874000001842,40.78341999888568,0 -77.84865999965248,40.78357999911988,0 -77.848639999561,40.78361999894815,0 -77.84859000023062,40.78375999917768,0 -77.84857000013912,40.78379999889755,0 -77.84849999981893,40.78400999924227,0 -77.8484499995902,40.78413999928483,0 -77.84844000044278,40.7842099988884,0 -77.84844000044278,40.78425999904596,0 -77.8484499995902,40.78432999920326,0 -77.84847999972743,40.78445999929964,0 -77.8485400000019,40.78467999888304,0 -77.84875000006419,40.78474999927784,0 -77.84902000040093,40.78478999908166,0 -77.84921000037171,40.78482999886138,0 -77.84990999998047,40.78494999873614,0 -77.85093000015463,40.78513999905798,0 -77.85138000041644,40.78521999885186,0 -77.85183999982567,40.78530999909995,0 -77.85214000029964,40.78535999910952,0 -77.85259999970884,40.78544999916787,0 -77.85343999995798,40.78559999876742,0 -77.85369000020326,40.78564999923881,0 -77.85448000022366,40.78578999927016,0 -77.85454999964556,40.78579999906679,0 -77.85515999974091,40.78589999899059,0 -77.85540999998616,40.78594999923611,0 -77.85636999988591,40.78611999924519,0 -77.85652999971947,40.78614999916159,0 -77.85672999973602,40.78618999880231,0 -77.85683000019344,40.78620999895379,0 -77.85695999988978,40.7862399988295,0 -77.85713999981485,40.78628999881909,0 -77.85736999996861,40.7863599988772,0 -77.85749999966495,40.78639999907163,0 -77.85767999959,40.78646999901382,0 -77.85779000009319,40.78650999914201,0 -77.85782000023042,40.78651999883024,0 -77.85789999969803,40.78654999924606,0 -77.85800000015547,40.78659999900221,0 -77.8580799996231,40.78662999938196,0 -77.85822000026349,40.78669999908172,0 -77.85830999977686,40.78674999940506,0 -77.85841000023429,40.78679999901065,0 -77.85849999974765,40.78684999925871,0 -77.85853999993063,40.78686999921135,0 -77.85857000006786,40.78688999915798,0 -77.85876000003866,40.78701999900436,0 -77.85885999959777,40.7870799993708,0 -77.85896000005521,40.78715999886822,0 -77.8590300003754,40.78720999884525,0 -77.85924999958512,40.78736999879077,0 -77.85972999998413,40.78772999895911,0 -77.8600299995598,40.78795999874395,0 -77.86020000033741,40.78808999921626,0 -77.86033000003376,40.78819999920781,0 -77.86046999977584,40.78829999891841,0 -77.8607900003413,40.78854999889626,0 -77.86111000000842,40.7887899992682,0 -77.86138000034518,40.78898999880221,0 -77.8615999995549,40.7891599991907,0 -77.86205999986244,40.78951999917683,0 -77.86218999955878,40.78960999903846,0 -77.86227999997045,40.78967999899761,0 -77.86236000033639,40.78973999900106,0 -77.86246999994125,40.7898199993747,0 -77.86269000004927,40.78998999899856,0 -77.86271000014077,40.78999999884284,0 -77.86331000019038,40.79046999934781,0 -77.86378999969109,40.79083999875067,0 -77.86415999958696,40.79111999907897,0 -77.86460999984874,40.79146999901907,0 -77.86472000035192,40.79154999934872,0 -77.86474999959083,40.79156999924606,0 -77.86477999972806,40.79158999913738,0 -77.86480999986529,40.79159999874069,0 -77.86485000004826,40.79161999930309,0 -77.86488000018551,40.79162999890188,0 -77.8649300004142,40.79165999904953,0 -77.86497999974461,40.7916699993224,0 -77.86518999980689,40.79172999888787,0 -77.86497999974461,40.79189999906252,0 -77.86490000027698,40.79195999910024,0 -77.86445000001518,40.79230999937321,0 -77.86440999983222,40.7923399992136,0 -77.86411000025656,40.79255999921585,0 -77.86391000024001,40.79270999907762,0 -77.86340999974949,40.79308999897911,0 -77.86300999971643,40.79337999935562,0 -77.86277000041521,40.79355999937438,0 -77.86232000015343,40.79388999882137,0 -77.86166999987509,40.79436999886023,0 -77.8615999995549,40.7944199988489,0 -77.86152000008725,40.79447999932971,0 -77.86076000020407,40.79505999891445,0 -77.86043999963863,40.79529999887857,0 -77.86037000021672,40.79534999884691,0 -77.86014000006296,40.79552999896518,0 -77.859839999589,40.79575999893498,0 -77.85982000039581,40.79576999927041,0 -77.85952999996759,40.79598999878803,0 -77.85921000030045,40.79622999879044,0 -77.85918000016322,40.79625999889974,0 -77.85897000010094,40.79640999924295,0 -77.85866999962697,40.79663999888421,0 -77.85830999977686,40.79690999907255,0 -77.8580799996231,40.79707999890478,0 -77.85800000015547,40.79714999914918,0 -77.85774999991021,40.79733999924622,0 -77.8576500003511,40.79740999921652,0 -77.85691999970682,40.79796999904148,0 -77.8571499998606,40.79810999893962,0 -77.85786000041338,40.79850999906179,0 -77.85791999978952,40.79855999933261,0 -77.85832999986835,40.7987899990052,0 -77.85873999994718,40.79903999892817,0 -77.85889999978075,40.79913999931372,0 -77.85921000030045,40.79930999887546,0 -77.8594399995559,40.79942999910395,0 -77.85968999980116,40.79956999932308,0 -77.85974000002987,40.79957999908456,0 -77.8597700001671,40.79958999884455,0 -77.85981000035008,40.79960999903997,0 -77.85982000039581,40.79961999879544,0 -77.85985999968048,40.79962999922942,0 -77.86005999969701,40.79975999929382,0 -77.86017000020018,40.79982999875228,0 -77.86031999998801,40.79991999891897,0 -77.86027999980504,40.79995999910503,0 -77.8599600001379,40.80028999938008,0 -77.85951999992184,40.80073999927488,0 -77.85900000023817,40.80125999882932,0 -77.85853999993063,40.80170999894798,0 -77.85847999965618,40.80176999895994,0 -77.85809999971457,40.80213999930864,0 -77.85797000001824,40.8022599991809,0 -77.85791999978952,40.8023199993757,0 -77.85787999960655,40.80237999883625,0 -77.85786000041338,40.80244999893169,0 -77.85785000036763,40.80250999895473,0 -77.8580100002012,40.80252999895033,0 -77.85813999989755,40.80254999893993,0 -77.85827999963962,40.802579998913,0 -77.85841000023429,40.80261999885603,0 -77.85847999965618,40.80263999881853,0 -77.85856000002212,40.80266999875092,0 -77.85872999990143,40.80273999922051,0 -77.85889999978075,40.8028199988896,0 -77.85893999996371,40.80283999879183,0 -77.85916000007174,40.80296999936927,0 -77.8594599996474,40.80313999932171,0 -77.85971999993839,40.80327999919557,0 -77.85983000044156,40.80334999902179,0 -77.86016000015445,40.80352999920726,0 -77.86029999989653,40.80360999928411,0 -77.86052000000457,40.80372999921859,0 -77.86084999971743,40.8039199988411,0 -77.86126999984201,40.80415999873198,0 -77.86135000020795,40.80419999908274,0 -77.86138000034518,40.80421999924908,0 -77.86148999995004,40.80428999876384,0 -77.86203999977094,40.8037099989046,0 -77.86234000024491,40.80338999918077,0 -77.8624099996668,40.80331999939672,0 -77.86249000003275,40.8032399989703,0 -77.86268000000354,40.80303999884241,0 -77.86279999965414,40.80290999908207,0 -77.86311000017385,40.80257999891301,0 -77.86317999959573,40.80250999895473,0 -77.86368000008626,40.80198999899314,0 -77.86375000040644,40.80191999909263,0 -77.86399999975339,40.80164999888175,0 -77.86406000002783,40.8015899987613,0 -77.86411000025656,40.80153999873285,0 -77.86453000038111,40.80110999924515,0 -77.86454999957429,40.80108999882162,0 -77.86472000035192,40.8009199990586,0 -77.86488000018551,40.80074999886011,0 -77.86489000023124,40.80073999927487,0 -77.86494999960738,40.80066999873605,0 -77.86547000018936,40.80012999928678,0 -77.86553999961126,40.80000999896367,0 -77.86556999974849,40.79995999910503,0 -77.8655999998857,40.79986999899257,0 -77.86560999993146,40.79982999875228,0 -77.86564000006868,40.79967999933665,0 -77.86564000006868,40.79961999879544,0 -77.86565000011444,40.79947999936184,0 -77.86566000016018,40.79932999915528,0 -77.86567000020591,40.79924999935987,0 -77.86570000034314,40.79907999896449,0 -77.86573999962781,40.79890999881373,0 -77.86573999962781,40.79888999908738,0 -77.86575999971927,40.79880999876167,0 -77.86579999990225,40.79871999913006,0 -77.86585000013096,40.79863999927958,0 -77.86590000035967,40.79856999924625,0 -77.86598999987304,40.79847999928926,0 -77.86604000010178,40.79841999902345,0 -77.86606000019324,40.79840999908722,0 -77.86611999956939,40.79835999938346,0 -77.8663799998604,40.79817999877802,0 -77.8664300000891,40.79813999887936,0 -77.86651999960247,40.79806999899886,0 -77.86657999987693,40.79802999903398,0 -77.86677999989347,40.79787999895105,0 -77.86672200016716,40.79783599886242,0</coordinates>
        </LineString>
      </MultiGeometry>
    </Placemark>
    <Placemark id="ID_00017">
      <name>R</name>
      <snippet></snippet>
      <description><![CDATA[<html xmlns:fo="http://www.w3.org/1999/XSL/Format" xmlns:msxsl="urn:schemas-microsoft-com:xslt">
<head>
<META http-equiv="Content-Type" content="text/html">
<meta http-equiv="content-type" content="text/html; charset=UTF-8">
</head>
<body style="margin:0px 0px 0px 0px;overflow:auto;background:#FFFFFF;">
<table style="font-family:Arial,Verdana,Times;font-size:12px;text-align:left;width:100%;border-collapse:collapse;padding:3px 3px 3px 3px">
<tr style="text-align:center;font-weight:bold;background:#9CBCE2">
<td>R</td>
</tr>
<tr>
<td>
<table style="font-family:Arial,Verdana,Times;font-size:12px;text-align:left;width:100%;border-spacing:0px; padding:3px 3px 3px 3px">
<tr>
<td>shape_id</td>
<td>54</td>
</tr>
<tr bgcolor="#D4E4F3">
<td>route_id</td>
<td>31</td>
</tr>
<tr>
<td>agency_id</td>
<td>CATA</td>
</tr>
<tr bgcolor="#D4E4F3">
<td>route_short_name</td>
<td>R</td>
</tr>
<tr>
<td>route_long_name</td>
<td>R - Waupelani Dr</td>
</tr>
<tr bgcolor="#D4E4F3">
<td>route_desc</td>
<td>&lt;Null&gt;</td>
</tr>
<tr>
<td>route_type</td>
<td>3</td>
</tr>
<tr bgcolor="#D4E4F3">
<td>route_url</td>
<td>&lt;Null&gt;</td>
</tr>
<tr>
<td>route_sort_order</td>
<td>&lt;Null&gt;</td>
</tr>
<tr bgcolor="#D4E4F3">
<td>continuous_pickup</td>
<td>&lt;Null&gt;</td>
</tr>
<tr>
<td>continuous_drop_off</td>
<td>&lt;Null&gt;</td>
</tr>
<tr bgcolor="#D4E4F3">
<td>route_type_text</td>
<td>Bus</td>
</tr>
<tr>
<td>ColorCode</td>
<td>FF99CC</td>
</tr>
<tr bgcolor="#D4E4F3">
<td>Shape__Length</td>
<td>10052.270737</td>
</tr>
<tr>
<td>GlobalID</td>
<td>{A330DB4F-0702-4AEE-827D-30A1E906FAB4}</td>
</tr>
</table>
</td>
</tr>
</table>
</body><script type="text/javascript">
				function changeImage(attElement, nameElement) {
				document.getElementById('imageAttachment').src = attElement;
				document.getElementById('imageName').innerHTML = nameElement;}
			</script></html>
]]></description>
      <styleUrl>#LineStyle00</styleUrl>
      <MultiGeometry>
        <LineString>
          <extrude>0</extrude>
          <tessellate>1</tessellate><altitudeMode>clampToGround</altitudeMode>
          <coordinates> -77.86008999983426,40.78815999873731,0 -77.86020000033741,40.78808999921626,0 -77.86046999977584,40.78829999891841,0 -77.8607900003413,40.78854999889626,0 -77.86111000000842,40.7887899992682,0 -77.86138000034518,40.78898999880221,0 -77.8615999995549,40.7891599991907,0 -77.86205999986244,40.78951999917683,0 -77.86218999955878,40.78960999903846,0 -77.86227999997045,40.78967999899761,0 -77.86236000033639,40.78973999900106,0 -77.86246999994125,40.7898199993747,0 -77.86269000004927,40.78998999899856,0 -77.86271000014077,40.78999999884284,0 -77.86322999982444,40.79040999932384,0 -77.86331000019038,40.79046999934781,0 -77.86378999969109,40.79083999875067,0 -77.86460999984874,40.79146999901907,0 -77.86472000035192,40.79154999934872,0 -77.86474999959083,40.79156999924606,0 -77.86477999972806,40.79158999913738,0 -77.86480999986529,40.79159999874069,0 -77.86485000004826,40.79161999930309,0 -77.86488000018551,40.79162999890188,0 -77.8649300004142,40.79165999904953,0 -77.86497999974461,40.7916699993224,0 -77.86518999980689,40.79172999888787,0 -77.86533999959471,40.79178999907921,0 -77.86544000005215,40.7918299994034,0 -77.86548000023512,40.79184999921635,0 -77.86552999956552,40.79187999926458,0 -77.86566000016018,40.79194999887104,0 -77.86571000038887,40.79201999908377,0 -77.86611999956939,40.79224999897163,0 -77.86654999973972,40.79248999889234,0 -77.86683000012218,40.79264999903754,0 -77.86690000044239,40.79268999884363,0 -77.86704000018447,40.79275999895628,0 -77.86740000003456,40.79297999892704,0 -77.86763000018834,40.79312999920015,0 -77.8678300002049,40.79326999910398,0 -77.86793999980975,40.79334999930509,0 -77.86794999985548,40.79335999932345,0 -77.86804000026717,40.79343999873602,0 -77.86809999964332,40.7934999987423,0 -77.86838000002579,40.79377999873452,0 -77.86843000025452,40.79382999916754,0 -77.86866000040828,40.79410999912829,0 -77.86900000016691,40.79450999886964,0 -77.86908999968028,40.79461999910708,0 -77.86924000036643,40.79477999887983,0 -77.8693299998798,40.79486999909262,0 -77.86941000024572,40.79494999940601,0 -77.8695199998506,40.79503999938834,0 -77.86963000035377,40.79512999924867,0 -77.86977000009584,40.79522999940373,0 -77.86989999979218,40.79533999912832,0 -77.87005999962577,40.79543999896708,0 -77.87010999985448,40.79546999875329,0 -77.87022000035765,40.79553999933525,0 -77.87047999975032,40.79568999926506,0 -77.87041000032845,40.79574999927814,0 -77.87018000017467,40.79592999899189,0 -77.86992999992943,40.79611999918041,0 -77.86981000027882,40.79619999934766,0 -77.86965000044525,40.79632999932877,0 -77.86960000021654,40.7963699989579,0 -77.86952999989633,40.7964199988004,0 -77.86946999962187,40.79644999882383,0 -77.86940000019999,40.79647999883375,0 -77.86933999992554,40.7964999992862,0 -77.86927999965107,40.79651999905252,0 -77.86922000027494,40.79652999927346,0 -77.86916000000049,40.79653999881284,0 -77.86909999972602,40.79655999924719,0 -77.8690200002584,40.79655999924719,0 -77.86895999998394,40.79655999924719,0 -77.86888999966372,40.79655999924718,0 -77.86884000033335,40.79654999903076,0 -77.86873999987591,40.79653999881284,0 -77.86867999960145,40.79651999905252,0 -77.86860000013384,40.79650999883008,0 -77.86844000030027,40.79647999883375,0 -77.86841000016302,40.79654999903077,0 -77.86839000007154,40.79659999873773,0 -77.86839000007154,40.79660999894664,0 -77.86835999993433,40.79664999908707,0 -77.86833999984282,40.79666999880826,0 -77.86831999975135,40.79668999920346,0 -77.86827000042095,40.79674999899274,0 -77.86823000023797,40.79678999904887,0 -77.86820000010074,40.7968199989051,0 -77.86814999987203,40.796859998919,0 -77.86808999959757,40.79689999890886,0 -77.86803000022142,40.79694999903221,0 -77.8677599998847,40.79713999902165,0 -77.86749000044627,40.79733999924622,0 -77.86717999992655,40.79756999906568,0 -77.86677999989347,40.79787999895105,0</coordinates>
        </LineString>
        <LineString>
          <extrude>0</extrude>
          <tessellate>1</tessellate><altitudeMode>clampToGround</altitudeMode>
          <coordinates> -77.8620509996416,40.77082599900261,0 -77.86211000009114,40.77076999919928,0 -77.86220999965026,40.77083999928624,0 -77.86236000033639,40.77091999929531,0 -77.86249000003275,40.77099999920807,0 -77.86250000007848,40.77099999920807,0 -77.86263999982056,40.77106999905267,0 -77.86270000009503,40.77109999896356,0 -77.86279999965414,40.77114999878488,0 -77.8629300002488,40.77120999920108,0 -77.8630800000366,40.77127999882446,0 -77.86323999987019,40.77133999912329,0 -77.86335000037336,40.77138999876399,0 -77.86353000029841,40.77144999896348,0 -77.86370000017773,40.77150999910885,0 -77.86374000036069,40.7715199990144,0 -77.86391000024001,40.77156999919998,0 -77.86414000039377,40.77162999923692,0 -77.86406000002783,40.77179999916081,0 -77.86397999966188,40.77196999932999,0 -77.86395999957041,40.77201999917695,0 -77.86395000042299,40.77204999933917,0 -77.86390000019428,40.77213999906428,0 -77.86387000005705,40.77220999906852,0 -77.86378999969109,40.77235999931528,0 -77.86371000022346,40.77248999902842,0 -77.86363999990328,40.7725499989149,0 -77.86358999967456,40.7726099987472,0 -77.86351000020694,40.77266999920559,0 -77.86351000020694,40.77267999893661,0 -77.86343999988674,40.77272999892951,0 -77.86340999974949,40.77274999905227,0 -77.86335000037336,40.77277999888489,0 -77.86333000028186,40.77278999927961,0 -77.86327000000742,40.77282999880255,0 -77.86318999964148,40.77286999898172,0 -77.86309000008237,40.77290999913681,0 -77.86299999967068,40.77293999889721,0 -77.86292000020306,40.77296999932435,0 -77.86290000011155,40.77297999901016,0 -77.8627899996084,40.77300999873892,0 -77.86277000041521,40.77301999909907,0 -77.86270000009503,40.77303999913445,0 -77.86251000012422,40.77309999920459,0 -77.86215000027411,40.77320999885221,0 -77.86198000039481,40.77325999912659,0 -77.86190000002887,40.77328999872894,0 -77.86176000028678,40.77332999931148,0 -77.86160999960063,40.77338999911972,0 -77.86148999995004,40.77344999887372,0 -77.86139000039091,40.77352999914177,0 -77.8612899999335,40.77358999876939,0 -77.86116000023715,40.77370999922262,0 -77.86113000009992,40.77373999930202,0 -77.86104999973398,40.7738399990155,0 -77.86098000031208,40.77396999923429,0 -77.86092000003764,40.77409999919874,0 -77.86088999990041,40.77414999880335,0 -77.86081000043278,40.77435999904481,0 -77.86078000029556,40.77443999889736,0 -77.86072000002109,40.77456999930274,0 -77.86067999983811,40.77465999901573,0 -77.86049999991306,40.77504999885745,0 -77.86042000044544,40.77523999892779,0 -77.8604100003997,40.77524999895229,0 -77.8603400000795,40.77538999913659,0 -77.86026999975931,40.77547999909928,0 -77.86017000020018,40.77555999896379,0 -77.86004999965128,40.77563999873191,0 -77.859839999589,40.77572999903622,0 -77.85964999961818,40.77576999883,0 -77.85952999996759,40.77577999877466,0 -77.85944999960167,40.7757899993981,0 -77.85929999981381,40.77577999877466,0 -77.85924999958512,40.77576999883,0 -77.85904999956857,40.77571999908402,0 -77.85890999982649,40.77565999933918,0 -77.85889999978075,40.77564999937644,0 -77.85874999999291,40.77555999896379,0 -77.85868999971846,40.77550999905976,0 -77.85858000011359,40.77541999913768,0 -77.85840000018854,40.77529999905194,0 -77.85838000009707,40.77527999901659,0 -77.85832999986835,40.77523999892779,0 -77.85819000012627,40.77516999939476,0 -77.85804000033843,40.77510999915319,0 -77.85787999960655,40.77506999896205,0 -77.85770999972725,40.77503999880291,0 -77.85753999984793,40.77502999874684,0 -77.85652999971947,40.77505999891051,0 -77.85651999967374,40.77519999881494,0 -77.85649000043482,40.77534999911402,0 -77.85647000034334,40.77541999913768,0 -77.85642000011462,40.77555999896379,0 -77.85637999993166,40.77561999879889,0 -77.85629999956571,40.77574999893608,0 -77.85622000009808,40.77584999902553,0 -77.85614999977788,40.77592999912471,0 -77.85592999966985,40.77612999929137,0 -77.85577999988203,40.77626999898178,0 -77.85540999998616,40.77660999913957,0 -77.85528000028982,40.77672999889985,0 -77.85511999955793,40.77688999892325,0 -77.85509000031904,40.77691999892729,0 -77.8549899998616,40.77703999880786,0 -77.85494999967864,40.77708999892086,0 -77.85491000039399,40.77714999873466,0 -77.85483000002804,40.77727999927917,0 -77.85477999979932,40.77737999910631,0 -77.8547499996621,40.77742999896338,0 -77.85469000028594,40.77758999934166,0 -77.85468000024021,40.77761999902953,0 -77.85465000010298,40.77775999898117,0 -77.85464000005723,40.77783999882105,0 -77.8546300000115,40.77794999878373,0 -77.85458999982853,40.77837999930176,0 -77.85455999969129,40.77853999875239,0 -77.85452999955407,40.77868999899271,0 -77.85452000040662,40.77875999889824,0 -77.85448000022366,40.77888999901296,0 -77.85445000008644,40.77898999913744,0 -77.85440999990348,40.7790999992365,0 -77.85427000016139,40.77941999904552,0 -77.85421999993265,40.7795199990523,0 -77.85412000037356,40.77972999932484,0 -77.85406000009911,40.779829998865,0 -77.8540400000076,40.77986999891094,0 -77.85401999991613,40.77990999893286,0 -77.85393000040277,40.78001999886886,0 -77.85389000021979,40.78007999875719,0 -77.85385000003681,40.7801199993329,0 -77.85378999976236,40.78018999909193,0 -77.85373000038622,40.78023999887469,0 -77.85368000015751,40.78027999935397,0 -77.85363999997453,40.7803099991875,0 -77.85356999965434,40.78034999894444,0 -77.85342999991225,40.78042999906627,0 -77.85318999971273,40.78055999931384,0 -77.8526599999833,40.78084999931552,0 -77.85226999999598,40.78105999878433,0 -77.85206999997943,40.78115999904305,0 -77.85188000000865,40.7812699989497,0 -77.85143999979258,40.78149999934066,0 -77.85066999986364,40.78191999894601,0 -77.85038000033373,40.78206999903594,0 -77.85032000005927,40.78209999874124,0 -77.8501600002257,40.78218999913611,0 -77.84982999961451,40.78237999919136,0 -77.84953000003885,40.78257999898462,0 -77.84944999967291,40.78263999928124,0 -77.84928999983934,40.78277999885573,0 -77.84910999991429,40.78295999904115,0 -77.84908999982279,40.78297999880486,0 -77.84890999989774,40.78319999920964,0 -77.84874000001842,40.78341999888568,0 -77.848639999561,40.78361999894815,0 -77.84859000023062,40.78375999917768,0 -77.84857000013912,40.78379999889755,0 -77.84856000009337,40.78383999927352,0 -77.84849999981893,40.78400999924227,0 -77.8484499995902,40.78413999928483,0 -77.84844000044278,40.7842099988884,0 -77.84844000044278,40.78425999904596,0 -77.8484499995902,40.78432999920326,0 -77.84847999972743,40.78445999929964,0 -77.8485400000019,40.78467999888304,0 -77.84855000004764,40.78473999932312,0 -77.84875000006419,40.78474999927784,0 -77.84921000037171,40.78482999886138,0 -77.84959000031331,40.78489999909804,0 -77.84990999998047,40.78494999873614,0 -77.85093000015463,40.78513999905798,0 -77.85138000041644,40.78521999885186,0 -77.85183999982567,40.78530999909995,0 -77.85214000029964,40.78535999910952,0 -77.85259999970884,40.78544999916787,0 -77.85343999995798,40.78559999876742,0 -77.85369000020326,40.78564999923881,0 -77.85448000022366,40.78578999927016,0 -77.85454999964556,40.78579999906679,0 -77.85515999974091,40.78589999899059,0 -77.85529000033557,40.78592999900638,0 -77.85636999988591,40.78611999924519,0 -77.85652999971947,40.78614999916159,0 -77.85672999973602,40.78618999880231,0 -77.85683000019344,40.78620999895379,0 -77.85695999988978,40.7862399988295,0 -77.85713999981485,40.78628999881909,0 -77.85736999996861,40.7863599988772,0 -77.85749999966495,40.78639999907163,0 -77.85767999959,40.78646999901382,0 -77.85779000009319,40.78650999914201,0 -77.85782000023042,40.78651999883024,0 -77.85789999969803,40.78654999924606,0 -77.85800000015547,40.78659999900221,0 -77.8580799996231,40.78662999938196,0 -77.85822000026349,40.78669999908172,0 -77.85830999977686,40.78674999940506,0 -77.85841000023429,40.78679999901065,0 -77.85849999974765,40.78684999925871,0 -77.85853999993063,40.78686999921135,0 -77.85857000006786,40.78688999915798,0 -77.85876000003866,40.78701999900436,0 -77.85885999959777,40.7870799993708,0 -77.85896000005521,40.78715999886822,0 -77.8590300003754,40.78720999884525,0 -77.85924999958512,40.78736999879077,0 -77.85972999998413,40.78772999895911,0 -77.8600299995598,40.78795999874395,0 -77.86020000033741,40.78808999921626,0</coordinates>
        </LineString>
        <LineString>
          <extrude>0</extrude>
          <tessellate>1</tessellate><altitudeMode>clampToGround</altitudeMode>
          <coordinates> -77.87563199960151,40.76213499881823,0 -77.87558999976871,40.76215999904451,0 -77.87548000016385,40.76204999879508,0 -77.87518999973564,40.76176999907067,0 -77.87511000026799,40.76168999893275,0 -77.87497999967334,40.76156999922571,0 -77.87371000015222,40.76225999917513,0 -77.87318999957022,40.7625399988766,0 -77.87127999981648,40.76359999906533,0 -77.87121000039461,40.76363999935766,0 -77.87025999964229,40.76416999925721,0 -77.8700699996715,40.76426999908522,0 -77.86905000039562,40.76481999919199,0 -77.86838000002579,40.76517999911056,0 -77.86827999956837,40.76523999879399,0 -77.86733999976013,40.76576999886136,0 -77.86732999971439,40.76576999886136,0 -77.86693999972705,40.76599999916724,0 -77.86675999980199,40.76609999896328,0 -77.86610000037622,40.76647999940111,0 -77.86588000026819,40.76659999908792,0 -77.86537999977769,40.76684999910032,0 -77.86525000008135,40.76692999915059,0 -77.86522999998985,40.76693999906502,0 -77.86489000023124,40.76715999884365,0 -77.86488000018551,40.7671699994039,0 -77.86453000038111,40.76739999894669,0 -77.86434000041032,40.76751999901335,0 -77.86397999966188,40.76773999891293,0 -77.86333000028186,40.76810999908072,0 -77.86332000023613,40.7681199988176,0 -77.86296000038602,40.76831999936274,0 -77.86276000036948,40.76842999875966,0 -77.8614099995841,40.76917999913392,0 -77.86098000031208,40.76943999918361,0 -77.86077000024981,40.76956999916714,0 -77.86059000032475,40.76937999921008,0 -77.86017000020018,40.76893999933642,0 -77.85975000007562,40.76849999927071,0 -77.85962000037929,40.76835999885528,0 -77.85961000033353,40.76834999915448,0 -77.85951999992184,40.76825999905829,0 -77.85949999983038,40.76823999894476,0 -77.85946999969313,40.76821999882521,0 -77.85933999999679,40.76806999875732,0 -77.85919000020898,40.76791999903116,0 -77.8590599996143,40.76777999875453,0 -77.85902000032966,40.76774999938583,0 -77.85895000000946,40.7676799987651,0 -77.85888999973501,40.76760999875104,0 -77.85885999959777,40.76754999916621,0 -77.85885999959777,40.76753999934356,0 -77.85886999964352,40.76753999934357,0 -77.85886999964352,40.76752999883902,0 -77.85887999968925,40.76751999901335,0 -77.85887999968925,40.76750999918615,0 -77.85887999968925,40.76749999935742,0 -77.85887999968925,40.7674899988469,0 -77.85887999968925,40.76747999901518,0 -77.85887999968925,40.76746999918198,0 -77.85887999968925,40.76745999934726,0 -77.85887999968925,40.76744999883071,0 -77.85887999968925,40.76743999899296,0 -77.85886999964352,40.76742999915372,0 -77.85886999964352,40.76741999931302,0 -77.85885999959777,40.7674099987904,0 -77.85885999959777,40.76739999894669,0 -77.85884999955204,40.76739999894669,0 -77.85884999955204,40.76738999910143,0 -77.85884000040458,40.76738999910143,0 -77.85884000040458,40.7673799992547,0 -77.85883000035885,40.7673799992547,0 -77.85882000031312,40.76736999940642,0 -77.85881000026737,40.76736999940642,0 -77.85880000022162,40.76735999887632,0 -77.85879000017589,40.76735999887633,0 -77.85877000008441,40.76734999902504,0 -77.85876000003866,40.76734999902504,0 -77.85874999999291,40.76734999902504,0 -77.85873999994718,40.76733999917225,0 -77.85872999990143,40.76733999917225,0 -77.85871999985569,40.76733999917225,0 -77.85870999980993,40.76733999917225,0 -77.8586999997642,40.76733999917225,0 -77.85868999971846,40.76734999902504,0 -77.85867999967272,40.76734999902504,0 -77.85866999962697,40.76734999902504,0 -77.85865999958123,40.76734999902504,0 -77.8586500004338,40.76734999902504,0 -77.85864000038806,40.76734999902504,0 -77.85863000034232,40.76735999887633,0 -77.85862000029657,40.76735999887633,0 -77.85861000025083,40.76735999887633,0 -77.8586000002051,40.76736999940642,0 -77.85859000015935,40.76736999940642,0 -77.85859000015935,40.7673799992547,0 -77.85858000011359,40.7673799992547,0 -77.85857000006786,40.76738999910143,0 -77.85856000002212,40.76738999910142,0 -77.85856000002212,40.76739999894669,0 -77.85854999997638,40.7674099987904,0 -77.85853999993063,40.76741999931302,0 -77.85852999988488,40.76742999915373,0 -77.85852999988488,40.76743999899296,0 -77.85852999988488,40.76744999883072,0 -77.85851999983915,40.76745999934726,0 -77.85851999983915,40.76746999918198,0 -77.85851999983915,40.76747999901518,0 -77.85851999983915,40.76748999884691,0 -77.85851999983915,40.76749999935741,0 -77.85852999988488,40.76750999918615,0 -77.85852999988488,40.76751999901335,0 -77.85852999988488,40.76752999883902,0 -77.85853999993063,40.76753999934357,0 -77.85853999993063,40.76754999916621,0 -77.85854999997638,40.76754999916621,0 -77.85856000002212,40.7675599989874,0 -77.85857000006786,40.76756999880705,0 -77.85858000011359,40.76757999930558,0 -77.85859000015935,40.76758999912221,0 -77.8586000002051,40.7675899991222,0 -77.85861000025083,40.76759999893737,0 -77.85862000029657,40.76759999893738,0 -77.85863000034232,40.76759999893738,0 -77.85864000038806,40.76760999875104,0 -77.8586500004338,40.76760999875104,0 -77.85865999958123,40.76760999875104,0 -77.85866999962697,40.76760999875104,0 -77.85867999967272,40.76760999875104,0 -77.85868999971846,40.76760999875104,0 -77.8586999997642,40.76760999875104,0 -77.85870999980993,40.76760999875104,0 -77.85871999985569,40.76760999875104,0 -77.85873999994718,40.76760999875104,0 -77.85876000003866,40.76761999924352,0 -77.85881000026737,40.76764999935128,0 -77.85888999973501,40.76771999932321,0 -77.85890999982649,40.76773999891293,0 -77.85932999995106,40.76816999884025,0 -77.859410000317,40.76824999934249,0 -77.85944999960167,40.76828999887713,0 -77.85955000005909,40.7683899993093,0 -77.85959000024205,40.76843999912879,0 -77.86001000036661,40.76887999891149,0 -77.86010999992573,40.76897999913609,0 -77.86035000012525,40.76921999878911,0 -77.86054000009604,40.76940999920365,0 -77.86062999960942,40.769509999311,0 -77.86069999992962,40.76959999907486,0 -77.86078000029556,40.7696299989691,0 -77.86088999990041,40.76973999891886,0 -77.86103999968824,40.76989999876809,0 -77.86111000000842,40.76996999909123,0 -77.86116000023715,40.7700299992123,0 -77.86122999965905,40.77008999927925,0 -77.8612899999335,40.77014999929196,0 -77.8613600002537,40.77019999914785,0 -77.86158000036171,40.77038999880119,0 -77.86163999973787,40.77043999915677,0 -77.86168999996657,40.77047999873377,0 -77.86180999961718,40.77056999922483,0 -77.86196000030331,40.77066999894715,0 -77.86202999972519,40.77071999909203,0 -77.86211000009114,40.77076999919928,0</coordinates>
        </LineString>
      </MultiGeometry>
    </Placemark>
    <Placemark id="ID_00018">
      <name>RC</name>
      <snippet></snippet>
      <description><![CDATA[<html xmlns:fo="http://www.w3.org/1999/XSL/Format" xmlns:msxsl="urn:schemas-microsoft-com:xslt">
<head>
<META http-equiv="Content-Type" content="text/html">
<meta http-equiv="content-type" content="text/html; charset=UTF-8">
</head>
<body style="margin:0px 0px 0px 0px;overflow:auto;background:#FFFFFF;">
<table style="font-family:Arial,Verdana,Times;font-size:12px;text-align:left;width:100%;border-collapse:collapse;padding:3px 3px 3px 3px">
<tr style="text-align:center;font-weight:bold;background:#9CBCE2">
<td>RC</td>
</tr>
<tr>
<td>
<table style="font-family:Arial,Verdana,Times;font-size:12px;text-align:left;width:100%;border-spacing:0px; padding:3px 3px 3px 3px">
<tr>
<td>shape_id</td>
<td>56</td>
</tr>
<tr bgcolor="#D4E4F3">
<td>route_id</td>
<td>33</td>
</tr>
<tr>
<td>agency_id</td>
<td>CATA</td>
</tr>
<tr bgcolor="#D4E4F3">
<td>route_short_name</td>
<td>RC</td>
</tr>
<tr>
<td>route_long_name</td>
<td>RC Waupelani Express</td>
</tr>
<tr bgcolor="#D4E4F3">
<td>route_desc</td>
<td>&lt;Null&gt;</td>
</tr>
<tr>
<td>route_type</td>
<td>3</td>
</tr>
<tr bgcolor="#D4E4F3">
<td>route_url</td>
<td>&lt;Null&gt;</td>
</tr>
<tr>
<td>route_sort_order</td>
<td>&lt;Null&gt;</td>
</tr>
<tr bgcolor="#D4E4F3">
<td>continuous_pickup</td>
<td>&lt;Null&gt;</td>
</tr>
<tr>
<td>continuous_drop_off</td>
<td>&lt;Null&gt;</td>
</tr>
<tr bgcolor="#D4E4F3">
<td>route_type_text</td>
<td>Bus</td>
</tr>
<tr>
<td>ColorCode</td>
<td>FF3399</td>
</tr>
<tr bgcolor="#D4E4F3">
<td>Shape__Length</td>
<td>7103.782194</td>
</tr>
<tr>
<td>GlobalID</td>
<td>{38401035-FD07-41D1-B0F2-CD6E1ECAAF1C}</td>
</tr>
</table>
</td>
</tr>
</table>
</body><script type="text/javascript">
				function changeImage(attElement, nameElement) {
				document.getElementById('imageAttachment').src = attElement;
				document.getElementById('imageName').innerHTML = nameElement;}
			</script></html>
]]></description>
      <styleUrl>#LineStyle00</styleUrl>
      <MultiGeometry>
        <LineString>
          <extrude>0</extrude>
          <tessellate>1</tessellate><altitudeMode>clampToGround</altitudeMode>
          <coordinates> -77.86677999989347,40.79787999895105,0 -77.86717999992655,40.79756999906568,0 -77.86749000044627,40.79733999924622,0 -77.8677599998847,40.79713999902165,0 -77.86803000022142,40.79694999903221,0 -77.86808999959757,40.79689999890886,0 -77.86814999987203,40.796859998919,0 -77.86820000010074,40.7968199989051,0 -77.86823000023797,40.79678999904887,0 -77.86827000042095,40.79674999899274,0 -77.86831999975135,40.79668999920346,0 -77.86833999984282,40.79666999880826,0 -77.86835999993433,40.79664999908707,0 -77.86839000007154,40.79660999894664,0 -77.86839000007154,40.79659999873773,0 -77.86841000016302,40.79654999903077,0 -77.86844000030027,40.79647999883375,0 -77.86860000013384,40.79650999883008,0 -77.86867999960145,40.79651999905252,0 -77.86873999987591,40.79653999881284,0 -77.86884000033335,40.79654999903076,0 -77.86888999966372,40.79655999924718,0 -77.86895999998394,40.79655999924719,0 -77.8690200002584,40.79655999924719,0 -77.86909999972602,40.79655999924719,0 -77.86916000000049,40.79653999881284,0 -77.86922000027494,40.79652999927346,0 -77.86927999965107,40.79651999905252,0 -77.86933999992554,40.7964999992862,0 -77.86940000019999,40.79647999883375,0 -77.86946999962187,40.79644999882383,0 -77.86952999989633,40.7964199988004,0 -77.86960000021654,40.7963699989579,0 -77.86965000044525,40.79632999932877,0 -77.86981000027882,40.79619999934766,0 -77.86992999992943,40.79611999918041,0 -77.87018000017467,40.79592999899189,0 -77.87041000032845,40.79574999927814,0 -77.87047999975032,40.79568999926506,0 -77.87022000035765,40.79553999933525,0 -77.87010999985448,40.79546999875329,0 -77.87005999962577,40.79543999896708,0 -77.86989999979218,40.79533999912832,0 -77.86977000009584,40.79522999940373,0 -77.86963000035377,40.79512999924867,0 -77.8695199998506,40.79503999938834,0 -77.86941000024572,40.79494999940601,0 -77.8693299998798,40.79486999909262,0 -77.86924000036643,40.79477999887983,0 -77.86908999968028,40.79461999910708,0 -77.86900000016691,40.79450999886964,0 -77.86866000040828,40.79410999912829,0 -77.86843000025452,40.79382999916754,0 -77.86838000002579,40.79377999873452,0 -77.86809999964332,40.7934999987423,0 -77.86804000026717,40.79343999873602,0 -77.86794999985548,40.79335999932345,0 -77.86793999980975,40.79334999930509,0 -77.8678300002049,40.79326999910398,0 -77.86763000018834,40.79312999920015,0 -77.86740000003456,40.79297999892704,0 -77.86704000018447,40.79275999895628,0 -77.86690000044239,40.79268999884363,0 -77.86683000012218,40.79264999903754,0 -77.86654999973972,40.79248999889234,0 -77.86611999956939,40.79224999897163,0 -77.86571000038887,40.79201999908377,0 -77.86566000016018,40.79194999887104,0 -77.86552999956552,40.79187999926458,0 -77.86548000023512,40.79184999921635,0 -77.86544000005215,40.7918299994034,0 -77.86533999959471,40.79178999907921,0 -77.86518999980689,40.79172999888787,0 -77.86497999974461,40.7916699993224,0 -77.8649300004142,40.79165999904953,0 -77.86488000018551,40.79162999890188,0 -77.86485000004826,40.79161999930309,0 -77.86480999986529,40.79159999874069,0 -77.86477999972806,40.79158999913738,0 -77.86474999959083,40.79156999924606,0 -77.86472000035192,40.79154999934872,0 -77.86460999984874,40.79146999901907,0 -77.86378999969109,40.79083999875067,0 -77.86331000019038,40.79046999934781,0 -77.86322999982444,40.79040999932384,0 -77.86271000014077,40.78999999884284,0 -77.86269000004927,40.78998999899856,0 -77.86246999994125,40.7898199993747,0 -77.86236000033639,40.78973999900106,0 -77.86227999997045,40.78967999899761,0 -77.86218999955878,40.78960999903846,0 -77.86205999986244,40.78951999917683,0 -77.8615999995549,40.7891599991907,0 -77.86138000034518,40.78898999880221,0 -77.86111000000842,40.7887899992682,0 -77.8607900003413,40.78854999889626,0 -77.86046999977584,40.78829999891841,0 -77.86020000033741,40.78808999921626,0 -77.86011999997147,40.78803999922167,0 -77.8600299995598,40.78795999874395,0 -77.85972999998413,40.78772999895911,0 -77.85924999958512,40.78736999879077,0 -77.8590300003754,40.78720999884525,0 -77.85896000005521,40.78715999886822,0 -77.85885999959777,40.7870799993708,0 -77.85876000003866,40.78701999900436,0 -77.85857000006786,40.78688999915798,0 -77.85853999993063,40.78686999921135,0 -77.85849999974765,40.78684999925871,0 -77.85841000023429,40.78679999901065,0 -77.85830999977686,40.78674999940506,0 -77.85822000026349,40.78669999908172,0 -77.8580799996231,40.78662999938196,0 -77.85800000015547,40.78659999900221,0 -77.85789999969803,40.78654999924606,0 -77.85782000023042,40.78651999883024,0 -77.85779000009319,40.78650999914201,0 -77.85767999959,40.78646999901382,0 -77.85749999966495,40.78639999907163,0 -77.85736999996861,40.7863599988772,0 -77.85713999981485,40.78628999881909,0 -77.85695999988978,40.7862399988295,0 -77.85683000019344,40.78620999895379,0 -77.85672999973602,40.78618999880231,0 -77.85652999971947,40.78614999916159,0 -77.85636999988591,40.78611999924519,0 -77.8553899998947,40.78594999923611,0 -77.8553899998947,40.78593999878194,0 -77.85515999974091,40.78589999899059,0 -77.85454999964556,40.78579999906679,0 -77.85448000022366,40.78578999927016,0 -77.85369000020326,40.78564999923881,0 -77.85343999995798,40.78559999876742,0 -77.85259999970884,40.78544999916787,0 -77.85214000029964,40.78535999910952,0 -77.85183999982567,40.78530999909995,0 -77.85138000041644,40.78521999885186,0 -77.85093000015463,40.78513999905798,0 -77.84990999998047,40.78494999873614,0 -77.84959000031331,40.78489999909804,0 -77.84921000037171,40.78482999886138,0 -77.84875000006419,40.78474999927784,0 -77.84855000004764,40.78473999932312,0 -77.8485400000019,40.78467999888304,0 -77.84847999972743,40.78445999929964,0 -77.8484499995902,40.78432999920326,0 -77.84844000044278,40.78425999904596,0 -77.84844000044278,40.7842099988884,0 -77.8484499995902,40.78413999928483,0 -77.84849999981893,40.78400999924227,0 -77.84856000009337,40.78383999927352,0 -77.84857000013912,40.78379999889755,0 -77.84859000023062,40.78375999917768,0 -77.848639999561,40.78361999894815,0 -77.84874000001842,40.78341999888568,0 -77.84890999989774,40.78319999920964,0 -77.84908999982279,40.78297999880486,0 -77.84910999991429,40.78295999904115,0 -77.84928999983934,40.78277999885573,0 -77.84944999967291,40.78263999928124,0 -77.84953000003885,40.78257999898462,0 -77.84982999961451,40.78237999919136,0 -77.8501600002257,40.78218999913611,0 -77.85032000005927,40.78209999874124,0 -77.85038000033373,40.78206999903594,0 -77.85066999986364,40.78191999894601,0 -77.85143999979258,40.78149999934066,0 -77.85188000000865,40.7812699989497,0 -77.85206999997943,40.78115999904305,0 -77.85226999999598,40.78105999878433,0 -77.8526599999833,40.78084999931552,0 -77.85318999971273,40.78055999931384,0 -77.85342999991225,40.78042999906627,0 -77.85356999965434,40.78034999894444,0 -77.85363999997453,40.7803099991875,0 -77.85368000015751,40.78027999935397,0 -77.85373000038622,40.78023999887469,0 -77.85378999976236,40.78018999909193,0 -77.85385000003681,40.7801199993329,0 -77.85389000021979,40.78007999875719,0 -77.85393000040277,40.78001999886886,0 -77.85401999991613,40.77990999893286,0 -77.8540400000076,40.77986999891094,0 -77.85406000009911,40.779829998865,0 -77.85412000037356,40.77972999932484,0 -77.85421999993265,40.7795199990523,0 -77.85427000016139,40.77941999904552,0 -77.85440999990348,40.7790999992365,0 -77.85445000008644,40.77898999913744,0 -77.85448000022366,40.77888999901296,0 -77.85452000040662,40.77875999889824,0 -77.85452999955407,40.77868999899271,0 -77.85455999969129,40.77853999875239,0 -77.85458999982853,40.77837999930176,0 -77.8546300000115,40.77794999878373,0 -77.85464000005723,40.77783999882105,0 -77.85465000010298,40.77775999898117,0 -77.85468000024021,40.77761999902953,0 -77.85469000028594,40.77758999934166,0 -77.8547499996621,40.77742999896338,0 -77.85477999979932,40.77737999910631,0 -77.85483000002804,40.77727999927917,0 -77.85491000039399,40.77714999873466,0 -77.85494999967864,40.77708999892086,0 -77.8549899998616,40.77703999880786,0 -77.85509000031904,40.77691999892729,0 -77.85511999955793,40.77688999892325,0 -77.85528000028982,40.77672999889985,0 -77.85540999998616,40.77660999913957,0 -77.85577999988203,40.77626999898178,0 -77.85588000033945,40.77617999872877,0 -77.85592999966985,40.77612999929137,0 -77.85603000012729,40.77603999884871,0 -77.85614999977788,40.77592999912471,0 -77.85622000009808,40.77584999902553,0 -77.85629999956571,40.77574999893608,0 -77.85637999993166,40.77561999879889,0 -77.85642000011462,40.77555999896379,0 -77.85647000034334,40.77541999913768,0 -77.85649000043482,40.77534999911402,0 -77.85651999967374,40.77519999881494,0 -77.85652999971947,40.77505999891051,0 -77.85651999967374,40.77487999908581,0 -77.856509999628,40.77481999926264,0 -77.85647000034334,40.77465999901573,0 -77.8563899999774,40.77449999906375,0 -77.85629000041828,40.77434999888636,0 -77.85616999986937,40.77420999923159,0 -77.85616999986937,40.77419999905062,0 -77.85607000031025,40.77410999939478,0 -77.85605000021877,40.77408999900119,0 -77.85579999997351,40.77389999904342,0 -77.8555100004436,40.77367999912963,0 -77.85524000010685,40.7734699987797,0 -77.85477999979932,40.77311999921588,0 -77.85471000037744,40.77306999883614,0 -77.85484000007378,40.77294999926789,0 -77.85495999972439,40.77285999927935,0 -77.8550800002733,40.77276999916891,0 -77.85516999978667,40.77269999907433,0 -77.85519999992388,40.77267999893661,0 -77.85525000015261,40.77264999905884,0 -77.85526000019836,40.77263999932331,0 -77.85531000042707,40.77259999900566,0 -77.8553699998032,40.77256999909176,0 -77.85546000021488,40.77250999922338,0 -77.855559999774,40.77244999930078,0 -77.85565000018569,40.77239999909709,0 -77.85575999979054,40.77233999907516,0 -77.85581000001926,40.77231999882905,0 -77.85613999973214,40.77213999906428,0 -77.85614999977788,40.77212999925204,0 -77.85675999987325,40.77179999916082,0 -77.85715999990633,40.7715699992,0 -77.85742000019732,40.77141999921068,0 -77.85789999969803,40.7711599987446,0 -77.85857000006786,40.77079999924558,0 -77.85958000019632,40.77021999935173,0 -77.85968999980116,40.77014999929196,0 -77.8597900002586,40.77008999927925,0 -77.86061999956367,40.7696499993446,0 -77.86069999992962,40.76959999907486,0 -77.86062999960942,40.769509999311,0 -77.86054000009604,40.76940999920365,0 -77.86035000012525,40.76921999878911,0 -77.86010999992573,40.76897999913609,0 -77.86001000036661,40.76887999891149,0 -77.85959000024205,40.76843999912879,0 -77.85955000005909,40.7683899993093,0 -77.85944999960167,40.76828999887713,0 -77.859410000317,40.76824999934249,0 -77.85932999995106,40.76816999884025,0 -77.85890999982649,40.76773999891293,0 -77.85888999973501,40.76771999932321,0 -77.85881000026737,40.76764999935128,0 -77.85876000003866,40.76761999924352,0 -77.85873999994718,40.76760999875104,0 -77.85871999985569,40.76760999875104,0 -77.85870999980993,40.76760999875104,0 -77.8586999997642,40.76760999875104,0 -77.85868999971846,40.76760999875104,0 -77.85867999967272,40.76760999875104,0 -77.85866999962697,40.76760999875104,0 -77.85865999958123,40.76760999875104,0 -77.8586500004338,40.76760999875104,0 -77.85864000038806,40.76760999875104,0 -77.85863000034232,40.76759999893738,0 -77.85862000029657,40.76759999893738,0 -77.85861000025083,40.76759999893737,0 -77.8586000002051,40.7675899991222,0 -77.85859000015935,40.76758999912221,0 -77.85858000011359,40.76757999930558,0 -77.85857000006786,40.76756999880705,0 -77.85856000002212,40.7675599989874,0 -77.85854999997638,40.76754999916621,0 -77.85853999993063,40.76754999916621,0 -77.85853999993063,40.76753999934357,0 -77.85852999988488,40.76752999883902,0 -77.85852999988488,40.76751999901335,0 -77.85852999988488,40.76750999918615,0 -77.85851999983915,40.76749999935741,0 -77.85851999983915,40.76748999884691,0 -77.85851999983915,40.76747999901518,0 -77.85851999983915,40.76746999918198,0 -77.85851999983915,40.76745999934726,0 -77.85852999988488,40.76744999883072,0 -77.85852999988488,40.76743999899296,0 -77.85852999988488,40.76742999915373,0 -77.85853999993063,40.76741999931302,0 -77.85854999997638,40.7674099987904,0 -77.85856000002212,40.76739999894669,0 -77.85856000002212,40.76738999910142,0 -77.85857000006786,40.76738999910143,0 -77.85858000011359,40.7673799992547,0 -77.85859000015935,40.7673799992547,0 -77.85859000015935,40.76736999940642,0 -77.8586000002051,40.76736999940642,0 -77.85861000025083,40.76735999887633,0 -77.85862000029657,40.76735999887633,0 -77.85863000034232,40.76735999887633,0 -77.85864000038806,40.76734999902504,0 -77.8586500004338,40.76734999902504,0 -77.85865999958123,40.76734999902504,0 -77.85866999962697,40.76734999902504,0 -77.85867999967272,40.76734999902504,0 -77.85868999971846,40.76734999902504,0 -77.8586999997642,40.76733999917225,0 -77.85870999980993,40.76733999917225,0 -77.85871999985569,40.76733999917225,0 -77.85872999990143,40.76733999917225,0 -77.85873999994718,40.76733999917225,0 -77.85874999999291,40.76734999902504,0 -77.85876000003866,40.76734999902504,0 -77.85877000008441,40.76734999902504,0 -77.85879000017589,40.76735999887633,0 -77.85880000022162,40.76735999887632,0 -77.85881000026737,40.76736999940642,0 -77.85882000031312,40.76736999940642,0 -77.85883000035885,40.7673799992547,0 -77.85884000040458,40.7673799992547,0 -77.85884000040458,40.76738999910143,0 -77.85884999955204,40.76738999910143,0 -77.85884999955204,40.76739999894669,0 -77.85885999959777,40.76739999894669,0 -77.85885999959777,40.7674099987904,0 -77.85886999964352,40.76741999931302,0 -77.85886999964352,40.76742999915372,0 -77.85887999968925,40.76743999899296,0 -77.85887999968925,40.76744999883071,0 -77.85887999968925,40.76745999934726,0 -77.85887999968925,40.76746999918198,0 -77.85887999968925,40.76747999901518,0 -77.85887999968925,40.7674899988469,0 -77.85887999968925,40.76749999935742,0 -77.85887999968925,40.76750999918615,0 -77.85887999968925,40.76751999901335,0 -77.85886999964352,40.76752999883902,0 -77.85886999964352,40.76753999934357,0 -77.85885999959777,40.76753999934356,0 -77.85885999959777,40.76754999916621,0 -77.85888999973501,40.76760999875104,0 -77.85895000000946,40.7676799987651,0 -77.85902000032966,40.76774999938583,0 -77.85906671182612,40.7677268593002,0</coordinates>
        </LineString>
      </MultiGeometry>
    </Placemark>
    <Placemark id="ID_00019">
      <name>RL</name>
      <snippet></snippet>
      <description><![CDATA[<html xmlns:fo="http://www.w3.org/1999/XSL/Format" xmlns:msxsl="urn:schemas-microsoft-com:xslt">
<head>
<META http-equiv="Content-Type" content="text/html">
<meta http-equiv="content-type" content="text/html; charset=UTF-8">
</head>
<body style="margin:0px 0px 0px 0px;overflow:auto;background:#FFFFFF;">
<table style="font-family:Arial,Verdana,Times;font-size:12px;text-align:left;width:100%;border-collapse:collapse;padding:3px 3px 3px 3px">
<tr style="text-align:center;font-weight:bold;background:#9CBCE2">
<td>RL</td>
</tr>
<tr>
<td>
<table style="font-family:Arial,Verdana,Times;font-size:12px;text-align:left;width:100%;border-spacing:0px; padding:3px 3px 3px 3px">
<tr>
<td>shape_id</td>
<td>58</td>
</tr>
<tr bgcolor="#D4E4F3">
<td>route_id</td>
<td>51</td>
</tr>
<tr>
<td>agency_id</td>
<td>CATA</td>
</tr>
<tr bgcolor="#D4E4F3">
<td>route_short_name</td>
<td>RL</td>
</tr>
<tr>
<td>route_long_name</td>
<td>RL - Red Link</td>
</tr>
<tr bgcolor="#D4E4F3">
<td>route_desc</td>
<td>&lt;Null&gt;</td>
</tr>
<tr>
<td>route_type</td>
<td>3</td>
</tr>
<tr bgcolor="#D4E4F3">
<td>route_url</td>
<td>&lt;Null&gt;</td>
</tr>
<tr>
<td>route_sort_order</td>
<td>&lt;Null&gt;</td>
</tr>
<tr bgcolor="#D4E4F3">
<td>continuous_pickup</td>
<td>&lt;Null&gt;</td>
</tr>
<tr>
<td>continuous_drop_off</td>
<td>&lt;Null&gt;</td>
</tr>
<tr bgcolor="#D4E4F3">
<td>route_type_text</td>
<td>Bus</td>
</tr>
<tr>
<td>ColorCode</td>
<td>FF0000</td>
</tr>
<tr bgcolor="#D4E4F3">
<td>Shape__Length</td>
<td>4342.086413</td>
</tr>
<tr>
<td>GlobalID</td>
<td>{83E66A91-788D-40E2-B0EC-23B8DEA9B9F5}</td>
</tr>
</table>
</td>
</tr>
</table>
</body><script type="text/javascript">
				function changeImage(attElement, nameElement) {
				document.getElementById('imageAttachment').src = attElement;
				document.getElementById('imageName').innerHTML = nameElement;}
			</script></html>
]]></description>
      <styleUrl>#LineStyle00</styleUrl>
      <MultiGeometry>
        <LineString>
          <extrude>0</extrude>
          <tessellate>1</tessellate><altitudeMode>clampToGround</altitudeMode>
          <coordinates> -77.85272000025776,40.8111299988434,0 -77.85237999960083,40.8107799992102,0 -77.85191000014586,40.81034999907601,0 -77.85189000005438,40.81033999889746,0 -77.85203999984219,40.8102099991584,0 -77.85245999996677,40.80976999914537,0 -77.85307000006213,40.8091299988012,0 -77.85315000042807,40.80917999923098,0 -77.8532499999872,40.80922999894312,0 -77.8534199998665,40.809319999282,0 -77.85359999979156,40.80940999881889,0 -77.85366000006601,40.8094399990907,0 -77.85383999999107,40.80953999876547,0 -77.85400999987039,40.80963999896951,0 -77.85421999993265,40.80975999887939,0 -77.85438999981197,40.80985999875183,0 -77.85456999973705,40.80994999891615,0 -77.85476999975359,40.81005999940445,0 -77.85496999977012,40.81016999903051,0 -77.85513999964944,40.81025999877437,0 -77.85522000001538,40.81030999903259,0 -77.85531999957449,40.81035999925313,0 -77.85554999972825,40.81047999922072,0 -77.85585000020222,40.81015999882482,0 -77.85590999957837,40.81009999891871,0 -77.85614999977788,40.80985999875183,0 -77.85656999990245,40.80941999913767,0 -77.85672999973602,40.80925999929627,0 -77.85720000008929,40.80877999881734,0 -77.8572999996484,40.80866999892684,0 -77.85754999989366,40.80840999876979,0 -77.85772999981872,40.80818999893958,0 -77.85824000035497,40.80765999938237,0 -77.85828999968537,40.80761999907724,0 -77.85843000032578,40.8074799988392,0 -77.85848999970192,40.80741999922962,0 -77.85873999994718,40.80715999893459,0 -77.85917000011749,40.80670999905025,0 -77.85923000039195,40.80664999874443,0 -77.85957000015057,40.80629999927923,0 -77.85970999989266,40.8061599989763,0 -77.85984999963475,40.80600999890682,0 -77.85991999995494,40.8059399991663,0 -77.86022999957633,40.80561999931525,0 -77.86061999956367,40.80521999920153,0 -77.86067999983811,40.80515999890851,0 -77.86074000011259,40.80509999924124,0 -77.86086999980893,40.80494999881576,0 -77.86105999977973,40.80474999908103,0 -77.86111000000842,40.8046999993932,0 -77.86146999985856,40.80430999890308,0 -77.86148999995004,40.80428999876384,0 -77.86203999977094,40.8037099989046,0 -77.86234000024491,40.80338999918077,0 -77.8624099996668,40.80331999939672,0 -77.86249000003275,40.8032399989703,0 -77.86268000000354,40.80303999884241,0 -77.86279999965414,40.80290999908207,0 -77.86311000017385,40.80257999891301,0 -77.86317999959573,40.80250999895473,0 -77.86368000008626,40.80198999899314,0 -77.86375000040644,40.80191999909263,0 -77.86399999975339,40.80164999888175,0 -77.86406000002783,40.8015899987613,0 -77.86411000025656,40.80153999873285,0 -77.86453000038111,40.80110999924515,0 -77.86454999957429,40.80108999882162,0 -77.86472000035192,40.8009199990586,0 -77.86488000018551,40.80074999886011,0 -77.86489000023124,40.80073999927487,0 -77.86494999960738,40.80066999873605,0 -77.86547000018936,40.80012999928678,0 -77.86553999961126,40.80000999896367,0 -77.86556999974849,40.79995999910503,0 -77.8655999998857,40.79986999899257,0 -77.86560999993146,40.79982999875228,0 -77.86564000006868,40.79967999933665,0 -77.86564000006868,40.79961999879544,0 -77.86565000011444,40.79947999936184,0 -77.86566000016018,40.79932999915528,0 -77.86567000020591,40.79924999935987,0 -77.86570000034314,40.79907999896449,0 -77.86573999962781,40.79890999881373,0 -77.86573999962781,40.79888999908738,0 -77.86575999971927,40.79880999876167,0 -77.86579999990225,40.79871999913006,0 -77.86585000013096,40.79863999927958,0 -77.86590000035967,40.79856999924625,0 -77.86598999987304,40.79847999928926,0 -77.86604000010178,40.79841999902345,0 -77.86606000019324,40.79840999908722,0 -77.86611999956939,40.79835999938346,0 -77.8663799998604,40.79817999877802,0 -77.8664300000891,40.79813999887936,0 -77.86651999960247,40.79806999899886,0 -77.86657999987693,40.79802999903398,0 -77.86677999989347,40.79787999895105,0 -77.86717999992655,40.79756999906568,0 -77.86749000044627,40.79733999924622,0 -77.8677599998847,40.79713999902165,0 -77.86803000022142,40.79694999903221,0 -77.86808999959757,40.79689999890886,0 -77.86814999987203,40.796859998919,0 -77.86820000010074,40.7968199989051,0 -77.86823000023797,40.79678999904887,0 -77.86827000042095,40.79674999899274,0 -77.86831999975135,40.79668999920346,0 -77.86833999984282,40.79666999880826,0 -77.86835999993433,40.79664999908707,0 -77.86839000007154,40.79660999894664,0 -77.86839000007154,40.79659999873773,0 -77.86841000016302,40.79654999903077,0 -77.86844000030027,40.79647999883375,0 -77.86860000013384,40.79650999883008,0 -77.86867999960145,40.79651999905252,0 -77.86873999987591,40.79653999881284,0 -77.86884000033335,40.79654999903076,0 -77.86888999966372,40.79655999924718,0 -77.86895999998394,40.79655999924719,0 -77.8690200002584,40.79655999924719,0 -77.86909999972602,40.79655999924719,0 -77.86916000000049,40.79653999881284,0 -77.86922000027494,40.79652999927346,0 -77.86927999965107,40.79651999905252,0 -77.86933999992554,40.7964999992862,0 -77.86940000019999,40.79647999883375,0 -77.86946999962187,40.79644999882383,0 -77.86952999989633,40.7964199988004,0 -77.86960000021654,40.7963699989579,0 -77.86965000044525,40.79632999932877,0 -77.86981000027882,40.79619999934766,0 -77.86992999992943,40.79611999918041,0 -77.87018000017467,40.79592999899189,0 -77.87041000032845,40.79574999927814,0 -77.87047999975032,40.79568999926506,0 -77.87022000035765,40.79553999933525,0 -77.87010999985448,40.79546999875329,0 -77.87005999962577,40.79543999896708,0 -77.86989999979218,40.79533999912832,0 -77.86977000009584,40.79522999940373,0 -77.86963000035377,40.79512999924867,0 -77.8695199998506,40.79503999938834,0 -77.86941000024572,40.79494999940601,0 -77.8693299998798,40.79486999909262,0 -77.86924000036643,40.79477999887983,0 -77.86908999968028,40.79461999910708,0 -77.86917000004622,40.79456999926904,0 -77.86922000027494,40.79453999907614,0 -77.8692599995596,40.79450999886964,0 -77.86980000023308,40.79410999912829,0 -77.87009999980874,40.79387999888284,0 -77.8705900002535,40.79352999940514,0 -77.87084999964617,40.79334999930509,0 -77.87094000005787,40.79327999913438,0 -77.87149999992451,40.79285999928063,0 -77.87165999975809,40.79272999930566,0 -77.87174000012403,40.79265999916137,0 -77.871780000307,40.79258999894328,0 -77.87181999959166,40.79248999889234,0 -77.87181999959166,40.79245999911973,0 -77.87181999959166,40.79240999901515,0 -77.87179000035275,40.79230999937319,0 -77.87173000007829,40.79216999880532,0 -77.87174000012403,40.79202999930244,0 -77.8717600002155,40.79197999887409,0 -77.87181000044423,40.79188999882427,0 -77.87185999977463,40.79180999890426,0 -77.87215000020286,40.79159999874069,0 -77.87212597116732,40.79157280196525,0</coordinates>
        </LineString>
      </MultiGeometry>
    </Placemark>
    <Placemark id="ID_00020">
      <name>RL</name>
      <snippet></snippet>
      <description><![CDATA[<html xmlns:fo="http://www.w3.org/1999/XSL/Format" xmlns:msxsl="urn:schemas-microsoft-com:xslt">
<head>
<META http-equiv="Content-Type" content="text/html">
<meta http-equiv="content-type" content="text/html; charset=UTF-8">
</head>
<body style="margin:0px 0px 0px 0px;overflow:auto;background:#FFFFFF;">
<table style="font-family:Arial,Verdana,Times;font-size:12px;text-align:left;width:100%;border-collapse:collapse;padding:3px 3px 3px 3px">
<tr style="text-align:center;font-weight:bold;background:#9CBCE2">
<td>RL</td>
</tr>
<tr>
<td>
<table style="font-family:Arial,Verdana,Times;font-size:12px;text-align:left;width:100%;border-spacing:0px; padding:3px 3px 3px 3px">
<tr>
<td>shape_id</td>
<td>62</td>
</tr>
<tr bgcolor="#D4E4F3">
<td>route_id</td>
<td>51</td>
</tr>
<tr>
<td>agency_id</td>
<td>CATA</td>
</tr>
<tr bgcolor="#D4E4F3">
<td>route_short_name</td>
<td>RL</td>
</tr>
<tr>
<td>route_long_name</td>
<td>RL - Red Link</td>
</tr>
<tr bgcolor="#D4E4F3">
<td>route_desc</td>
<td>&lt;Null&gt;</td>
</tr>
<tr>
<td>route_type</td>
<td>3</td>
</tr>
<tr bgcolor="#D4E4F3">
<td>route_url</td>
<td>&lt;Null&gt;</td>
</tr>
<tr>
<td>route_sort_order</td>
<td>&lt;Null&gt;</td>
</tr>
<tr bgcolor="#D4E4F3">
<td>continuous_pickup</td>
<td>&lt;Null&gt;</td>
</tr>
<tr>
<td>continuous_drop_off</td>
<td>&lt;Null&gt;</td>
</tr>
<tr bgcolor="#D4E4F3">
<td>route_type_text</td>
<td>Bus</td>
</tr>
<tr>
<td>ColorCode</td>
<td>FF0000</td>
</tr>
<tr bgcolor="#D4E4F3">
<td>Shape__Length</td>
<td>4222.757692</td>
</tr>
<tr>
<td>GlobalID</td>
<td>{7D210BAD-AD12-49A0-83AE-AD0DA814857F}</td>
</tr>
</table>
</td>
</tr>
</table>
</body><script type="text/javascript">
				function changeImage(attElement, nameElement) {
				document.getElementById('imageAttachment').src = attElement;
				document.getElementById('imageName').innerHTML = nameElement;}
			</script></html>
]]></description>
      <styleUrl>#LineStyle00</styleUrl>
      <MultiGeometry>
        <LineString>
          <extrude>0</extrude>
          <tessellate>1</tessellate><altitudeMode>clampToGround</altitudeMode>
          <coordinates> -77.87204999974541,40.79153999905777,0 -77.87195000018632,40.79165999904952,0 -77.87181000044423,40.79178999907921,0 -77.87181000044423,40.79179999933258,0 -77.87165999975809,40.79191999885444,0 -77.87153000006175,40.79201999908377,0 -77.87102000042381,40.79238999937088,0 -77.87076000013282,40.79256999935319,0 -77.87064999962963,40.79262999878546,0 -77.87056000011626,40.79267999940443,0 -77.87049999984181,40.79270999907762,0 -77.87047999975032,40.79271999919236,0 -77.87041000032845,40.79276999906351,0 -77.87035000005397,40.79280999879723,0 -77.87024999959655,40.79288999887252,0 -77.8702799997338,40.79290999904632,0 -77.87036000009974,40.79297999892704,0 -77.87043999956734,40.79303999934896,0 -77.87054000002479,40.79310999909259,0 -77.87062000039073,40.79317999876246,0 -77.8706399995839,40.79319999884892,0 -77.87064999962963,40.79320999888986,0 -77.87066999972112,40.79322999896727,0 -77.87067999976686,40.79324999903861,0 -77.8706899998126,40.79326999910398,0 -77.8706899998126,40.79328999916326,0 -77.8706899998126,40.79330999921658,0 -77.87069999985836,40.79333999928518,0 -77.8706899998126,40.79335999932344,0 -77.8706899998126,40.79337999935563,0 -77.87067999976686,40.79339999938183,0 -77.87067999976686,40.79340999939264,0 -77.87066999972112,40.79341999940196,0 -77.87065999967538,40.79343999873603,0 -77.87064999962963,40.79344999874082,0 -77.8706399995839,40.79346999874593,0 -77.87062000039073,40.79347999874619,0 -77.87060000029923,40.7934999987423,0 -77.87058000020775,40.79351999873229,0 -77.87057000016202,40.79351999873229,0 -77.87009999980874,40.79387999888284,0 -77.86980000023308,40.79410999912829,0 -77.8692599995596,40.79450999886964,0 -77.86922000027494,40.79453999907614,0 -77.86917000004622,40.79456999926904,0 -77.86931999983405,40.7947199993503,0 -77.86941000024572,40.79480999896435,0 -77.86949999975911,40.79488999935002,0 -77.86960000021654,40.79497999873361,0 -77.86970999982138,40.79506999935531,0 -77.86984999956348,40.79516999892071,0 -77.8699700001124,40.79526999901554,0 -77.87000000024962,40.79528999915244,0 -77.87012999994595,40.79537999935393,0 -77.87028999977953,40.79547999913241,0 -77.87055000007052,40.79562999919779,0 -77.87047999975032,40.79568999926506,0 -77.87041000032845,40.79574999927814,0 -77.87018000017467,40.79592999899189,0 -77.86992999992943,40.79611999918041,0 -77.86981000027882,40.79619999934766,0 -77.86965000044525,40.79632999932877,0 -77.86960000021654,40.7963699989579,0 -77.86952999989633,40.7964199988004,0 -77.86946999962187,40.79644999882383,0 -77.86940000019999,40.79647999883375,0 -77.86933999992554,40.7964999992862,0 -77.86927999965107,40.79651999905252,0 -77.86922000027494,40.79652999927346,0 -77.86916000000049,40.79653999881284,0 -77.86909999972602,40.79655999924719,0 -77.8690200002584,40.79655999924719,0 -77.86895999998394,40.79655999924719,0 -77.86888999966372,40.79655999924718,0 -77.86884000033335,40.79654999903076,0 -77.86873999987591,40.79653999881284,0 -77.86867999960145,40.79651999905252,0 -77.86860000013384,40.79650999883008,0 -77.86844000030027,40.79647999883375,0 -77.86841000016302,40.79654999903077,0 -77.86839000007154,40.79659999873773,0 -77.86839000007154,40.79660999894664,0 -77.86835999993433,40.79664999908707,0 -77.86833999984282,40.79666999880826,0 -77.86831999975135,40.79668999920346,0 -77.86827000042095,40.79674999899274,0 -77.86823000023797,40.79678999904887,0 -77.86820000010074,40.7968199989051,0 -77.86814999987203,40.796859998919,0 -77.86808999959757,40.79689999890886,0 -77.86803000022142,40.79694999903221,0 -77.8677599998847,40.79713999902165,0 -77.86749000044627,40.79733999924622,0 -77.86717999992655,40.79756999906568,0 -77.86657999987693,40.79802999903398,0 -77.86651999960247,40.79806999899886,0 -77.8664300000891,40.79813999887936,0 -77.8663799998604,40.79817999877802,0 -77.86611999956939,40.79835999938346,0 -77.86606000019324,40.79840999908722,0 -77.86604000010178,40.79841999902345,0 -77.86598999987304,40.79847999928926,0 -77.86595999973584,40.79849999913913,0 -77.8659799998273,40.79850999906179,0 -77.86573999962781,40.79897999916854,0 -77.86552999956552,40.80004999909546,0 -77.86473000039766,40.80089999925783,0 -77.86068999988387,40.80505999875293,0 -77.85891999987223,40.80692999902738,0 -77.85591999962411,40.81012999887852,0 -77.85558999991122,40.81053999878323,0 -77.85552999963677,40.81049999885428,0 -77.85546000021488,40.81057999936792,0 -77.85514999969517,40.81089999909818,0 -77.8547999998908,40.81125999881974,0 -77.85468000024021,40.81137999919941,0 -77.85434999962901,40.81173999903624,0 -77.85396999968741,40.81211999878472,0 -77.85388000017404,40.81218999880516,0 -77.85380999985385,40.81222999907506,0 -77.85370000024899,40.81210999887287,0 -77.85348000014096,40.8118899990717,0 -77.8534199998665,40.81182999937018,0 -77.85303999992492,40.81145999933197,0 -77.85302999987918,40.81144999932064,0 -77.85291000022858,40.81130999900433,0 -77.85272000025776,40.8111299988434,0 -77.85258600036346,40.81120599939397,0</coordinates>
        </LineString>
      </MultiGeometry>
    </Placemark>
    <Placemark id="ID_00021">
      <name>RP</name>
      <snippet></snippet>
      <description><![CDATA[<html xmlns:fo="http://www.w3.org/1999/XSL/Format" xmlns:msxsl="urn:schemas-microsoft-com:xslt">
<head>
<META http-equiv="Content-Type" content="text/html">
<meta http-equiv="content-type" content="text/html; charset=UTF-8">
</head>
<body style="margin:0px 0px 0px 0px;overflow:auto;background:#FFFFFF;">
<table style="font-family:Arial,Verdana,Times;font-size:12px;text-align:left;width:100%;border-collapse:collapse;padding:3px 3px 3px 3px">
<tr style="text-align:center;font-weight:bold;background:#9CBCE2">
<td>RP</td>
</tr>
<tr>
<td>
<table style="font-family:Arial,Verdana,Times;font-size:12px;text-align:left;width:100%;border-spacing:0px; padding:3px 3px 3px 3px">
<tr>
<td>shape_id</td>
<td>66</td>
</tr>
<tr bgcolor="#D4E4F3">
<td>route_id</td>
<td>34</td>
</tr>
<tr>
<td>agency_id</td>
<td>CATA</td>
</tr>
<tr bgcolor="#D4E4F3">
<td>route_short_name</td>
<td>RP</td>
</tr>
<tr>
<td>route_long_name</td>
<td>&lt;Null&gt;</td>
</tr>
<tr bgcolor="#D4E4F3">
<td>route_desc</td>
<td>&lt;Null&gt;</td>
</tr>
<tr>
<td>route_type</td>
<td>3</td>
</tr>
<tr bgcolor="#D4E4F3">
<td>route_url</td>
<td>&lt;Null&gt;</td>
</tr>
<tr>
<td>route_sort_order</td>
<td>&lt;Null&gt;</td>
</tr>
<tr bgcolor="#D4E4F3">
<td>continuous_pickup</td>
<td>&lt;Null&gt;</td>
</tr>
<tr>
<td>continuous_drop_off</td>
<td>&lt;Null&gt;</td>
</tr>
<tr bgcolor="#D4E4F3">
<td>route_type_text</td>
<td>Bus</td>
</tr>
<tr>
<td>ColorCode</td>
<td>&lt;Null&gt;</td>
</tr>
<tr bgcolor="#D4E4F3">
<td>Shape__Length</td>
<td>6156.021337</td>
</tr>
<tr>
<td>GlobalID</td>
<td>{708B412E-55C7-4DB9-B863-BF316A630A4A}</td>
</tr>
</table>
</td>
</tr>
</table>
</body><script type="text/javascript">
				function changeImage(attElement, nameElement) {
				document.getElementById('imageAttachment').src = attElement;
				document.getElementById('imageName').innerHTML = nameElement;}
			</script></html>
]]></description>
      <styleUrl>#LineStyle00</styleUrl>
      <MultiGeometry>
        <LineString>
          <extrude>0</extrude>
          <tessellate>1</tessellate><altitudeMode>clampToGround</altitudeMode>
          <coordinates> -77.85902000032966,40.76774999938583,0 -77.8590599996143,40.76777999875453,0 -77.85919000020898,40.76791999903116,0 -77.85933999999679,40.76806999875732,0 -77.85946999969313,40.76821999882521,0 -77.85949999983038,40.76823999894476,0 -77.85951999992184,40.76825999905829,0 -77.85944999960167,40.76828999887713,0 -77.8590799997058,40.76849999927071,0 -77.85827999963962,40.7689299990426,0 -77.858200000172,40.76895999923926,0 -77.8575599999394,40.76930999894576,0 -77.85744000028882,40.76936999898249,0 -77.85725000031802,40.76946999915003,0 -77.85710999967762,40.76954999876755,0 -77.85708999958612,40.76955999896812,0 -77.85707000039295,40.76957999936466,0 -77.85705000030148,40.76959999907487,0 -77.85706000034722,40.7696299989691,0 -77.85686000033068,40.76968999939717,0 -77.85667000035987,40.76971999925077,0 -77.8565799999482,40.76972999874536,0 -77.85643000016036,40.76973999891886,0 -77.85628000037255,40.76975999926126,0 -77.85611999964065,40.76980999873021,0 -77.85610999959492,40.76981999889159,0 -77.85590000043095,40.76993999935051,0 -77.85569000036865,40.7700599989124,0 -77.85649000043482,40.77084999929263,0 -77.85679000001046,40.77113999882359,0 -77.85686000033068,40.77121999915177,0 -77.85715999990633,40.7715699992,0 -77.85675999987325,40.77179999916082,0 -77.85658999999394,40.77188999922453,0 -77.85614999977788,40.77212999925204,0 -77.85613999973214,40.77213999906428,0 -77.85582000006499,40.77230999904386,0 -77.85581000001926,40.77231999882905,0 -77.85575999979054,40.77233999907516,0 -77.85565000018569,40.77239999909709,0 -77.855559999774,40.77244999930078,0 -77.85546000021488,40.77250999922338,0 -77.8553699998032,40.77256999909176,0 -77.85531000042707,40.77259999900566,0 -77.85526000019836,40.77263999932331,0 -77.85525000015261,40.77264999905884,0 -77.85519999992388,40.77267999893661,0 -77.85516999978667,40.77269999907433,0 -77.8550800002733,40.77276999916891,0 -77.85495999972439,40.77285999927935,0 -77.85484000007378,40.77294999926789,0 -77.85471000037744,40.77306999883614,0 -77.85477999979932,40.77311999921588,0 -77.85524000010685,40.7734699987797,0 -77.8555100004436,40.77367999912963,0 -77.85579999997351,40.77389999904342,0 -77.85587000029372,40.77394999879859,0 -77.85605000021877,40.77408999900119,0 -77.85607000031025,40.77410999939478,0 -77.85616999986937,40.77419999905062,0 -77.85616999986937,40.77420999923159,0 -77.85629000041828,40.77434999888636,0 -77.8563899999774,40.77449999906375,0 -77.85647000034334,40.77465999901573,0 -77.856509999628,40.77481999926264,0 -77.85651999967374,40.77487999908581,0 -77.85652999971947,40.77505999891051,0 -77.85651999967374,40.77519999881494,0 -77.85649999958225,40.77531999908132,0 -77.85649000043482,40.77534999911402,0 -77.85647000034334,40.77541999913768,0 -77.85642000011462,40.77555999896379,0 -77.85629999956571,40.77574999893608,0 -77.85622000009808,40.77584999902553,0 -77.85614999977788,40.77592999912471,0 -77.85603000012729,40.77603999884871,0 -77.85592999966985,40.77612999929137,0 -77.85588000033945,40.77617999872877,0 -77.85577999988203,40.77626999898178,0 -77.85540999998616,40.77660999913957,0 -77.85528000028982,40.77672999889985,0 -77.85511999955793,40.77688999892325,0 -77.85509000031904,40.77691999892729,0 -77.8549899998616,40.77703999880786,0 -77.85494999967864,40.77708999892086,0 -77.85491000039399,40.77714999873466,0 -77.85483000002804,40.77727999927917,0 -77.85477999979932,40.77737999910631,0 -77.8547499996621,40.77742999896338,0 -77.85469000028594,40.77758999934166,0 -77.85465000010298,40.77775999898117,0 -77.85464000005723,40.77783999882105,0 -77.8546300000115,40.77788999901217,0 -77.8546300000115,40.77794999878373,0 -77.85458999982853,40.77837999930176,0 -77.85455999969129,40.77853999875239,0 -77.85452999955407,40.77868999899271,0 -77.85452000040662,40.77875999889824,0 -77.85448000022366,40.77888999901296,0 -77.85445000008644,40.77898999913744,0 -77.85440999990348,40.7790999992365,0 -77.85427000016139,40.77941999904552,0 -77.85421999993265,40.7795199990523,0 -77.85418999979545,40.77957999939229,0 -77.85412000037356,40.77972999932484,0 -77.85406000009911,40.779829998865,0 -77.8540400000076,40.77986999891094,0 -77.85401999991613,40.77990999893286,0 -77.85393000040277,40.78001999886886,0 -77.85389000021979,40.78007999875719,0 -77.85385000003681,40.7801199993329,0 -77.85378999976236,40.78018999909193,0 -77.85373000038622,40.78023999887469,0 -77.85368000015751,40.78027999935397,0 -77.85363999997453,40.7803099991875,0 -77.85356999965434,40.78034999894444,0 -77.85342999991225,40.78042999906627,0 -77.85318999971273,40.78055999931384,0 -77.8526599999833,40.78084999931552,0 -77.85226999999598,40.78105999878433,0 -77.85206999997943,40.78115999904305,0 -77.85188000000865,40.7812699989497,0 -77.85143999979258,40.78149999934066,0 -77.85066999986364,40.78191999894601,0 -77.85038000033373,40.78206999903594,0 -77.8501600002257,40.78218999913611,0 -77.85010999999699,40.78221999878721,0 -77.84982999961451,40.78237999919136,0 -77.84953000003885,40.78257999898462,0 -77.84944999967291,40.78263999928124,0 -77.84928999983934,40.78277999885573,0 -77.84910999991429,40.78295999904115,0 -77.84908999982279,40.78297999880486,0 -77.84890999989774,40.78319999920964,0 -77.84874000001842,40.78341999888568,0 -77.848639999561,40.78361999894815,0 -77.84859000023062,40.78375999917768,0 -77.84857000013912,40.78379999889755,0 -77.84849999981893,40.78400999924227,0 -77.8484499995902,40.78413999928483,0 -77.84844000044278,40.7842099988884,0 -77.84844000044278,40.78425999904596,0 -77.8484499995902,40.78432999920326,0 -77.84847999972743,40.78445999929964,0 -77.8485400000019,40.78467999888304,0 -77.84875000006419,40.78474999927784,0 -77.84921000037171,40.78482999886138,0 -77.84943999962718,40.78486999929715,0 -77.84967999982668,40.78490999902868,0 -77.84990999998047,40.78494999873614,0 -77.85051000003008,40.78505999916769,0 -77.85093000015463,40.78513999905798,0 -77.85115000026268,40.78517999930703,0 -77.85138000041644,40.78521999885186,0 -77.85183999982567,40.78530999909995,0 -77.85214000029964,40.78535999910952,0 -77.85259999970884,40.78544999916787,0 -77.85343999995798,40.78559999876742,0 -77.85369000020326,40.78564999923881,0 -77.85448000022366,40.78578999927016,0 -77.85454999964556,40.78579999906679,0 -77.85515999974091,40.78589999899059,0 -77.85540999998616,40.78594999923611,0 -77.85636999988591,40.78611999924519,0 -77.85652999971947,40.78614999916159,0 -77.85672999973602,40.78618999880231,0 -77.85683000019344,40.78620999895379,0 -77.85695999988978,40.7862399988295,0 -77.85713999981485,40.78628999881909,0 -77.85736999996861,40.7863599988772,0 -77.85749999966495,40.78639999907163,0 -77.85767999959,40.78646999901382,0 -77.85779000009319,40.78650999914201,0 -77.85782000023042,40.78651999883024,0 -77.85789999969803,40.78654999924606,0 -77.85800000015547,40.78659999900221,0 -77.8580799996231,40.78662999938196,0 -77.85822000026349,40.78669999908172,0 -77.85830999977686,40.78674999940506,0 -77.85841000023429,40.78679999901065,0 -77.85849999974765,40.78684999925871,0 -77.85853999993063,40.78686999921135,0 -77.85857000006786,40.78688999915798,0 -77.85876000003866,40.78701999900436,0 -77.85885999959777,40.7870799993708,0 -77.85896000005521,40.78715999886822,0 -77.8590300003754,40.78720999884525,0 -77.85924999958512,40.78736999879077,0 -77.85972999998413,40.78772999895911,0 -77.8600299995598,40.78795999874395,0 -77.86020000033741,40.78808999921626,0 -77.8603400000795,40.78819999920781,0 -77.86033000003376,40.78819999920781,0 -77.86046999977584,40.78829999891841,0 -77.8607900003413,40.78854999889626,0 -77.86111000000842,40.7887899992682,0 -77.86138000034518,40.78898999880221,0 -77.8615999995549,40.7891599991907,0 -77.86195000025758,40.7894399991219,0 -77.86205999986244,40.78951999917683,0 -77.86218999955878,40.78960999903846,0 -77.86227999997045,40.78967999899761,0 -77.86236000033639,40.78973999900106,0 -77.86246999994125,40.7898199993747,0 -77.86269000004927,40.78998999899856,0 -77.86271000014077,40.78999999884284,0 -77.86331000019038,40.79046999934781,0 -77.86378999969109,40.79083999875067,0 -77.86415999958696,40.79111999907897,0 -77.86460999984874,40.79146999901907,0 -77.86472000035192,40.79154999934872,0 -77.86474999959083,40.79156999924606,0 -77.86477999972806,40.79158999913738,0 -77.86480999986529,40.79159999874069,0 -77.86485000004826,40.79161999930309,0 -77.86488000018551,40.79162999890188,0 -77.8649300004142,40.79165999904953,0 -77.86497999974461,40.7916699993224,0 -77.86518999980689,40.79172999888787,0 -77.86497999974461,40.79189999906252,0 -77.86490000027698,40.79195999910024,0 -77.86445000001518,40.79230999937321,0 -77.86440999983222,40.7923399992136,0 -77.86411000025656,40.79255999921585,0 -77.86391000024001,40.79270999907762,0 -77.86340999974949,40.79308999897911,0 -77.86300999971643,40.79337999935562,0 -77.86277000041521,40.79355999937438,0 -77.86232000015343,40.79388999882137,0 -77.86166999987509,40.79436999886023,0 -77.8615999995549,40.7944199988489,0 -77.86152000008725,40.79447999932971,0 -77.86154900039958,40.7945589990412,0</coordinates>
        </LineString>
      </MultiGeometry>
    </Placemark>
    <Placemark id="ID_00022">
      <name>RP</name>
      <snippet></snippet>
      <description><![CDATA[<html xmlns:fo="http://www.w3.org/1999/XSL/Format" xmlns:msxsl="urn:schemas-microsoft-com:xslt">
<head>
<META http-equiv="Content-Type" content="text/html">
<meta http-equiv="content-type" content="text/html; charset=UTF-8">
</head>
<body style="margin:0px 0px 0px 0px;overflow:auto;background:#FFFFFF;">
<table style="font-family:Arial,Verdana,Times;font-size:12px;text-align:left;width:100%;border-collapse:collapse;padding:3px 3px 3px 3px">
<tr style="text-align:center;font-weight:bold;background:#9CBCE2">
<td>RP</td>
</tr>
<tr>
<td>
<table style="font-family:Arial,Verdana,Times;font-size:12px;text-align:left;width:100%;border-spacing:0px; padding:3px 3px 3px 3px">
<tr>
<td>shape_id</td>
<td>67</td>
</tr>
<tr bgcolor="#D4E4F3">
<td>route_id</td>
<td>34</td>
</tr>
<tr>
<td>agency_id</td>
<td>CATA</td>
</tr>
<tr bgcolor="#D4E4F3">
<td>route_short_name</td>
<td>RP</td>
</tr>
<tr>
<td>route_long_name</td>
<td>&lt;Null&gt;</td>
</tr>
<tr bgcolor="#D4E4F3">
<td>route_desc</td>
<td>&lt;Null&gt;</td>
</tr>
<tr>
<td>route_type</td>
<td>3</td>
</tr>
<tr bgcolor="#D4E4F3">
<td>route_url</td>
<td>&lt;Null&gt;</td>
</tr>
<tr>
<td>route_sort_order</td>
<td>&lt;Null&gt;</td>
</tr>
<tr bgcolor="#D4E4F3">
<td>continuous_pickup</td>
<td>&lt;Null&gt;</td>
</tr>
<tr>
<td>continuous_drop_off</td>
<td>&lt;Null&gt;</td>
</tr>
<tr bgcolor="#D4E4F3">
<td>route_type_text</td>
<td>Bus</td>
</tr>
<tr>
<td>ColorCode</td>
<td>&lt;Null&gt;</td>
</tr>
<tr bgcolor="#D4E4F3">
<td>Shape__Length</td>
<td>7053.830882</td>
</tr>
<tr>
<td>GlobalID</td>
<td>{95EE2C80-7E52-49C5-B8C7-3BFEC269697B}</td>
</tr>
</table>
</td>
</tr>
</table>
</body><script type="text/javascript">
				function changeImage(attElement, nameElement) {
				document.getElementById('imageAttachment').src = attElement;
				document.getElementById('imageName').innerHTML = nameElement;}
			</script></html>
]]></description>
      <styleUrl>#LineStyle00</styleUrl>
      <MultiGeometry>
        <LineString>
          <extrude>0</extrude>
          <tessellate>1</tessellate><altitudeMode>clampToGround</altitudeMode>
          <coordinates> -77.86147999990429,40.79450999886964,0 -77.86076000020407,40.79505999891445,0 -77.86043999963863,40.79529999887857,0 -77.85993000000067,40.79489999913647,0 -77.8597700001671,40.79476999907538,0 -77.85960000028778,40.79463999875976,0 -77.85925999963085,40.79436999886024,0 -77.85915000002601,40.79430999896016,0 -77.85874999999291,40.79407999872747,0 -77.85856000002212,40.79396999895551,0 -77.85848999970192,40.79393999917151,0 -77.858200000172,40.79378999936821,0 -77.8580799996231,40.79372999894397,0 -77.85793999988101,40.79365999917391,0 -77.85772999981872,40.79355999937438,0 -77.85759000007664,40.79348999874497,0 -77.85724000027227,40.79331999924097,0 -77.85685000028494,40.79311999914716,0 -77.85636999988591,40.79287999878337,0 -77.85568000032292,40.7925399989366,0 -77.85529000033557,40.79234999938406,0 -77.85419999984119,40.79179999933258,0 -77.85332000030738,40.79137999895808,0 -77.8532499999872,40.79133999904295,0 -77.85308000010789,40.79125999914039,0 -77.85198999961348,40.79071999931727,0</coordinates>
        </LineString>
        <LineString>
          <extrude>0</extrude>
          <tessellate>1</tessellate><altitudeMode>clampToGround</altitudeMode>
          <coordinates> -77.85199475619292,40.79071674496557,0 -77.85198999961348,40.79071999931727,0 -77.85195000032883,40.79069999916396,0 -77.85182999977991,40.79062999891981,0 -77.85082999969721,40.79014999904712,0 -77.85057000030453,40.79000999936579,0 -77.85048999993859,40.78996999930545,0 -77.85045999980136,40.78994999892618,0 -77.84994000011767,40.78953999900548,0 -77.84985999975173,40.78948999874246,0 -77.84948999985589,40.78913999924761,0 -77.84924999965638,40.78890999878883,0 -77.84920000032598,40.7888599987315,0 -77.84885999966903,40.78852999876943,0 -77.84874000001842,40.78843999880432,0 -77.84866999969825,40.78837999898652,0 -77.84864999960675,40.78836999889824,0 -77.84850999986466,40.78822999886476,0 -77.84776000002721,40.78752999903097,0 -77.84761000023938,40.78738999926697,0 -77.84752999987344,40.78730999936645,0 -77.84745999955325,40.78724999920784,0 -77.84731999981116,40.78710999885355,0 -77.84724000034353,40.7870299992959,0 -77.84676999999024,40.78660999935703,0 -77.84624000026082,40.78610999881656,0 -77.84621000012361,40.78608999931519,0 -77.84589999960389,40.78581999933565,0 -77.84505000020732,40.78504999925967,0 -77.84495999979565,40.78496999926097,0 -77.84472999964187,40.78474999927784,0 -77.84470000040297,40.784719998729,0 -77.84468000031147,40.78468999884679,0 -77.84466000021999,40.78465999895104,0 -77.84465000017425,40.78462999904173,0 -77.84462000003701,40.78457999916274,0 -77.84457999985405,40.7843999992868,0 -77.8445499997168,40.78433999921968,0 -77.84466000021999,40.78432999920327,0 -77.84483000009931,40.7843199991853,0 -77.84498999993288,40.78431999918529,0 -77.84510000043603,40.78431999918529,0 -77.84527000031535,40.78431999918529,0 -77.84551999966229,40.78431999918529,0 -77.84574999981605,40.78431999918529,0 -77.84601000010704,40.78432999920326,0 -77.84611999971192,40.78433999921967,0 -77.84623000021509,40.78433999921967,0 -77.84647999956202,40.78435999924809,0 -77.84683000026472,40.7843999992868,0 -77.8470200002355,40.78441999929708,0 -77.8471399998861,40.78442999929998,0 -77.84725000038927,40.78444999930125,0 -77.84752999987344,40.78448999928575,0 -77.84756000001067,40.78448999928575,0 -77.84790999981504,40.78454999921728,0 -77.8485400000019,40.78467999888304,0 -77.84847999972743,40.78445999929964,0 -77.8484499995902,40.78432999920326,0 -77.84844000044278,40.78425999904596,0 -77.84844000044278,40.7842099988884,0 -77.8484499995902,40.78413999928483,0 -77.84849999981893,40.78400999924227,0 -77.84856000009337,40.78383999927352,0 -77.84857000013912,40.78379999889755,0 -77.84859000023062,40.78375999917768,0 -77.848639999561,40.78361999894815,0 -77.84874000001842,40.78341999888568,0 -77.84890999989774,40.78319999920964,0 -77.84908999982279,40.78297999880486,0 -77.84910999991429,40.78295999904115,0 -77.84928999983934,40.78277999885573,0 -77.84944999967291,40.78263999928124,0 -77.84953000003885,40.78257999898462,0 -77.84982999961451,40.78237999919136,0 -77.8501600002257,40.78218999913611,0 -77.85032000005927,40.78209999874124,0 -77.85038000033373,40.78206999903594,0 -77.85066999986364,40.78191999894601,0 -77.85143999979258,40.78149999934066,0 -77.85188000000865,40.7812699989497,0 -77.85206999997943,40.78115999904305,0 -77.85226999999598,40.78105999878433,0 -77.8526599999833,40.78084999931552,0 -77.85318999971273,40.78055999931384,0 -77.85342999991225,40.78042999906627,0 -77.85356999965434,40.78034999894444,0 -77.85363999997453,40.7803099991875,0 -77.85368000015751,40.78027999935397,0 -77.85373000038622,40.78023999887469,0 -77.85378999976236,40.78018999909193,0 -77.85385000003681,40.7801199993329,0 -77.85389000021979,40.78007999875719,0 -77.85393000040277,40.78001999886886,0 -77.85401999991613,40.77990999893286,0 -77.8540400000076,40.77986999891094,0 -77.85406000009911,40.779829998865,0 -77.85412000037356,40.77972999932484,0 -77.85421999993265,40.7795199990523,0 -77.85427000016139,40.77941999904552,0 -77.85440999990348,40.7790999992365,0 -77.85445000008644,40.77898999913744,0 -77.85448000022366,40.77888999901296,0 -77.85452000040662,40.77875999889824,0 -77.85452999955407,40.77868999899271,0 -77.85455999969129,40.77853999875239,0 -77.85458999982853,40.77837999930176,0 -77.8546300000115,40.77794999878373,0 -77.85464000005723,40.77783999882105,0 -77.85465000010298,40.77775999898117,0 -77.85468000024021,40.77761999902953,0 -77.85469000028594,40.77758999934166,0 -77.8547499996621,40.77742999896338,0 -77.85477999979932,40.77737999910631,0 -77.85483000002804,40.77727999927917,0 -77.85491000039399,40.77714999873466,0 -77.85494999967864,40.77708999892086,0 -77.8549899998616,40.77703999880786,0 -77.85509000031904,40.77691999892729,0 -77.85511999955793,40.77688999892325,0 -77.85528000028982,40.77672999889985,0 -77.85540999998616,40.77660999913957,0 -77.85577999988203,40.77626999898178,0 -77.85588000033945,40.77617999872877,0 -77.85592999966985,40.77612999929137,0 -77.85603000012729,40.77603999884871,0 -77.85614999977788,40.77592999912471,0 -77.85622000009808,40.77584999902553,0 -77.85629999956571,40.77574999893608,0 -77.85637999993166,40.77561999879889,0 -77.85642000011462,40.77555999896379,0 -77.85647000034334,40.77541999913768,0 -77.85649000043482,40.77534999911402,0 -77.85651999967374,40.77519999881494,0 -77.85652999971947,40.77505999891051,0 -77.85753999984793,40.77502999874684,0 -77.85770999972725,40.77503999880291,0 -77.85787999960655,40.77506999896205,0 -77.85804000033843,40.77510999915319,0 -77.85819000012627,40.77516999939476,0 -77.85832999986835,40.77523999892779,0 -77.85838000009707,40.77527999901659,0 -77.85840000018854,40.77529999905194,0 -77.85858000011359,40.77541999913768,0 -77.85868999971846,40.77550999905976,0 -77.85874999999291,40.77555999896379,0 -77.85889999978075,40.77564999937644,0 -77.85890999982649,40.77565999933918,0 -77.85904999956857,40.77571999908402,0 -77.85924999958512,40.77576999883,0 -77.85929999981381,40.77577999877466,0 -77.85944999960167,40.7757899993981,0 -77.85952999996759,40.77577999877466,0 -77.85964999961818,40.77576999883,0 -77.859839999589,40.77572999903622,0 -77.86000000032088,40.77565999933918,0 -77.86004999965128,40.77563999873191,0 -77.86017000020018,40.77555999896379,0 -77.86026999975931,40.77547999909928,0 -77.8603400000795,40.77538999913659,0 -77.8604100003997,40.77524999895229,0 -77.86042000044544,40.77523999892779,0 -77.86049999991306,40.77504999885745,0 -77.86067999983811,40.77465999901573,0 -77.86072000002109,40.77456999930274,0 -77.86078000029556,40.77443999889736,0 -77.86081000043278,40.77435999904481,0 -77.86082999962596,40.77431999908239,0 -77.86088999990041,40.77414999880335,0 -77.86092000003764,40.77409999919874,0 -77.86098000031208,40.77396999923429,0 -77.86104999973398,40.7738399990155,0 -77.86113000009992,40.77373999930202,0 -77.86116000023715,40.77370999922262,0 -77.8612899999335,40.77358999876939,0 -77.86139000039091,40.77352999914177,0 -77.86148999995004,40.77344999887372,0 -77.8615500002245,40.77341999934361,0 -77.86160999960063,40.77338999911972,0 -77.86176000028678,40.77332999931148,0 -77.86190000002887,40.77328999872894,0 -77.86198000039481,40.77325999912659,0 -77.86215000027411,40.77320999885221,0 -77.86251000012422,40.77309999920459,0 -77.86270000009503,40.77303999913445,0 -77.86277000041521,40.77301999909907,0 -77.8627899996084,40.77300999873892,0 -77.86290000011155,40.77297999901016,0 -77.86292000020306,40.77296999932435,0 -77.86299999967068,40.77293999889721,0 -77.86309000008237,40.77290999913681,0 -77.86318999964148,40.77286999898172,0 -77.86327000000742,40.77282999880255,0 -77.86333000028186,40.77278999927961,0 -77.86335000037336,40.77277999888489,0 -77.86340999974949,40.77274999905227,0 -77.86343999988674,40.77272999892951,0 -77.86351000020694,40.77267999893661,0 -77.86351000020694,40.77266999920559,0 -77.86358999967456,40.7726099987472,0 -77.86363999990328,40.7725499989149,0 -77.86371000022346,40.77248999902842,0 -77.86378999969109,40.77235999931528,0 -77.86387000005705,40.77220999906852,0 -77.86390000019428,40.77213999906428,0 -77.86395000042299,40.77204999933917,0 -77.86395999957041,40.77201999917695,0 -77.86397999966188,40.77196999932999,0 -77.86406000002783,40.77179999916081,0 -77.86414000039377,40.77162999923692,0 -77.86391000024001,40.77156999919998,0 -77.86374000036069,40.7715199990144,0 -77.86370000017773,40.77150999910885,0 -77.86353000029841,40.77144999896348,0 -77.86335000037336,40.77138999876399,0 -77.86323999987019,40.77133999912329,0 -77.8630800000366,40.77127999882446,0 -77.8629300002488,40.77120999920108,0 -77.86279999965414,40.77114999878488,0 -77.86270000009503,40.77109999896356,0 -77.86263999982056,40.77106999905267,0 -77.86250000007848,40.77099999920807,0 -77.86249000003275,40.77099999920807,0 -77.86236000033639,40.77091999929531,0 -77.86220999965026,40.77083999928624,0 -77.86211000009114,40.77076999919928,0 -77.86202999972519,40.77071999909203,0 -77.86196000030331,40.77066999894715,0 -77.86180999961718,40.77056999922483,0 -77.86168999996657,40.77047999873377,0 -77.86163999973787,40.77043999915677,0 -77.86158000036171,40.77038999880119,0 -77.8613600002537,40.77019999914785,0 -77.8612899999335,40.77014999929196,0 -77.86122999965905,40.77008999927925,0 -77.86116000023715,40.7700299992123,0 -77.86111000000842,40.76996999909123,0 -77.86103999968824,40.76989999876809,0 -77.86088999990041,40.76973999891886,0 -77.86078000029556,40.7696299989691,0 -77.86069999992962,40.76959999907486,0 -77.86062999960942,40.769509999311,0 -77.86054000009604,40.76940999920365,0 -77.86035000012525,40.76921999878911,0 -77.86010999992573,40.76897999913609,0 -77.86001000036661,40.76887999891149,0 -77.85959000024205,40.76843999912879,0 -77.85955000005909,40.7683899993093,0 -77.85944999960167,40.76828999887713,0 -77.859410000317,40.76824999934249,0 -77.85932999995106,40.76816999884025,0 -77.85890999982649,40.76773999891293,0 -77.85888999973501,40.76771999932321,0 -77.85881000026737,40.76764999935128,0 -77.85876000003866,40.76761999924352,0 -77.85873999994718,40.76760999875104,0 -77.85871999985569,40.76760999875104,0 -77.85870999980993,40.76760999875104,0 -77.8586999997642,40.76760999875104,0 -77.85868999971846,40.76760999875104,0 -77.85867999967272,40.76760999875104,0 -77.85866999962697,40.76760999875104,0 -77.85865999958123,40.76760999875104,0 -77.8586500004338,40.76760999875104,0 -77.85864000038806,40.76760999875104,0 -77.85863000034232,40.76759999893738,0 -77.85862000029657,40.76759999893738,0 -77.85861000025083,40.76759999893737,0 -77.8586000002051,40.7675899991222,0 -77.85859000015935,40.76758999912221,0 -77.85858000011359,40.76757999930558,0 -77.85857000006786,40.76756999880705,0 -77.85856000002212,40.7675599989874,0 -77.85854999997638,40.76754999916621,0 -77.85853999993063,40.76754999916621,0 -77.85853999993063,40.76753999934357,0 -77.85852999988488,40.76752999883902,0 -77.85852999988488,40.76751999901335,0 -77.85852999988488,40.76750999918615,0 -77.85851999983915,40.76749999935741,0 -77.85851999983915,40.76748999884691,0 -77.85851999983915,40.76747999901518,0 -77.85851999983915,40.76746999918198,0 -77.85851999983915,40.76745999934726,0 -77.85852999988488,40.76744999883072,0 -77.85852999988488,40.76743999899296,0 -77.85852999988488,40.76742999915373,0 -77.85853999993063,40.76741999931302,0 -77.85854999997638,40.7674099987904,0 -77.85856000002212,40.76739999894669,0 -77.85856000002212,40.76738999910142,0 -77.85857000006786,40.76738999910143,0 -77.85858000011359,40.7673799992547,0 -77.85859000015935,40.7673799992547,0 -77.85859000015935,40.76736999940642,0 -77.8586000002051,40.76736999940642,0 -77.85861000025083,40.76735999887633,0 -77.85862000029657,40.76735999887633,0 -77.85863000034232,40.76735999887633,0 -77.85864000038806,40.76734999902504,0 -77.8586500004338,40.76734999902504,0 -77.85865999958123,40.76734999902504,0 -77.85866999962697,40.76734999902504,0 -77.85867999967272,40.76734999902504,0 -77.85868999971846,40.76734999902504,0 -77.8586999997642,40.76733999917225,0 -77.85870999980993,40.76733999917225,0 -77.85871999985569,40.76733999917225,0 -77.85872999990143,40.76733999917225,0 -77.85873999994718,40.76733999917225,0 -77.85874999999291,40.76734999902504,0 -77.85876000003866,40.76734999902504,0 -77.85877000008441,40.76734999902504,0 -77.85879000017589,40.76735999887633,0 -77.85880000022162,40.76735999887632,0 -77.85881000026737,40.76736999940642,0 -77.85882000031312,40.76736999940642,0 -77.85883000035885,40.7673799992547,0 -77.85884000040458,40.7673799992547,0 -77.85884000040458,40.76738999910143,0 -77.85884999955204,40.76738999910143,0 -77.85884999955204,40.76739999894669,0 -77.85885999959777,40.76739999894669,0 -77.85885999959777,40.7674099987904,0 -77.85886999964352,40.76741999931302,0 -77.85886999964352,40.76742999915372,0 -77.85887999968925,40.76743999899296,0 -77.85887999968925,40.76744999883071,0 -77.85887999968925,40.76745999934726,0 -77.85887999968925,40.76746999918198,0 -77.85887999968925,40.76747999901518,0 -77.85887999968925,40.7674899988469,0 -77.85887999968925,40.76749999935742,0 -77.85887999968925,40.76750999918615,0 -77.85887999968925,40.76751999901335,0 -77.85886999964352,40.76752999883902,0 -77.85886999964352,40.76753999934357,0 -77.85885999959777,40.76753999934356,0 -77.85885999959777,40.76754999916621,0 -77.85888999973501,40.76760999875104,0 -77.85895000000946,40.7676799987651,0 -77.85902000032966,40.76774999938583,0 -77.85906671182612,40.7677268593002,0</coordinates>
        </LineString>
      </MultiGeometry>
    </Placemark>
    <Placemark id="ID_00023">
      <name>V</name>
      <snippet></snippet>
      <description><![CDATA[<html xmlns:fo="http://www.w3.org/1999/XSL/Format" xmlns:msxsl="urn:schemas-microsoft-com:xslt">
<head>
<META http-equiv="Content-Type" content="text/html">
<meta http-equiv="content-type" content="text/html; charset=UTF-8">
</head>
<body style="margin:0px 0px 0px 0px;overflow:auto;background:#FFFFFF;">
<table style="font-family:Arial,Verdana,Times;font-size:12px;text-align:left;width:100%;border-collapse:collapse;padding:3px 3px 3px 3px">
<tr style="text-align:center;font-weight:bold;background:#9CBCE2">
<td>V</td>
</tr>
<tr>
<td>
<table style="font-family:Arial,Verdana,Times;font-size:12px;text-align:left;width:100%;border-spacing:0px; padding:3px 3px 3px 3px">
<tr>
<td>shape_id</td>
<td>68</td>
</tr>
<tr bgcolor="#D4E4F3">
<td>route_id</td>
<td>43</td>
</tr>
<tr>
<td>agency_id</td>
<td>CATA</td>
</tr>
<tr bgcolor="#D4E4F3">
<td>route_short_name</td>
<td>V</td>
</tr>
<tr>
<td>route_long_name</td>
<td>V - Vairo Boulevard</td>
</tr>
<tr bgcolor="#D4E4F3">
<td>route_desc</td>
<td>&lt;Null&gt;</td>
</tr>
<tr>
<td>route_type</td>
<td>3</td>
</tr>
<tr bgcolor="#D4E4F3">
<td>route_url</td>
<td>&lt;Null&gt;</td>
</tr>
<tr>
<td>route_sort_order</td>
<td>&lt;Null&gt;</td>
</tr>
<tr bgcolor="#D4E4F3">
<td>continuous_pickup</td>
<td>&lt;Null&gt;</td>
</tr>
<tr>
<td>continuous_drop_off</td>
<td>&lt;Null&gt;</td>
</tr>
<tr bgcolor="#D4E4F3">
<td>route_type_text</td>
<td>Bus</td>
</tr>
<tr>
<td>ColorCode</td>
<td>FF6600</td>
</tr>
<tr bgcolor="#D4E4F3">
<td>Shape__Length</td>
<td>13938.203861</td>
</tr>
<tr>
<td>GlobalID</td>
<td>{961CCEAB-2D02-467F-883A-103ABC2A8C51}</td>
</tr>
</table>
</td>
</tr>
</table>
</body><script type="text/javascript">
				function changeImage(attElement, nameElement) {
				document.getElementById('imageAttachment').src = attElement;
				document.getElementById('imageName').innerHTML = nameElement;}
			</script></html>
]]></description>
      <styleUrl>#LineStyle00</styleUrl>
      <MultiGeometry>
        <LineString>
          <extrude>0</extrude>
          <tessellate>1</tessellate><altitudeMode>clampToGround</altitudeMode>
          <coordinates> -77.90559299992799,40.811733998919,0 -77.90552000013304,40.81169999915086,0 -77.90544999981284,40.81177999889758,0 -77.90502999968827,40.81220999928307,0 -77.90502999968827,40.81221999917985,0 -77.90488999994619,40.81235999893585,0 -77.9048699998547,40.81238999923367,0 -77.90482999967173,40.81242999938299,0 -77.90480999958024,40.81248999922184,0 -77.9047700002956,40.81257999921829,0 -77.90474000015836,40.8126799989201,0 -77.90465999979241,40.81299999940065,0 -77.90461999960944,40.81309999914933,0 -77.90457000027904,40.8132099991747,0 -77.90454000014182,40.81325999924954,0 -77.9044899999131,40.81331999901766,0 -77.90442999963865,40.81338999913185,0 -77.90417000024597,40.81364999881219,0 -77.90406999978855,40.81372999892719,0 -77.90387999981775,40.81385999924834,0 -77.90385999972627,40.81387999922288,0 -77.90312999998029,40.81426999922022,0 -77.90273999999296,40.81446999881768,0 -77.90255000002216,40.81457999929111,0 -77.9024699996562,40.81461999879998,0 -77.9023500000056,40.81468999890229,0 -77.90225000044649,40.81474999873694,0 -77.90198000010976,40.81490999893723,0 -77.90161000021391,40.81513999905902,0 -77.9015399998937,40.81518999903911,0 -77.90147999961926,40.81525999921985,0 -77.90141000019734,40.8153099991095,0 -77.90112999981488,40.8154799994042,0 -77.90093999984408,40.81557999881419,0 -77.90091999975259,40.81555999935215,0 -77.90001000008158,40.81598999903428,0 -77.89941000003195,40.81625999937074,0 -77.89917999987817,40.81599999904117,0 -77.89843000004073,40.81527999877228,0 -77.89741999991229,40.81586999883416,0 -77.89682999990839,40.81623999875401,0 -77.89655999957166,40.81640999938497,0 -77.89627000004175,40.81660999932963,0 -77.89640999978384,40.81677999901246,0 -77.89655999957166,40.8172499989077,0 -77.89646000001255,40.81780999925216,0 -77.8962800000875,40.8180999990415,0 -77.89597999961353,40.81840999889128,0 -77.89534000027925,40.81872999892715,0 -77.89452000012159,40.81881999929646,0 -77.8932399996564,40.81877999892077,0 -77.89270999992698,40.81889999929561,0 -77.892020000364,40.81920999880587,0 -77.89123000034358,40.81932999908258,0 -77.89042000023167,40.81924999892224,0 -77.88962000016551,40.81901999877351,0 -77.88913999976648,40.81870999905511,0 -77.88896999988717,40.81843999917269,0 -77.88889999956696,40.81796999887074,0 -77.88904000020736,40.81746999929118,0 -77.88915999985795,40.81723999908925,0 -77.88927000036114,40.81707999906963,0 -77.88807000026189,40.81648999889131,0 -77.88729000028721,40.81620999883735,0 -77.88496999955633,40.81571999895869,0 -77.88448000000989,40.81554999927894,0 -77.88433000022205,40.81541999887,0 -77.8841999996274,40.81515999932751,0 -77.88432000017632,40.81475999893076,0 -77.88569000015488,40.8128899990271,0 -77.88634000043321,40.81227999920854,0 -77.88762000000008,40.81133999909698,0 -77.88791999957573,40.81114999896096,0 -77.88792999962148,40.81114999896096,0 -77.88850999957963,40.81082999907659,0 -77.88889000041952,40.81061999924865,0 -77.88922000013243,40.81043999925564,0 -77.88949999961659,40.81030999903259,0 -77.88951999970807,40.81029999884794,0 -77.8896700003942,40.8102499992621,0 -77.88986000036502,40.81019999895869,0 -77.89007000042729,40.81015999882482,0 -77.89022000021512,40.8101399990888,0 -77.89037000000295,40.81011999934674,0 -77.89061000020246,40.81007999916459,0 -77.89070999976157,40.81005999940445,0 -77.89133999994841,40.80995999915349,0 -77.89182000034744,40.80987999925218,0 -77.89209999983161,40.80982999934988,0 -77.89221000033479,40.80980999883443,0 -77.89236000012261,40.80977999872996,0 -77.89286999976055,40.80968999901499,0 -77.89322999961067,40.8096099987881,0 -77.89341000043405,40.80957999927313,0 -77.8936399996895,40.80955999936228,0 -77.89378000032988,40.80952999914475,0 -77.89386999984326,40.80950999921883,0 -77.89400000043791,40.80947999897865,0 -77.89408999995128,40.8094499994049,0 -77.89414000018,40.80942999877495,0 -77.89419999955614,40.80939999917857,0 -77.89446999989288,40.80923999928903,0 -77.89463999977218,40.80911999911865,0 -77.89478999956002,40.80899999873131,0 -77.89481999969723,40.8089699989405,0 -77.89511000012547,40.80904999925904,0 -77.89519999963885,40.80907999901363,0 -77.89523999982181,40.80908999938214,0 -77.89537000041648,40.80912999880118,0 -77.89549000006707,40.80916999887601,0 -77.89558999962618,40.80921999927572,0 -77.8957300002666,40.8092999992928,0 -77.89596999956778,40.80914999884165,0 -77.89601999979648,40.80911999911864,0 -77.8961899996758,40.80901999881094,0 -77.8962800000875,40.80895999923389,0 -77.89637999964661,40.80889999892266,0 -77.89650000019553,40.80881999910319,0 -77.89655999957166,40.80878999923101,0 -77.89666000002909,40.8087299987661,0 -77.89672000030355,40.808709999279,0 -77.89677999967968,40.80869999885321,0 -77.89678999972543,40.80869999885321,0 -77.89686000004563,40.80868999910593,0 -77.89694000041158,40.80869999885323,0 -77.89709000019941,40.808709999279,0 -77.89736999968356,40.80874999892711,0 -77.89739999982081,40.80874999892711,0 -77.897470000141,40.80875999934531,0 -77.89781999994538,40.80879999896329,0 -77.89807000019061,40.80882999883095,0 -77.89814999965824,40.80846999884413,0 -77.89817999979549,40.80832999903954,0 -77.89808000023638,40.80827999932914,0 -77.89795999968746,40.8082699988386,0 -77.89762999997455,40.80822999890115,0 -77.89737999972931,40.80819999876223,0 -77.8972600000787,40.80817999911539,0 -77.89682999990839,40.80812999929201,0 -77.89643999992106,40.80807999875096,0 -77.89613000029966,40.80803999937892,0 -77.89579999968846,40.80799999930283,0 -77.89526999995904,40.80794999934376,0 -77.8938099995688,40.8077799987933,0 -77.89349999994742,40.80772999934842,0 -77.89328999988513,40.80770999887999,0 -77.89325999974788,40.80770999887999,0 -77.89298000026372,40.80765999938237,0 -77.89282000043016,40.80762999898576,0 -77.89267999978975,40.80759999925558,0 -77.89223999957369,40.80749999937698,0 -77.89189999981508,40.80741999922962,0 -77.89158000014794,40.80731999907975,0 -77.89041000018591,40.80688999896216,0 -77.88874999977914,40.80607999925341,0 -77.88710000031641,40.80521999920153,0 -77.88699999985899,40.80515999890851,0 -77.88693999958451,40.80512999874168,0 -77.88508000005952,40.80412999879309,0 -77.88418999958166,40.80364999928638,0 -77.88367999994371,40.80337999931326,0 -77.87986000043628,40.80132999874593,0 -77.87639999988062,40.79942999910395,0 -77.87455000040136,40.797979999044,0 -77.87377000042666,40.79743999879256,0 -77.87199000036928,40.79651999905252,0 -77.86977000009584,40.79518999908777,0 -77.86908999968028,40.79454999891526,0 -77.86820000010074,40.79353999939637,0 -77.86752999973092,40.7930099991448,0 -77.86684000016793,40.79261999933723,0 -77.86692999968129,40.79265999916138,0 -77.86690000044239,40.79268999884363,0 -77.86654999973972,40.79248999889234,0 -77.86611999956939,40.79224999897163,0 -77.86571000038887,40.79201999908377,0 -77.86566000016018,40.79194999887104,0 -77.86552999956552,40.79187999926458,0 -77.86548000023512,40.79184999921635,0 -77.86528000021858,40.79186999902333,0 -77.86524000003561,40.79187999926458,0 -77.86520999989837,40.79187999926458,0 -77.86512000038499,40.79188999882427,0 -77.86506000011056,40.79189999906252,0 -77.86497999974461,40.79189999906252,0 -77.86490000027698,40.79195999910024,0 -77.86445000001518,40.79230999937321,0 -77.86440999983222,40.7923399992136,0 -77.86411000025656,40.79255999921585,0 -77.86391000024001,40.79270999907762,0 -77.86340999974949,40.79308999897911,0 -77.86300999971643,40.79337999935562,0 -77.86277000041521,40.79355999937438,0 -77.86232000015343,40.79388999882137,0 -77.86166999987509,40.79436999886023,0 -77.8615999995549,40.7944199988489,0 -77.86152000008725,40.79447999932971,0 -77.86147999990429,40.79450999886964,0 -77.86076000020407,40.79505999891445,0 -77.86043999963863,40.79529999887857,0 -77.86037000021672,40.79534999884691,0 -77.86014000006296,40.79552999896518,0 -77.859839999589,40.79575999893498,0 -77.85982000039581,40.79576999927041,0 -77.85952999996759,40.79598999878803,0 -77.85921000030045,40.79622999879044,0 -77.85918000016322,40.79625999889974,0 -77.85897000010094,40.79640999924295,0 -77.85866999962697,40.79663999888421,0 -77.85830999977686,40.79690999907255,0 -77.8580799996231,40.79707999890478,0 -77.85802000024695,40.79713999902163,0 -77.85762000021387,40.79744999887491,0 -77.85691999970682,40.79796999904148,0 -77.85794999992676,40.79854999873742,0 -77.85893999996371,40.79913999931372,0 -77.85924000043768,40.79931999935614,0 -77.86028999985079,40.79993999901501,0 -77.85950999987611,40.80074999886011,0 -77.85902000032966,40.80123999913102,0 -77.85902000032966,40.80122999893963,0 -77.85846999961043,40.80177999907001,0 -77.8580799996231,40.80216999878702,0 -77.85795999997249,40.8022899992851,0 -77.85785000036763,40.80247999894996,0 -77.85887999968925,40.80279999898134,0 -77.86092000003764,40.80395999933651,0 -77.86145999981282,40.80425999888371,0 -77.86470000026043,40.80092999929668,0 -77.86552999956552,40.80004999909546,0 -77.86583000003948,40.79871999913006,0 -77.86625000016406,40.79826999914174,0 -77.86677999989347,40.79790999899477,0 -77.86672200016716,40.79783599886242,0</coordinates>
        </LineString>
      </MultiGeometry>
    </Placemark>
    <Placemark id="ID_00024">
      <name>V</name>
      <snippet></snippet>
      <description><![CDATA[<html xmlns:fo="http://www.w3.org/1999/XSL/Format" xmlns:msxsl="urn:schemas-microsoft-com:xslt">
<head>
<META http-equiv="Content-Type" content="text/html">
<meta http-equiv="content-type" content="text/html; charset=UTF-8">
</head>
<body style="margin:0px 0px 0px 0px;overflow:auto;background:#FFFFFF;">
<table style="font-family:Arial,Verdana,Times;font-size:12px;text-align:left;width:100%;border-collapse:collapse;padding:3px 3px 3px 3px">
<tr style="text-align:center;font-weight:bold;background:#9CBCE2">
<td>V</td>
</tr>
<tr>
<td>
<table style="font-family:Arial,Verdana,Times;font-size:12px;text-align:left;width:100%;border-spacing:0px; padding:3px 3px 3px 3px">
<tr>
<td>shape_id</td>
<td>70</td>
</tr>
<tr bgcolor="#D4E4F3">
<td>route_id</td>
<td>43</td>
</tr>
<tr>
<td>agency_id</td>
<td>CATA</td>
</tr>
<tr bgcolor="#D4E4F3">
<td>route_short_name</td>
<td>V</td>
</tr>
<tr>
<td>route_long_name</td>
<td>V - Vairo Boulevard</td>
</tr>
<tr bgcolor="#D4E4F3">
<td>route_desc</td>
<td>&lt;Null&gt;</td>
</tr>
<tr>
<td>route_type</td>
<td>3</td>
</tr>
<tr bgcolor="#D4E4F3">
<td>route_url</td>
<td>&lt;Null&gt;</td>
</tr>
<tr>
<td>route_sort_order</td>
<td>&lt;Null&gt;</td>
</tr>
<tr bgcolor="#D4E4F3">
<td>continuous_pickup</td>
<td>&lt;Null&gt;</td>
</tr>
<tr>
<td>continuous_drop_off</td>
<td>&lt;Null&gt;</td>
</tr>
<tr bgcolor="#D4E4F3">
<td>route_type_text</td>
<td>Bus</td>
</tr>
<tr>
<td>ColorCode</td>
<td>FF6600</td>
</tr>
<tr bgcolor="#D4E4F3">
<td>Shape__Length</td>
<td>9814.461592</td>
</tr>
<tr>
<td>GlobalID</td>
<td>{834411D8-DC1A-4B02-8D82-0DCF3FDBC543}</td>
</tr>
</table>
</td>
</tr>
</table>
</body><script type="text/javascript">
				function changeImage(attElement, nameElement) {
				document.getElementById('imageAttachment').src = attElement;
				document.getElementById('imageName').innerHTML = nameElement;}
			</script></html>
]]></description>
      <styleUrl>#LineStyle00</styleUrl>
      <MultiGeometry>
        <LineString>
          <extrude>0</extrude>
          <tessellate>1</tessellate><altitudeMode>clampToGround</altitudeMode>
          <coordinates> -77.90532677521037,40.81162102935794,0 -77.90539999958413,40.81165999924135,0 -77.90505999982551,40.81203999876802,0 -77.90492000008342,40.81218999880517,0 -77.90480999958024,40.81230999886262,0 -77.9047700002956,40.81235999893586,0 -77.90474000015836,40.81240999897136,0 -77.90471000002114,40.81246999882831,0 -77.90467999988391,40.81253999915938,0 -77.90464999974668,40.81264999875346,0 -77.90455000018757,40.81299999940065,0 -77.90453000009606,40.81307999893966,0 -77.90451000000459,40.81312999911254,0 -77.90447999986736,40.81317999924767,0 -77.90444999973013,40.81322999934512,0 -77.90441999959292,40.81327999940489,0 -77.90426999980507,40.81343999907104,0 -77.90425999975933,40.81344999878244,0 -77.90415000015449,40.81356999928058,0 -77.90406999978855,40.81363999913095,0 -77.90398000027518,40.8137099989075,0 -77.90383999963477,40.81379999928869,0 -77.90382999958902,40.81380999894578,0 -77.90374000007566,40.8138499989189,0 -77.9034899998304,40.81398999931476,0 -77.90322000039198,40.81413999902257,0 -77.90303999956862,40.81423999909266,0 -77.90292999996375,40.81429999933427,0 -77.90273999999296,40.81438999891508,0 -77.90226999963967,40.81463999922525,0 -77.90219000017206,40.81468999890229,0 -77.9020899997146,40.81474999873694,0 -77.90189999974382,40.81486999892338,0 -77.90151999980222,40.81509999918379,0 -77.90146999957351,40.81512999892252,0 -77.90140000015161,40.81518999903911,0 -77.90126000040954,40.81526999933678,0 -77.90123000027229,40.81528999888619,0 -77.90108999963191,40.81538999926246,0 -77.90107000043875,40.81539999935978,0 -77.90094999988983,40.81546999931894,0 -77.90074999987328,40.81557999881419,0 -77.90061000013119,40.81564999926326,0 -77.90056999994823,40.81565999932143,0 -77.90052999976525,40.81567999875328,0 -77.90040000006893,40.81573999905232,0 -77.90024000023534,40.81580999933261,0 -77.90000000003585,40.81591999894393,0 -77.89941000003195,40.81619999886215,0 -77.89848797461423,40.81523118318346,0 -77.89741999991229,40.81586999883416,0 -77.89679999977119,40.81625999937074,0 -77.89655999957166,40.81640999938497,0 -77.89627000004175,40.81660999932963,0 -77.89640999978384,40.81677999901246,0 -77.89655999957166,40.8172499989077,0 -77.89646000001255,40.81780999925216,0 -77.8962800000875,40.8180999990415,0 -77.89597999961353,40.81840999889128,0 -77.89534000027925,40.81872999892715,0 -77.89452000012159,40.81881999929646,0 -77.89321999956492,40.81877999892077,0 -77.89270999992698,40.81889999929561,0 -77.892020000364,40.81920999880587,0 -77.89123000034358,40.81932999908258,0 -77.89042000023167,40.81924999892224,0 -77.88956999993678,40.81899999898891,0 -77.88913999976648,40.81870999905511,0 -77.88893999974992,40.81834999896764,0 -77.88889999956696,40.81796999887074,0 -77.88911999967497,40.81731999895432,0 -77.88915999985795,40.81723999908925,0 -77.88927000036114,40.81707999906963,0 -77.88909000043608,40.81693999907581,0 -77.88811000044485,40.81641999932854,0 -77.88792999962148,40.81633999905797,0 -77.88727000019571,40.81610999901731,0 -77.88646000008382,40.81595999900463,0 -77.88459999966048,40.81559999895003,0 -77.88433000022205,40.81541999887,0 -77.88422999976464,40.81525999921985,0 -77.8841999996274,40.81508999904125,0 -77.88432000017632,40.81475999893076,0 -77.88540999977238,40.81322999934511,0 -77.88548000009258,40.81312999911254,0 -77.88574000038359,40.81282999887014,0 -77.88606000005073,40.81251999878097,0 -77.88635999962638,40.81226999932085,0 -77.88646000008382,40.81218999880516,0 -77.88728000024145,40.81156999935672,0 -77.88749000030374,40.81141999927772,0 -77.88755999972562,40.81136999917607,0 -77.88791999957573,40.81114999896096,0 -77.88792999962148,40.81114999896096,0 -77.88850999957963,40.81082999907659,0 -77.88889000041952,40.81061999924865,0 -77.88922000013243,40.81043999925564,0 -77.88949999961659,40.81030999903259,0 -77.88951999970807,40.81029999884794,0 -77.8896700003942,40.8102499992621,0 -77.88986000036502,40.81019999895869,0 -77.88991999974115,40.81018999875752,0 -77.89007000042729,40.81015999882482,0 -77.89022000021512,40.8101399990888,0 -77.89021000016939,40.8101399990888,0</coordinates>
        </LineString>
        <LineString>
          <extrude>0</extrude>
          <tessellate>1</tessellate><altitudeMode>clampToGround</altitudeMode>
          <coordinates> -77.86672200016716,40.79783599886242,0 -77.86677999989347,40.79787999895105,0 -77.86717999992655,40.79756999906568,0 -77.86749000044627,40.79733999924622,0 -77.8677599998847,40.79713999902165,0 -77.86803000022142,40.79694999903221,0 -77.86808999959757,40.79689999890886,0 -77.86814999987203,40.796859998919,0 -77.86820000010074,40.7968199989051,0 -77.86823000023797,40.79678999904887,0 -77.86827000042095,40.79674999899274,0 -77.86831999975135,40.79668999920346,0 -77.86833999984282,40.79666999880826,0 -77.86835999993433,40.79664999908707,0 -77.86839000007154,40.79660999894664,0 -77.86839000007154,40.79659999873773,0 -77.86841000016302,40.79654999903077,0 -77.86844000030027,40.79647999883375,0 -77.86860000013384,40.79650999883008,0 -77.86867999960145,40.79651999905252,0 -77.86873999987591,40.79653999881284,0 -77.86884000033335,40.79654999903076,0 -77.86888999966372,40.79655999924718,0 -77.86895999998394,40.79655999924719,0 -77.8690200002584,40.79655999924719,0 -77.86909999972602,40.79655999924719,0 -77.86916000000049,40.79653999881284,0 -77.86922000027494,40.79652999927346,0 -77.86927999965107,40.79651999905252,0 -77.86933999992554,40.7964999992862,0 -77.86940000019999,40.79647999883375,0 -77.86946999962187,40.79644999882383,0 -77.86952999989633,40.7964199988004,0 -77.86960000021654,40.7963699989579,0 -77.86965000044525,40.79632999932877,0 -77.86981000027882,40.79619999934766,0 -77.86992999992943,40.79611999918041,0 -77.87018000017467,40.79592999899189,0 -77.87041000032845,40.79574999927814,0 -77.87047999975032,40.79568999926506,0 -77.87055000007052,40.79562999919779,0 -77.87143999965006,40.79613999906123,0 -77.87164999971235,40.79625999889974,0 -77.871780000307,40.79633999889827,0 -77.87235000021938,40.79665999928842,0 -77.87246999986999,40.79673999880493,0 -77.87270000002376,40.796859998919,0 -77.87315000028556,40.79707999890478,0 -77.87355000031863,40.79727999931015,0 -77.87366999996924,40.79733999924623,0 -77.87377000042666,40.79738999903825,0 -77.87386999998579,40.79743999879256,0 -77.87391000016875,40.79745999895577,0 -77.87398999963638,40.79750999933741,0 -77.8740900000938,40.79757999912845,0 -77.87427000001885,40.79768999903946,0 -77.87482999988552,40.79814999885627,0 -77.87478999970254,40.798179998778,0 -77.87639999988062,40.79942999910395,0 -77.87800000001295,40.80031999901463,0 -77.88211999999437,40.80254999893993,0 -77.88736999975482,40.80535999876759,0 -77.88884000019083,40.80612999926151,0 -77.88891999965844,40.80616999910485,0 -77.88902000011588,40.80621999904513,0 -77.89041000018591,40.80688999896216,0 -77.89158000014794,40.80731999907975,0 -77.89364999973523,40.80775999901983,0 -77.8982099999327,40.80832999903955,0 -77.89805000009913,40.80888999920543,0 -77.89684999999989,40.8087299987661,0 -77.89668000012058,40.80875999934531,0 -77.89624999995026,40.80895999923389,0 -77.89625999999602,40.8089699989405,0 -77.8961899996758,40.80901999881094,0 -77.89601999979648,40.80911999911864,0 -77.89596999956778,40.80914999884165,0 -77.8957300002666,40.8092999992928,0 -77.89558999962618,40.80921999927572,0 -77.89549000006707,40.80916999887601,0 -77.89537000041648,40.80912999880118,0 -77.89523999982181,40.80908999938214,0 -77.89519999963885,40.80907999901363,0 -77.89511000012547,40.80904999925904,0 -77.89481999969723,40.8089699989405,0 -77.89478999956002,40.80899999873131,0 -77.89463999977218,40.80911999911865,0 -77.89446999989288,40.80923999928903,0 -77.89419999955614,40.80939999917857,0 -77.89414000018,40.80942999877495,0 -77.89408999995128,40.8094499994049,0 -77.89400000043791,40.80947999897865,0 -77.89386999984326,40.80950999921883,0 -77.89378000032988,40.80952999914475,0 -77.8936399996895,40.80955999936228,0 -77.89341000043405,40.80957999927313,0 -77.89322999961067,40.8096099987881,0 -77.89286999976055,40.80968999901499,0 -77.89236000012261,40.80977999872996,0 -77.89221000033479,40.80980999883443,0 -77.89209999983161,40.80982999934988,0 -77.89182000034744,40.80987999925218,0 -77.89133999994841,40.80995999915349,0 -77.89070999976157,40.81005999940445,0 -77.89037000000295,40.81011999934674,0 -77.89022000021512,40.8101399990888,0</coordinates>
        </LineString>
      </MultiGeometry>
    </Placemark>
    <Placemark id="ID_00025">
      <name>VE</name>
      <snippet></snippet>
      <description><![CDATA[<html xmlns:fo="http://www.w3.org/1999/XSL/Format" xmlns:msxsl="urn:schemas-microsoft-com:xslt">
<head>
<META http-equiv="Content-Type" content="text/html">
<meta http-equiv="content-type" content="text/html; charset=UTF-8">
</head>
<body style="margin:0px 0px 0px 0px;overflow:auto;background:#FFFFFF;">
<table style="font-family:Arial,Verdana,Times;font-size:12px;text-align:left;width:100%;border-collapse:collapse;padding:3px 3px 3px 3px">
<tr style="text-align:center;font-weight:bold;background:#9CBCE2">
<td>VE</td>
</tr>
<tr>
<td>
<table style="font-family:Arial,Verdana,Times;font-size:12px;text-align:left;width:100%;border-spacing:0px; padding:3px 3px 3px 3px">
<tr>
<td>shape_id</td>
<td>73</td>
</tr>
<tr bgcolor="#D4E4F3">
<td>route_id</td>
<td>44</td>
</tr>
<tr>
<td>agency_id</td>
<td>CATA</td>
</tr>
<tr bgcolor="#D4E4F3">
<td>route_short_name</td>
<td>VE</td>
</tr>
<tr>
<td>route_long_name</td>
<td>VE Vairo Express</td>
</tr>
<tr bgcolor="#D4E4F3">
<td>route_desc</td>
<td>&lt;Null&gt;</td>
</tr>
<tr>
<td>route_type</td>
<td>3</td>
</tr>
<tr bgcolor="#D4E4F3">
<td>route_url</td>
<td>&lt;Null&gt;</td>
</tr>
<tr>
<td>route_sort_order</td>
<td>&lt;Null&gt;</td>
</tr>
<tr bgcolor="#D4E4F3">
<td>continuous_pickup</td>
<td>&lt;Null&gt;</td>
</tr>
<tr>
<td>continuous_drop_off</td>
<td>&lt;Null&gt;</td>
</tr>
<tr bgcolor="#D4E4F3">
<td>route_type_text</td>
<td>Bus</td>
</tr>
<tr>
<td>ColorCode</td>
<td>FF9966</td>
</tr>
<tr bgcolor="#D4E4F3">
<td>Shape__Length</td>
<td>6848.880695</td>
</tr>
<tr>
<td>GlobalID</td>
<td>{4A7D3BC6-1023-4866-B2D8-A0E3D2788B99}</td>
</tr>
</table>
</td>
</tr>
</table>
</body><script type="text/javascript">
				function changeImage(attElement, nameElement) {
				document.getElementById('imageAttachment').src = attElement;
				document.getElementById('imageName').innerHTML = nameElement;}
			</script></html>
]]></description>
      <styleUrl>#LineStyle00</styleUrl>
      <MultiGeometry>
        <LineString>
          <extrude>0</extrude>
          <tessellate>1</tessellate><altitudeMode>clampToGround</altitudeMode>
          <coordinates> -77.88791000042831,40.81632999910236,0 -77.88810000039911,40.81641999932854,0 -77.88829000036991,40.81651999936115,0 -77.88887000032804,40.81681999923444,0 -77.88913999976648,40.81695999880164,0 -77.88932999973727,40.81705999937991,0 -77.88941000010321,40.8169799992013,0 -77.88942000014895,40.81696999934216,0 -77.88959000002826,40.81684999887518,0 -77.88961000011976,40.81683999899644,0 -77.8897199997246,40.81675999923232,0 -77.88979000004481,40.81671999897416,0 -77.88987000041075,40.81667999937176,0 -77.89014999989492,40.81655999906008,0 -77.89033999986573,40.8164999988228,0 -77.89034999991146,40.81648999889131,0 -77.89063000029395,40.81641999932854,0 -77.89072999985306,40.81640999938497,0 -77.89084000035622,40.81639999876005,0 -77.89107999965742,40.81638999881346,0 -77.89114999997763,40.81638999881346,0 -77.8914799996905,40.81639999876004,0 -77.89155000001071,40.81639999876004,0 -77.89206999969439,40.81649999882281,0 -77.8922599996652,40.81652999928812,0 -77.8925700001849,40.8165899988184,0 -77.89302999959413,40.81666999878753,0 -77.8939500002092,40.81683999899644,0 -77.8944499998014,40.81692999921063,0 -77.89455000025882,40.8169399990758,0 -77.89466999990942,40.81695999880163,0 -77.8948099996515,40.81695999880164,0 -77.8950199997138,40.81695999880164,0 -77.89521999973033,40.81694999893947,0 -77.89545999992984,40.8169099987959,0 -77.89549000006707,40.8168999989262,0 -77.89564999990064,40.816869999308,0 -77.89571000017509,40.81684999887518,0 -77.89582999982569,40.81680999935116,0 -77.89604999993372,40.81671999897416,0 -77.8962800000875,40.81659999873484,0 -77.89682999990839,40.81624999940307,0 -77.89751000032396,40.81581999936661,0 -77.89813999961251,40.81542999896283,0 -77.89838999985776,40.81529999899863,0 -77.89808000023638,40.81491999910691,0 -77.89788000021983,40.81468999890229,0 -77.89780999989961,40.814609999265,0 -77.89755999965436,40.81429999933427,0 -77.89740999986654,40.81412999873533,0 -77.89723999998724,40.8139199991538,0 -77.89712000033663,40.81378999895022,0 -77.89700999983346,40.81367999920656,0 -77.89695999960473,40.81356999928058,0 -77.89672000030355,40.81330999928671,0 -77.89658999970889,40.81314999930706,0 -77.89657999966316,40.81313999887062,0 -77.8965699996174,40.81312999911254,0 -77.89655999957166,40.81311999935289,0 -77.89655000042423,40.81310999891191,0 -77.89652000028701,40.81307999893966,0 -77.89652000028701,40.81306999917255,0 -77.89651000024126,40.81305999940393,0 -77.89650000019553,40.8130499989539,0 -77.89649000014977,40.81304999895391,0 -77.89649000014977,40.81303999918221,0 -77.89648000010403,40.81302999872917,0 -77.89612000025393,40.81263999892148,0 -77.8960700000252,40.81257999921829,0 -77.89599999970501,40.81247999936573,0 -77.89593000028312,40.81238999923367,0 -77.89578999964273,40.81225999875175,0 -77.895779999597,40.81223999896879,0 -77.89574000031233,40.81219999938482,0 -77.89548000002134,40.81195999933481,0 -77.89537000041648,40.81184999927673,0 -77.89478000041261,40.81125999881974,0 -77.89419999955614,40.81065999910525,0 -77.89396000025494,40.81039999926643,0 -77.89391000002622,40.81033999889746,0 -77.89369999996394,40.81010999913349,0 -77.89366999982671,40.81007999916459,0 -77.8935700002676,40.80991999887495,0 -77.89355000017612,40.80987999925218,0 -77.89341000043405,40.80957999927313,0 -77.8936399996895,40.80955999936228,0 -77.89378000032988,40.80952999914475,0 -77.89386999984326,40.80950999921883,0 -77.89400000043791,40.80947999897865,0 -77.89408999995128,40.8094499994049,0 -77.89414000018,40.80942999877495,0 -77.89419999955614,40.80939999917857,0 -77.89446999989288,40.80923999928903,0 -77.89463999977218,40.80911999911865,0 -77.89478999956002,40.80899999873131,0 -77.89481999969723,40.8089699989405,0 -77.89496000033766,40.80880999937393,0 -77.89503999980528,40.80869999885321,0 -77.89503999980528,40.80868999910593,0 -77.89509000003399,40.8085899988301,0 -77.8951200001712,40.80853999931559,0 -77.89515000030845,40.80846999884413,0 -77.89516000035418,40.80843999881372,0 -77.8951899995931,40.80832999903955,0 -77.89522999977606,40.80814999895393,0 -77.89526999995904,40.80794999934376,0 -77.8938099995688,40.8077799987933,0 -77.89349999994742,40.80772999934842,0 -77.89328999988513,40.80770999887999,0 -77.89325999974788,40.80770999887999,0 -77.89298000026372,40.80765999938237,0 -77.89282000043016,40.80762999898576,0 -77.89267999978975,40.80759999925558,0 -77.89223999957369,40.80749999937698,0 -77.89189999981508,40.80741999922962,0 -77.89133999994841,40.80724999936116,0 -77.89113999993188,40.80717999888883,0 -77.89088999968664,40.80708999904724,0 -77.89074999994453,40.80702999908499,0 -77.89062000024819,40.80697999907502,0 -77.89060000015672,40.80697999907502,0 -77.890549999928,40.80694999905101,0 -77.89027999959126,40.80683999884672,0 -77.89003000024431,40.80672999914012,0 -77.88981000013629,40.80661999925114,0 -77.88957999998253,40.80650999917989,0 -77.88944000024046,40.80642999919894,0 -77.88892999970419,40.80616999910485,0 -77.88861000003705,40.80598999927987,0 -77.888430000112,40.80589999918433,0 -77.88826000023268,40.80580999896669,0 -77.88814999972951,40.80574999920711,0 -77.88794999971297,40.80563999905366,0 -77.88773999965068,40.80552999939787,0 -77.88760999995435,40.8054599991511,0 -77.88713999960106,40.80520999892978,0 -77.88664000000887,40.80493999918332,0 -77.88647000012955,40.80484999902374,0 -77.88632000034174,40.80476999908166,0 -77.88582999989696,40.80449999890508,0 -77.88528000007604,40.80420999882669,0 -77.88498999964784,40.80404999934304,0 -77.88476000039236,40.80392999930721,0 -77.88464999988921,40.80386999920788,0 -77.88418999958166,40.8036299989483,0 -77.88359999957777,40.80330999883873,0 -77.88341999965272,40.80321999918866,0 -77.88337000032233,40.80319999940095,0 -77.8831500002143,40.80307999918818,0 -77.88301999961965,40.80300999907724,0 -77.88300999957389,40.80300999907725,0 -77.88285999978608,40.80292999895718,0 -77.882720000044,40.80285999936797,0 -77.88261000043914,40.80278999902499,0 -77.88221999955347,40.80258999890103,0 -77.88210999994861,40.80251999895325,0 -77.88203999962842,40.80248999895304,0 -77.88173000000702,40.8023199993757,0 -77.88142000038563,40.80216999878704,0 -77.88125999965374,40.80207999895114,0 -77.88112999995739,40.80200999914547,0 -77.88100000026105,40.80192999918005,0 -77.88092999994088,40.80189999891316,0 -77.88066999964987,40.80174999873534,0 -77.88013999992043,40.80146999903769,0 -77.87994999994964,40.8013699987623,0 -77.87947999959636,40.80111999877464,0 -77.87928999962556,40.80101999933193,0 -77.87924000029516,40.80098999933377,0 -77.87916999997496,40.80098999933377,0 -77.87914999988348,40.80098999933377,0 -77.879129999792,40.80098999933376,0 -77.8791099997005,40.80097999910469,0 -77.87902000018714,40.80091999905861,0 -77.87888999959249,40.80085999895822,0 -77.87852999974238,40.80065999913878,0 -77.87833999977157,40.80055999900306,0 -77.87775999981343,40.80023999905237,0 -77.87733999968887,40.80001999933892,0 -77.87717999985529,40.79992999930777,0 -77.87697999983874,40.79981999902846,0 -77.87672000044606,40.79967999933665,0 -77.87655999971419,40.79957999908456,0 -77.87637999978912,40.79946999890525,0 -77.87618999981832,40.79932999915528,0 -77.87598999980179,40.79918999911001,0 -77.87567000013466,40.79892999921407,0 -77.87554000043832,40.79882999919217,0 -77.8754700001181,40.79876999924272,0 -77.87535999961493,40.79867999887686,0 -77.87518999973564,40.79854999873743,0 -77.87476999961106,40.79820999936613,0 -77.87456999959451,40.79805999900988,0 -77.87419999969866,40.79774999928502,0 -77.87408000004807,40.79766999894554,0 -77.8739200002145,40.79756999906568,0 -77.87386999998579,40.79753999886833,0 -77.87380999971133,40.79750999933741,0 -77.87369000006073,40.79743999879256,0 -77.87349000004419,40.79733999924622,0 -77.87309000001109,40.7971499991492,0 -77.87288999999456,40.79704999916603,0 -77.87263999974931,40.79692999939542,0 -77.87240000044811,40.79680999872784,0 -77.87235000021938,40.79686999908871,0 -77.87200000041503,40.79728999873653,0 -77.87147999983304,40.79792999901635,0 -77.87143999965006,40.797979999044,0 -77.87139000031966,40.79803999902744,0 -77.87110999993718,40.79837999926948,0 -77.8710699997542,40.79842999895817,0 -77.87015000003746,40.79950999936246,0 -77.86999000020387,40.79968999908156,0 -77.86984000041605,40.79984999887543,0 -77.86963000035377,40.80007999883849,0 -77.86956000003357,40.80005999878462,0 -77.86950999980485,40.80004999909546,0 -77.86912999986326,40.79993999901501,0 -77.86906999958879,40.79991999891897,0 -77.86885000037908,40.79982999875228,0 -77.86875999996739,40.79978999916791,0 -77.86854999990511,40.79968999908158,0 -77.86850999972214,40.7996699989102,0 -77.86838000002579,40.799599999283,0 -77.86809999964332,40.79940999885425,0 -77.86796999994698,40.79930999887546,0 -77.86790999967251,40.79926999897775,0 -77.86777999997618,40.79916999878804,0 -77.86741000008033,40.79887999922195,0 -77.8673799999431,40.79885999880651,0 -77.86728000038399,40.79877999912471,0 -77.86723000015527,40.79873999890768,0 -77.86710999960636,40.79864999918117,0 -77.8668800003509,40.79846999936208,0 -77.86653999969396,40.7982199993325,0 -77.8664300000891,40.79813999887936,0 -77.86651999960247,40.79806999899886,0 -77.86657999987693,40.79802999903398,0 -77.86677999989347,40.79787999895105,0 -77.86672200016716,40.79783599886242,0</coordinates>
        </LineString>
      </MultiGeometry>
    </Placemark>
    <Placemark id="ID_00026">
      <name>VE</name>
      <snippet></snippet>
      <description><![CDATA[<html xmlns:fo="http://www.w3.org/1999/XSL/Format" xmlns:msxsl="urn:schemas-microsoft-com:xslt">
<head>
<META http-equiv="Content-Type" content="text/html">
<meta http-equiv="content-type" content="text/html; charset=UTF-8">
</head>
<body style="margin:0px 0px 0px 0px;overflow:auto;background:#FFFFFF;">
<table style="font-family:Arial,Verdana,Times;font-size:12px;text-align:left;width:100%;border-collapse:collapse;padding:3px 3px 3px 3px">
<tr style="text-align:center;font-weight:bold;background:#9CBCE2">
<td>VE</td>
</tr>
<tr>
<td>
<table style="font-family:Arial,Verdana,Times;font-size:12px;text-align:left;width:100%;border-spacing:0px; padding:3px 3px 3px 3px">
<tr>
<td>shape_id</td>
<td>76</td>
</tr>
<tr bgcolor="#D4E4F3">
<td>route_id</td>
<td>44</td>
</tr>
<tr>
<td>agency_id</td>
<td>CATA</td>
</tr>
<tr bgcolor="#D4E4F3">
<td>route_short_name</td>
<td>VE</td>
</tr>
<tr>
<td>route_long_name</td>
<td>VE Vairo Express</td>
</tr>
<tr bgcolor="#D4E4F3">
<td>route_desc</td>
<td>&lt;Null&gt;</td>
</tr>
<tr>
<td>route_type</td>
<td>3</td>
</tr>
<tr bgcolor="#D4E4F3">
<td>route_url</td>
<td>&lt;Null&gt;</td>
</tr>
<tr>
<td>route_sort_order</td>
<td>&lt;Null&gt;</td>
</tr>
<tr bgcolor="#D4E4F3">
<td>continuous_pickup</td>
<td>&lt;Null&gt;</td>
</tr>
<tr>
<td>continuous_drop_off</td>
<td>&lt;Null&gt;</td>
</tr>
<tr bgcolor="#D4E4F3">
<td>route_type_text</td>
<td>Bus</td>
</tr>
<tr>
<td>ColorCode</td>
<td>FF9966</td>
</tr>
<tr bgcolor="#D4E4F3">
<td>Shape__Length</td>
<td>6156.116826</td>
</tr>
<tr>
<td>GlobalID</td>
<td>{B62B54EB-3F46-46FB-928C-AF5B8BED08E1}</td>
</tr>
</table>
</td>
</tr>
</table>
</body><script type="text/javascript">
				function changeImage(attElement, nameElement) {
				document.getElementById('imageAttachment').src = attElement;
				document.getElementById('imageName').innerHTML = nameElement;}
			</script></html>
]]></description>
      <styleUrl>#LineStyle00</styleUrl>
      <MultiGeometry>
        <LineString>
          <extrude>0</extrude>
          <tessellate>1</tessellate><altitudeMode>clampToGround</altitudeMode>
          <coordinates> -77.86672200016716,40.79783599886242,0 -77.86677999989347,40.79787999895105,0 -77.86717999992655,40.79756999906568,0 -77.86749000044627,40.79733999924622,0 -77.8677599998847,40.79713999902165,0 -77.86803000022142,40.79694999903221,0 -77.86808999959757,40.79689999890886,0 -77.86814999987203,40.796859998919,0 -77.86820000010074,40.7968199989051,0 -77.86823000023797,40.79678999904887,0 -77.86827000042095,40.79674999899274,0 -77.86831999975135,40.79668999920346,0 -77.86833999984282,40.79666999880826,0 -77.86835999993433,40.79664999908707,0 -77.86839000007154,40.79660999894664,0 -77.86839000007154,40.79659999873773,0 -77.86841000016302,40.79654999903077,0 -77.86844000030027,40.79647999883375,0 -77.86860000013384,40.79650999883008,0 -77.86867999960145,40.79651999905252,0 -77.86873999987591,40.79653999881284,0 -77.86884000033335,40.79654999903076,0 -77.86888999966372,40.79655999924718,0 -77.86895999998394,40.79655999924719,0 -77.8690200002584,40.79655999924719,0 -77.86909999972602,40.79655999924719,0 -77.86916000000049,40.79653999881284,0 -77.86922000027494,40.79652999927346,0 -77.86927999965107,40.79651999905252,0 -77.86933999992554,40.7964999992862,0 -77.86940000019999,40.79647999883375,0 -77.86946999962187,40.79644999882383,0 -77.86952999989633,40.7964199988004,0 -77.86960000021654,40.7963699989579,0 -77.86965000044525,40.79632999932877,0 -77.86981000027882,40.79619999934766,0 -77.86992999992943,40.79611999918041,0 -77.87018000017467,40.79592999899189,0 -77.87041000032845,40.79574999927814,0 -77.87047999975032,40.79568999926506,0 -77.87055000007052,40.79562999919779,0 -77.87143999965006,40.79613999906123,0 -77.87164999971235,40.79625999889974,0 -77.871780000307,40.79633999889827,0 -77.87235000021938,40.79665999928842,0 -77.87246999986999,40.79673999880493,0 -77.87270000002376,40.796859998919,0 -77.87315000028556,40.79707999890478,0 -77.87355000031863,40.79727999931015,0 -77.87366999996924,40.79733999924623,0 -77.87377000042666,40.79738999903825,0 -77.87386999998579,40.79743999879256,0 -77.87391000016875,40.79745999895577,0 -77.87398999963638,40.79750999933741,0 -77.8740900000938,40.79757999912845,0 -77.87427000001885,40.79768999903946,0 -77.87492000029719,40.7982199993325,0 -77.87529000019305,40.79851999898298,0 -77.87546000007237,40.79863999927958,0 -77.87561999990594,40.79876999924272,0 -77.87565000004315,40.79879999888419,0 -77.87574999960228,40.79886999935501,0 -77.87607000016773,40.79912999880597,0 -77.87626000013854,40.79926999897775,0 -77.87645000010933,40.79940999885426,0 -77.87661999998865,40.79951999913299,0 -77.8767799998222,40.79960999903998,0 -77.87697999983874,40.79972999940622,0 -77.87723000008401,40.79985999927478,0 -77.87728000031271,40.79988999910368,0 -77.87763000011711,40.80007999883849,0 -77.87781000004215,40.80017999901733,0 -77.87859000001681,40.80058999919554,0 -77.87908999960902,40.80085999895822,0 -77.8791800000207,40.80090999881895,0 -77.87919000006644,40.8009199990586,0 -77.87921000015794,40.80093999885327,0 -77.87921000015794,40.8009499990884,0 -77.87924000029516,40.80098999933377,0 -77.87928999962556,40.80101999933193,0 -77.87947999959636,40.80111999877464,0 -77.87994999994964,40.8013699987623,0 -77.88013999992043,40.80146999903769,0 -77.88066999964987,40.80174999873534,0 -77.88092999994088,40.80189999891316,0 -77.88100000026105,40.80192999918005,0 -77.88112999995739,40.80200999914547,0 -77.88125999965374,40.80207999895114,0 -77.88142000038563,40.80216999878704,0 -77.88173000000702,40.8023199993757,0 -77.88203999962842,40.80248999895304,0 -77.88210999994861,40.80251999895325,0 -77.88221999955347,40.80258999890103,0 -77.88261000043914,40.80278999902499,0 -77.882720000044,40.80285999936797,0 -77.88285999978608,40.80292999895718,0 -77.88300999957389,40.80300999907725,0 -77.88301999961965,40.80300999907724,0 -77.8831500002143,40.80307999918818,0 -77.88337000032233,40.80319999940095,0 -77.88341999965272,40.80321999918866,0 -77.88359999957777,40.80330999883873,0 -77.88418999958166,40.8036299989483,0 -77.88464999988921,40.80386999920788,0 -77.88476000039236,40.80392999930721,0 -77.88498999964784,40.80404999934304,0 -77.88528000007604,40.80420999882669,0 -77.88582999989696,40.80449999890508,0 -77.88632000034174,40.80476999908166,0 -77.88647000012955,40.80484999902374,0 -77.88664000000887,40.80493999918332,0 -77.88713999960106,40.80520999892978,0 -77.88760999995435,40.8054599991511,0 -77.88773999965068,40.80552999939787,0 -77.88794999971297,40.80563999905366,0 -77.88814999972951,40.80574999920711,0 -77.88861000003705,40.80598999927987,0 -77.88892999970419,40.80616999910485,0 -77.88944000024046,40.80642999919894,0 -77.88957999998253,40.80650999917989,0 -77.88981000013629,40.80661999925114,0 -77.89003000024431,40.80672999914012,0 -77.89027999959126,40.80683999884672,0 -77.890549999928,40.80694999905101,0 -77.89060000015672,40.80697999907502,0 -77.89062000024819,40.80697999907502,0 -77.89074999994453,40.80702999908499,0 -77.89088999968664,40.80708999904724,0 -77.89113999993188,40.80717999888883,0 -77.89133999994841,40.80724999936116,0 -77.89189999981508,40.80741999922962,0 -77.89223999957369,40.80749999937698,0 -77.89267999978975,40.80759999925558,0 -77.89282000043016,40.80762999898576,0 -77.89298000026372,40.80765999938237,0 -77.89325999974788,40.80770999887999,0 -77.89328999988513,40.80770999887999,0 -77.89349999994742,40.80772999934842,0 -77.8938099995688,40.8077799987933,0 -77.89526999995904,40.80794999934376,0 -77.89522999977606,40.80814999895393,0 -77.8951899995931,40.80832999903955,0 -77.89516000035418,40.80843999881372,0 -77.89515000030845,40.80846999884413,0 -77.8951200001712,40.80853999931559,0 -77.89509000003399,40.8085899988301,0 -77.89503999980528,40.80868999910593,0 -77.89503999980528,40.80869999885321,0 -77.89496000033766,40.80880999937393,0 -77.89481999969723,40.8089699989405,0 -77.89478999956002,40.80899999873131,0 -77.89463999977218,40.80911999911865,0 -77.89446999989288,40.80923999928903,0 -77.89419999955614,40.80939999917857,0 -77.89414000018,40.80942999877495,0 -77.89408999995128,40.8094499994049,0 -77.89400000043791,40.80947999897865,0 -77.89386999984326,40.80950999921883,0 -77.89378000032988,40.80952999914475,0 -77.8936399996895,40.80955999936228,0 -77.89341000043405,40.80957999927313,0 -77.89322999961067,40.8096099987881,0 -77.89286999976055,40.80968999901499,0 -77.89236000012261,40.80977999872996,0 -77.89221000033479,40.80980999883443,0 -77.89209999983161,40.80982999934988,0 -77.89186999967784,40.80986999900272,0 -77.89188999976933,40.8099299991168,0 -77.89182000034744,40.80987999925218,0 -77.89133999994841,40.80995999915349,0 -77.89070999976157,40.81005999940445,0 -77.89037000000295,40.81011999934674,0 -77.89020000012363,40.8101399990888,0 -77.89007000042729,40.81015999882482,0 -77.88986000036502,40.81019999895869,0 -77.8896700003942,40.8102499992621,0 -77.88951999970807,40.81029999884794,0 -77.88949999961659,40.81030999903259,0 -77.88922000013243,40.81043999925564,0 -77.88889000041952,40.81061999924865,0 -77.88850999957963,40.81082999907659,0 -77.88792999962148,40.81114999896096,0 -77.88791999957573,40.81114999896096,0 -77.88755999972562,40.81136999917607,0 -77.88749000030374,40.81141999927772,0 -77.88728000024145,40.81156999935672,0 -77.88646000008382,40.81218999880516,0 -77.88635999962638,40.81226999932085,0 -77.88618999974709,40.81240999897137,0 -77.88606000005073,40.81251999878097,0 -77.88574000038359,40.81282999887014,0 -77.88548000009258,40.81312999911254,0 -77.88537999963516,40.81326999898803,0 -77.88514000033396,40.81357999897234,0 -77.88505999996801,40.81368999888178,0 -77.884579999569,40.81436999909431,0 -77.88437999955245,40.81464999875577,0 -77.88435000031355,40.81469999910511,0 -77.88424999985611,40.81486999892338,0 -77.88420999967313,40.81500999920642,0 -77.8841999996274,40.81510999932481,0 -77.88422999976464,40.81526999933677,0 -77.88430000008483,40.81535999896142,0 -77.88438999959821,40.81547999940419,0 -77.88444999987266,40.81552999912804,0 -77.8845100001471,40.81556999874402,0 -77.88456000037583,40.81559999895003,0 -77.88465999993494,40.81563999920362,0 -77.88471000016366,40.81565999932143,0 -77.88479999967701,40.81568999880687,0 -77.88514000033396,40.81575999913994,0 -77.88584999998845,40.81588999888261,0 -77.88619999979282,40.81594999899168,0 -77.88639999980936,40.81593999897727,0 -77.88643999999233,40.8159499989917,0 -77.88670000028333,40.81599999904117,0 -77.88688000020838,40.81602999905273,0 -77.88712999955533,40.8160799990419,0 -77.88735999970909,40.81613999897919,0 -77.88756999977137,40.81619999886215,0 -77.8877899998794,40.81626999933692,0 -77.88784000010811,40.81628999926475,0 -77.88791000042831,40.81632999910236,0 -77.88795999975871,40.81626999933692,0</coordinates>
        </LineString>
      </MultiGeometry>
    </Placemark>
    <Placemark id="ID_00027">
      <name>VE</name>
      <snippet></snippet>
      <description><![CDATA[<html xmlns:fo="http://www.w3.org/1999/XSL/Format" xmlns:msxsl="urn:schemas-microsoft-com:xslt">
<head>
<META http-equiv="Content-Type" content="text/html">
<meta http-equiv="content-type" content="text/html; charset=UTF-8">
</head>
<body style="margin:0px 0px 0px 0px;overflow:auto;background:#FFFFFF;">
<table style="font-family:Arial,Verdana,Times;font-size:12px;text-align:left;width:100%;border-collapse:collapse;padding:3px 3px 3px 3px">
<tr style="text-align:center;font-weight:bold;background:#9CBCE2">
<td>VE</td>
</tr>
<tr>
<td>
<table style="font-family:Arial,Verdana,Times;font-size:12px;text-align:left;width:100%;border-spacing:0px; padding:3px 3px 3px 3px">
<tr>
<td>shape_id</td>
<td>78</td>
</tr>
<tr bgcolor="#D4E4F3">
<td>route_id</td>
<td>44</td>
</tr>
<tr>
<td>agency_id</td>
<td>CATA</td>
</tr>
<tr bgcolor="#D4E4F3">
<td>route_short_name</td>
<td>VE</td>
</tr>
<tr>
<td>route_long_name</td>
<td>VE Vairo Express</td>
</tr>
<tr bgcolor="#D4E4F3">
<td>route_desc</td>
<td>&lt;Null&gt;</td>
</tr>
<tr>
<td>route_type</td>
<td>3</td>
</tr>
<tr bgcolor="#D4E4F3">
<td>route_url</td>
<td>&lt;Null&gt;</td>
</tr>
<tr>
<td>route_sort_order</td>
<td>&lt;Null&gt;</td>
</tr>
<tr bgcolor="#D4E4F3">
<td>continuous_pickup</td>
<td>&lt;Null&gt;</td>
</tr>
<tr>
<td>continuous_drop_off</td>
<td>&lt;Null&gt;</td>
</tr>
<tr bgcolor="#D4E4F3">
<td>route_type_text</td>
<td>Bus</td>
</tr>
<tr>
<td>ColorCode</td>
<td>FF9966</td>
</tr>
<tr bgcolor="#D4E4F3">
<td>Shape__Length</td>
<td>1694.888886</td>
</tr>
<tr>
<td>GlobalID</td>
<td>{56EE62C0-4EE2-4F34-B199-C98ECBEECFFF}</td>
</tr>
</table>
</td>
</tr>
</table>
</body><script type="text/javascript">
				function changeImage(attElement, nameElement) {
				document.getElementById('imageAttachment').src = attElement;
				document.getElementById('imageName').innerHTML = nameElement;}
			</script></html>
]]></description>
      <styleUrl>#LineStyle00</styleUrl>
      <MultiGeometry>
        <LineString>
          <extrude>0</extrude>
          <tessellate>1</tessellate><altitudeMode>clampToGround</altitudeMode>
          <coordinates> -77.89182000034744,40.80987999925218,0 -77.89133999994841,40.80995999915349,0 -77.89070999976157,40.81005999940445,0 -77.89037000000295,40.81011999934674,0 -77.89020000012363,40.8101399990888,0 -77.89007000042729,40.81015999882482,0 -77.88986000036502,40.81019999895869,0 -77.8896700003942,40.8102499992621,0 -77.88951999970807,40.81029999884794,0 -77.88949999961659,40.81030999903259,0 -77.88922000013243,40.81043999925564,0 -77.88889000041952,40.81061999924865,0 -77.88850999957963,40.81082999907659,0 -77.88792999962148,40.81114999896096,0 -77.88791999957573,40.81114999896096,0 -77.88755999972562,40.81136999917607,0 -77.88749000030374,40.81141999927772,0 -77.88728000024145,40.81156999935672,0 -77.88646000008382,40.81218999880516,0 -77.88635999962638,40.81226999932085,0 -77.88618999974709,40.81240999897137,0 -77.88606000005073,40.81251999878097,0 -77.88574000038359,40.81282999887014,0 -77.88548000009258,40.81312999911254,0 -77.88537999963516,40.81326999898803,0 -77.88514000033396,40.81357999897234,0 -77.88505999996801,40.81368999888178,0 -77.884579999569,40.81436999909431,0 -77.88437999955245,40.81464999875577,0 -77.88435000031355,40.81469999910511,0 -77.88424999985611,40.81486999892338,0 -77.88420999967313,40.81500999920642,0 -77.8841999996274,40.81510999932481,0 -77.88422999976464,40.81526999933677,0 -77.88430000008483,40.81535999896142,0 -77.88438999959821,40.81547999940419,0 -77.88444999987266,40.81552999912804,0 -77.8845100001471,40.81556999874402,0 -77.88456000037583,40.81559999895003,0 -77.88465999993494,40.81563999920362,0 -77.88471000016366,40.81565999932143,0 -77.88479999967701,40.81568999880687,0 -77.88514000033396,40.81575999913994,0 -77.88584999998845,40.81588999888261,0 -77.88619999979282,40.81594999899168,0 -77.88639999980936,40.81593999897727,0 -77.88643999999233,40.8159499989917,0 -77.88670000028333,40.81599999904117,0 -77.88688000020838,40.81602999905273,0 -77.88712999955533,40.8160799990419,0 -77.88735999970909,40.81613999897919,0 -77.88756999977137,40.81619999886215,0 -77.8877899998794,40.81626999933692,0 -77.88784000010811,40.81628999926475,0 -77.88791000042831,40.81632999910236,0 -77.88795999975871,40.81626999933692,0</coordinates>
        </LineString>
      </MultiGeometry>
    </Placemark>
    <Placemark id="ID_00028">
      <name>W</name>
      <snippet></snippet>
      <description><![CDATA[<html xmlns:fo="http://www.w3.org/1999/XSL/Format" xmlns:msxsl="urn:schemas-microsoft-com:xslt">
<head>
<META http-equiv="Content-Type" content="text/html">
<meta http-equiv="content-type" content="text/html; charset=UTF-8">
</head>
<body style="margin:0px 0px 0px 0px;overflow:auto;background:#FFFFFF;">
<table style="font-family:Arial,Verdana,Times;font-size:12px;text-align:left;width:100%;border-collapse:collapse;padding:3px 3px 3px 3px">
<tr style="text-align:center;font-weight:bold;background:#9CBCE2">
<td>W</td>
</tr>
<tr>
<td>
<table style="font-family:Arial,Verdana,Times;font-size:12px;text-align:left;width:100%;border-spacing:0px; padding:3px 3px 3px 3px">
<tr>
<td>shape_id</td>
<td>80</td>
</tr>
<tr bgcolor="#D4E4F3">
<td>route_id</td>
<td>46</td>
</tr>
<tr>
<td>agency_id</td>
<td>CATA</td>
</tr>
<tr bgcolor="#D4E4F3">
<td>route_short_name</td>
<td>W</td>
</tr>
<tr>
<td>route_long_name</td>
<td>W - Valley Vista</td>
</tr>
<tr bgcolor="#D4E4F3">
<td>route_desc</td>
<td>&lt;Null&gt;</td>
</tr>
<tr>
<td>route_type</td>
<td>3</td>
</tr>
<tr bgcolor="#D4E4F3">
<td>route_url</td>
<td>&lt;Null&gt;</td>
</tr>
<tr>
<td>route_sort_order</td>
<td>&lt;Null&gt;</td>
</tr>
<tr bgcolor="#D4E4F3">
<td>continuous_pickup</td>
<td>&lt;Null&gt;</td>
</tr>
<tr>
<td>continuous_drop_off</td>
<td>&lt;Null&gt;</td>
</tr>
<tr bgcolor="#D4E4F3">
<td>route_type_text</td>
<td>Bus</td>
</tr>
<tr>
<td>ColorCode</td>
<td>fccc0a</td>
</tr>
<tr bgcolor="#D4E4F3">
<td>Shape__Length</td>
<td>11565.920246</td>
</tr>
<tr>
<td>GlobalID</td>
<td>{A8E37AED-4BB2-43B8-8851-9A1DF16DA0F4}</td>
</tr>
</table>
</td>
</tr>
</table>
</body><script type="text/javascript">
				function changeImage(attElement, nameElement) {
				document.getElementById('imageAttachment').src = attElement;
				document.getElementById('imageName').innerHTML = nameElement;}
			</script></html>
]]></description>
      <styleUrl>#LineStyle00</styleUrl>
      <MultiGeometry>
        <LineString>
          <extrude>0</extrude>
          <tessellate>1</tessellate><altitudeMode>clampToGround</altitudeMode>
          <coordinates> -77.90777999969113,40.790749999196,0 -77.90777999969113,40.79073999878448,0 -77.90762999990331,40.79057999879742,0 -77.90758999972034,40.79053999908044,0 -77.90750000020697,40.79042999888444,0 -77.90740999979529,40.79032999898091,0 -77.90733000032765,40.79027999931274,0 -77.90708000008239,40.78998999899856,0 -77.90678999965417,40.78965999921112,0 -77.90656000039873,40.78938999878352,0 -77.90640999971257,40.78920999902209,0 -77.90628000001622,40.78905999873479,0 -77.90537000034521,40.78949999934216,0 -77.9047700002956,40.78979999895029,0 -77.90375000012141,40.79028999911333,0 -77.90371999998416,40.79029999891249,0 -77.90364999966397,40.79033999877397,0 -77.90359000028782,40.79036999882438,0 -77.90327999976812,40.7905099991069,0 -77.90307999975157,40.79060999873933,0 -77.9023199998684,40.79095999932744,0 -77.90167999963579,40.79128999877508,0 -77.90141000019734,40.79142999915818,0 -77.90102000021002,40.79162999890188,0 -77.89970999960761,40.7922899990187,0 -77.899589999957,40.79219999938909,0 -77.89955999981979,40.79215999928781,0 -77.89916999983244,40.79173999915025,0 -77.89911999960373,40.7916899991836,0 -77.89908000031907,40.79164999877513,0 -77.89902000004463,40.79160999902262,0 -77.89902000004463,40.79159999874069,0 -77.89890000039402,40.79151999915138,0 -77.89887000025678,40.7914899989405,0 -77.89850000036093,40.79122999881202,0 -77.898419999995,40.79116999879475,0 -77.89829000029866,40.79103999891134,0 -77.8982800002529,40.79103999891134,0 -77.89806000014488,40.79080999891266,0 -77.89798999982469,40.79073999878448,0 -77.89786000012833,40.79060999873933,0 -77.89765000006606,40.79037999929157,0 -77.89759999983734,40.79032999898091,0 -77.89753000041546,40.79029999891249,0 -77.89746000009526,40.79023999873493,0 -77.89732000035318,40.79010999907111,0 -77.89712000033663,40.78990999882969,0 -77.89709000019941,40.78987999925165,0 -77.89694000041158,40.7897299991176,0 -77.89679999977119,40.78958999923088,0 -77.89675000044079,40.78952999909195,0 -77.89654000037849,40.78929999930386,0 -77.89653000033275,40.78928999935417,0 -77.89642999987531,40.78921999898383,0 -77.89627000004175,40.78910999932163,0 -77.8960700000252,40.78899999879705,0 -77.89594000032888,40.78891999879574,0 -77.89585999996294,40.78888999877042,0 -77.895779999597,40.7888599987315,0 -77.89576999955125,40.7888599987315,0 -77.89576000040381,40.788869998746,0 -77.89574000031233,40.78886999874599,0 -77.8957300002666,40.78886999874599,0 -77.89572000022083,40.78886999874599,0 -77.89571000017509,40.78886999874599,0 -77.89570000012935,40.78886999874599,0 -77.89569000008362,40.78886999874599,0 -77.89566999999212,40.788869998746,0 -77.89565999994639,40.788869998746,0 -77.89564999990064,40.7888599987315,0 -77.89563999985491,40.7888599987315,0 -77.89562999980915,40.7888599987315,0 -77.89561999976341,40.78884999939569,0 -77.89560999971768,40.78884999939569,0 -77.89559999967194,40.78883999937818,0 -77.89558999962618,40.78883999937819,0 -77.89557999958043,40.78882999935922,0 -77.89557000043301,40.7888199993387,0 -77.89546999997559,40.78883999937819,0 -77.89532000018777,40.7888599987315,0 -77.89507999998825,40.78890999878883,0 -77.89506999994251,40.78890999878883,0 -77.89490000006319,40.78895999880846,0 -77.89481999969723,40.78899999879705,0 -77.89469000000089,40.78905999873481,0 -77.89443999975566,40.78920999902209,0 -77.89419000040871,40.78933999908767,0 -77.8939500002092,40.78946999889874,0 -77.89383999970602,40.78952999909195,0 -77.89375000019265,40.7895699987372,0 -77.89373000010117,40.78957999932487,0 -77.89361999959799,40.78961999894,0 -77.89353000008462,40.78963999873854,0 -77.89346999981018,40.78965999921112,0 -77.89329999993086,40.78967999899761,0 -77.89312000000581,40.78967999899761,0 -77.89296000017224,40.78965999921113,0 -77.8928100003844,40.78962999883998,0 -77.89262000041361,40.7895699987372,0 -77.89253000000193,40.78953999900548,0 -77.89242000039707,40.78950999926027,0 -77.89236000012261,40.78950999926028,0 -77.89228999980241,40.78949999934216,0 -77.89220000028905,40.78950999926027,0 -77.8921900002433,40.78950999926027,0 -77.89208999978588,40.78952999909194,0 -77.89184000043895,40.78955999882812,0 -77.89186999967784,40.78964999931566,0 -77.89193999999804,40.7898499989799,0 -77.89193999999804,40.78985999884525,0 -77.89196000008954,40.78995999877652,0 -77.89199000022676,40.79006999907101,0 -77.892020000364,40.79025999902683,0 -77.89203999955716,40.79047999911978,0 -77.89205999964864,40.79069999916397,0 -77.89205999964864,40.79088999935742,0 -77.89205999964864,40.79106999932555,0 -77.89205999964864,40.79115999912662,0 -77.89203000040973,40.79143999878558,0 -77.89198000018102,40.79171999930414,0 -77.89190999986081,40.79199999932197,0 -77.89189999981508,40.79204999905519,0 -77.89184999958637,40.79221999909057,0 -77.89182000034744,40.79230999937319,0 -77.89179000021022,40.79239999885371,0 -77.89175000002724,40.79248999889233,0 -77.89168999975278,40.79263999891226,0 -77.89164000042238,40.79273999873729,0 -77.89161000028516,40.79280999879723,0 -77.89155000001071,40.79292999921406,0 -77.89146999964477,40.79306999885952,0 -77.89138000013139,40.7932199989293,0 -77.89137000008566,40.79322999896728,0 -77.89123000034358,40.79344999874082,0 -77.89116000002336,40.79354999938615,0 -77.89104000037277,40.79370999901723,0 -77.89086000044772,40.79392999924051,0 -77.8907399998988,40.79405999890616,0 -77.89034999991146,40.79444999909608,0 -77.89021000016939,40.79458999893679,0 -77.89007000042729,40.7947299991623,0 -77.8899299997869,40.79487999888204,0 -77.88949999961659,40.7953099992833,0 -77.88931999969154,40.79548999882994,0 -77.88907000034459,40.79573999893969,0 -77.88889000041952,40.79595999923679,0 -77.88874999977914,40.79610999889771,0 -77.88852999967109,40.79639999900393,0 -77.88850999957963,40.7964299990364,0 -77.88847000029496,40.79647999883374,0 -77.88845000020348,40.79650999883007,0 -77.88838999992902,40.79658999920741,0 -77.88812999963802,40.7969899989678,0 -77.8879799998502,40.79722999875526,0 -77.88791999957573,40.79731999904688,0 -77.8877199995592,40.79760999930772,0 -77.88729000028721,40.79812999890095,0 -77.88717999978404,40.79827999909907,0 -77.88709000027066,40.79837999926949,0 -77.88685000007115,40.79870999923904,0 -77.88675999965946,40.79881999931769,0 -77.88645000003807,40.79918999910999,0 -77.88632000034174,40.79936999901684,0 -77.88614999956411,40.79963999898185,0 -77.8860299999135,40.7999099992087,0 -77.88600999982201,40.79997999918902,0 -77.88596999963906,40.80011999892812,0 -77.88594000040013,40.80020999938164,0 -77.88592000030864,40.80031999901463,0 -77.88589000017141,40.80047999932999,0 -77.88586000003419,40.80065999913878,0 -77.88577999966824,40.80128999938552,0 -77.88612000032518,40.80131999924809,0 -77.88626000006725,40.80134999909714,0 -77.88635999962638,40.8013799989326,0 -77.88649000022104,40.80142999908163,0 -77.88660999987162,40.80149999881896,0 -77.88682999997967,40.80165999900991,0 -77.88693999958451,40.80173999930079,0 -77.88666000010035,40.80187999872771,0 -77.88648000017528,40.80196999883483,0 -77.88647000012955,40.80197999891477,0 -77.88646000008382,40.80198999899314,0 -77.88646000008382,40.80199999907007,0 -77.88646000008382,40.80200999914548,0 -77.88650000026679,40.80206999888627,0 -77.88656999968867,40.80215999873572,0 -77.88611000027944,40.80233999874859,0 -77.88600999982201,40.80237999883625,0 -77.88596999963906,40.80239999887107,0 -77.88594000040013,40.80244999893169,0 -77.88592000030864,40.80254999893993,0 -77.88592000030864,40.80256999892346,0 -77.88591000026291,40.80259999888757,0 -77.88588000012567,40.8029599987585,0 -77.88584999998845,40.80304999876113,0 -77.88566000001764,40.80325999874599,0 -77.88507000001377,40.8029599987585,0 -77.88493000027168,40.80288999920094,0 -77.88489000008872,40.80286999931381,0 -77.88477000043812,40.8029999991525,0 -77.88457000042158,40.80321999918866,0 -77.88425999990186,40.80355999873743,0 -77.88418999958166,40.8036299989483,0 -77.88359999957777,40.80330999883873,0 -77.88341999965272,40.80321999918866,0 -77.88337000032233,40.80319999940095,0 -77.8831500002143,40.80307999918818,0 -77.88301999961965,40.80300999907724,0 -77.88300999957389,40.80300999907725,0 -77.88285999978608,40.80292999895718,0 -77.882720000044,40.80285999936797,0 -77.88261000043914,40.80278999902499,0 -77.88221999955347,40.80258999890103,0 -77.88210999994861,40.80251999895325,0 -77.88203999962842,40.80248999895304,0 -77.88173000000702,40.8023199993757,0 -77.88142000038563,40.80216999878704,0 -77.88125999965374,40.80207999895114,0 -77.88112999995739,40.80200999914547,0 -77.88100000026105,40.80192999918005,0 -77.88092999994088,40.80189999891316,0 -77.88066999964987,40.80174999873534,0 -77.88013999992043,40.80146999903769,0 -77.87994999994964,40.8013699987623,0 -77.87988999967517,40.80132999874593,0 -77.87947999959636,40.80111999877464,0 -77.87928999962556,40.80101999933193,0 -77.87924000029516,40.80098999933377,0 -77.87916999997496,40.80098999933377,0 -77.87914999988348,40.80098999933377,0 -77.879129999792,40.80098999933376,0 -77.8791099997005,40.80097999910469,0 -77.87902000018714,40.80091999905861,0 -77.87888999959249,40.80085999895822,0 -77.87833999977157,40.80055999900306,0 -77.87775999981343,40.80023999905237,0 -77.87733999968887,40.80001999933892,0 -77.87717999985529,40.79992999930777,0 -77.87697999983874,40.79981999902846,0 -77.87672000044606,40.79967999933665,0 -77.87655999971419,40.79957999908456,0 -77.87637999978912,40.79946999890525,0 -77.87618999981832,40.79932999915528,0 -77.87598999980179,40.79918999911001,0 -77.87567000013466,40.79892999921407,0 -77.87554000043832,40.79882999919217,0 -77.8754700001181,40.79876999924272,0 -77.87518999973564,40.79854999873743,0 -77.87476999961106,40.79820999936613,0 -77.87456999959451,40.79805999900988,0 -77.87419999969866,40.79774999928502,0 -77.87408000004807,40.79766999894554,0 -77.8739200002145,40.79756999906568,0 -77.87386999998579,40.79753999886833,0 -77.87380999971133,40.79750999933741,0 -77.87369000006073,40.79743999879256,0 -77.87349000004419,40.79733999924622,0 -77.87309000001109,40.7971499991492,0 -77.87288999999456,40.79704999916603,0 -77.87263999974931,40.79692999939542,0 -77.87240000044811,40.79680999872784,0 -77.87227999989921,40.79672999929569,0 -77.87159000033618,40.79632999932877,0 -77.87124999967925,40.79613999906124,0 -77.87047999975032,40.79568999926506,0 -77.87022000035765,40.79553999933525,0 -77.87010999985448,40.79546999875329,0 -77.87005999962577,40.79543999896708,0 -77.86989999979218,40.79533999912832,0 -77.86977000009584,40.79522999940373,0 -77.86963000035377,40.79512999924867,0 -77.8695199998506,40.79503999938834,0 -77.86941000024572,40.79494999940601,0 -77.8693299998798,40.79486999909262,0 -77.86924000036643,40.79477999887983,0 -77.86908999968028,40.79461999910708,0 -77.86900000016691,40.79450999886964,0 -77.86866000040828,40.79410999912829,0 -77.86843000025452,40.79382999916754,0 -77.86838000002579,40.79377999873452,0 -77.86809999964332,40.7934999987423,0 -77.86804000026717,40.79343999873602,0 -77.86794999985548,40.79335999932345,0 -77.86793999980975,40.79334999930509,0 -77.8678300002049,40.79326999910398,0 -77.86763000018834,40.79312999920015,0 -77.86740000003456,40.79297999892704,0 -77.86704000018447,40.79275999895628,0 -77.86690000044239,40.79268999884363,0 -77.86683000012218,40.79264999903754,0 -77.86654999973972,40.79248999889234,0 -77.86611999956939,40.79224999897163,0 -77.86571000038887,40.79201999908377,0 -77.86566000016018,40.79194999887104,0 -77.86552999956552,40.79187999926458,0 -77.86548000023512,40.79184999921635,0 -77.86528000021858,40.79186999902333,0 -77.86524000003561,40.79187999926458,0 -77.86520999989837,40.79187999926458,0 -77.86512000038499,40.79188999882427,0 -77.86506000011056,40.79189999906252,0 -77.86497999974461,40.79189999906252,0 -77.86490000027698,40.79195999910024,0 -77.86445000001518,40.79230999937321,0 -77.86440999983222,40.7923399992136,0 -77.86411000025656,40.79255999921585,0 -77.86391000024001,40.79270999907762,0 -77.86354000034416,40.79298999900112,0 -77.86340999974949,40.79308999897911,0 -77.86339999970376,40.79308999897911,0 -77.86300999971643,40.79337999935562,0 -77.86277000041521,40.79355999937438,0 -77.86232000015343,40.79388999882137,0 -77.86166999987509,40.79436999886023,0 -77.8615999995549,40.7944199988489,0 -77.86152000008725,40.79447999932971,0 -77.86076000020407,40.79505999891445,0 -77.86043999963863,40.79529999887857,0 -77.86037000021672,40.79534999884691,0 -77.86014000006296,40.79552999896518,0 -77.859839999589,40.79575999893498,0 -77.85982000039581,40.79576999927041,0 -77.85952999996759,40.79598999878803,0 -77.85921000030045,40.79622999879044,0 -77.85918000016322,40.79625999889974,0 -77.85897000010094,40.79640999924295,0 -77.85866999962697,40.79663999888421,0 -77.85830999977686,40.79690999907255,0 -77.8580799996231,40.79707999890478,0 -77.85800000015547,40.79714999914918,0 -77.85774999991021,40.79733999924622,0 -77.8576500003511,40.79740999921652,0 -77.85691999970682,40.79796999904148,0 -77.8571499998606,40.79810999893962,0 -77.85786000041338,40.79850999906179,0 -77.85791999978952,40.79855999933261,0 -77.85832999986835,40.7987899990052,0 -77.85873999994718,40.79903999892817,0 -77.85889999978075,40.79913999931372,0 -77.85921000030045,40.79930999887546,0 -77.8594399995559,40.79942999910395,0 -77.85968999980116,40.79956999932308,0 -77.85974000002987,40.79957999908456,0 -77.8597700001671,40.79958999884455,0 -77.85981000035008,40.79960999903997,0 -77.85982000039581,40.79961999879544,0 -77.85985999968048,40.79962999922942,0 -77.86005999969701,40.79975999929382,0 -77.86017000020018,40.79982999875228,0 -77.86031999998801,40.79991999891897,0 -77.86027999980504,40.79995999910503,0 -77.8599600001379,40.80028999938008,0 -77.85951999992184,40.80073999927488,0 -77.85900000023817,40.80125999882932,0 -77.85853999993063,40.80170999894798,0 -77.85847999965618,40.80176999895994,0 -77.85809999971457,40.80213999930864,0 -77.85797000001824,40.8022599991809,0 -77.85791999978952,40.8023199993757,0 -77.85787999960655,40.80237999883625,0 -77.85786000041338,40.80244999893169,0 -77.85785000036763,40.80250999895473,0 -77.8580100002012,40.80252999895033,0 -77.85813999989755,40.80254999893993,0 -77.85827999963962,40.802579998913,0 -77.85841000023429,40.80261999885603,0 -77.85847999965618,40.80263999881853,0 -77.85856000002212,40.80266999875092,0 -77.85872999990143,40.80273999922051,0 -77.85889999978075,40.8028199988896,0 -77.85893999996371,40.80283999879183,0 -77.85916000007174,40.80296999936927,0 -77.8594599996474,40.80313999932171,0 -77.85971999993839,40.80327999919557,0 -77.85983000044156,40.80334999902179,0 -77.86016000015445,40.80352999920726,0 -77.86029999989653,40.80360999928411,0 -77.86052000000457,40.80372999921859,0 -77.86084999971743,40.8039199988411,0 -77.86126999984201,40.80415999873198,0 -77.86135000020795,40.80419999908274,0 -77.86138000034518,40.80421999924908,0 -77.86148999995004,40.80428999876384,0 -77.86203999977094,40.8037099989046,0 -77.86234000024491,40.80338999918077,0 -77.8624099996668,40.80331999939672,0 -77.86249000003275,40.8032399989703,0 -77.86268000000354,40.80303999884241,0 -77.86279999965414,40.80290999908207,0 -77.86311000017385,40.80257999891301,0 -77.86317999959573,40.80250999895473,0 -77.86368000008626,40.80198999899314,0 -77.86375000040644,40.80191999909263,0 -77.86399999975339,40.80164999888175,0 -77.86406000002783,40.8015899987613,0 -77.86411000025656,40.80153999873285,0 -77.86453000038111,40.80110999924515,0 -77.86454999957429,40.80108999882162,0 -77.86472000035192,40.8009199990586,0 -77.86488000018551,40.80074999886011,0 -77.86489000023124,40.80073999927487,0 -77.86494999960738,40.80066999873605,0 -77.86547000018936,40.80012999928678,0 -77.86553999961126,40.80000999896367,0 -77.86556999974849,40.79995999910503,0 -77.8655999998857,40.79986999899257,0 -77.86560999993146,40.79982999875228,0 -77.86564000006868,40.79967999933665,0 -77.86564000006868,40.79961999879544,0 -77.86565000011444,40.79947999936184,0 -77.86566000016018,40.79932999915528,0 -77.86567000020591,40.79924999935987,0 -77.86570000034314,40.79907999896449,0 -77.86573999962781,40.79890999881373,0 -77.86573999962781,40.79888999908738,0 -77.86575999971927,40.79880999876167,0 -77.86579999990225,40.79871999913006,0 -77.86585000013096,40.79863999927958,0 -77.86590000035967,40.79856999924625,0 -77.86598999987304,40.79847999928926,0 -77.86604000010178,40.79841999902345,0 -77.86606000019324,40.79840999908722,0 -77.86611999956939,40.79835999938346,0 -77.8663799998604,40.79817999877802,0 -77.8664300000891,40.79813999887936,0 -77.86651999960247,40.79806999899886,0 -77.86657999987693,40.79802999903398,0 -77.86677999989347,40.79787999895105,0 -77.86672200016716,40.79783599886242,0</coordinates>
        </LineString>
      </MultiGeometry>
    </Placemark>
    <Placemark id="ID_00029">
      <name>W</name>
      <snippet></snippet>
      <description><![CDATA[<html xmlns:fo="http://www.w3.org/1999/XSL/Format" xmlns:msxsl="urn:schemas-microsoft-com:xslt">
<head>
<META http-equiv="Content-Type" content="text/html">
<meta http-equiv="content-type" content="text/html; charset=UTF-8">
</head>
<body style="margin:0px 0px 0px 0px;overflow:auto;background:#FFFFFF;">
<table style="font-family:Arial,Verdana,Times;font-size:12px;text-align:left;width:100%;border-collapse:collapse;padding:3px 3px 3px 3px">
<tr style="text-align:center;font-weight:bold;background:#9CBCE2">
<td>W</td>
</tr>
<tr>
<td>
<table style="font-family:Arial,Verdana,Times;font-size:12px;text-align:left;width:100%;border-spacing:0px; padding:3px 3px 3px 3px">
<tr>
<td>shape_id</td>
<td>81</td>
</tr>
<tr bgcolor="#D4E4F3">
<td>route_id</td>
<td>46</td>
</tr>
<tr>
<td>agency_id</td>
<td>CATA</td>
</tr>
<tr bgcolor="#D4E4F3">
<td>route_short_name</td>
<td>W</td>
</tr>
<tr>
<td>route_long_name</td>
<td>W - Valley Vista</td>
</tr>
<tr bgcolor="#D4E4F3">
<td>route_desc</td>
<td>&lt;Null&gt;</td>
</tr>
<tr>
<td>route_type</td>
<td>3</td>
</tr>
<tr bgcolor="#D4E4F3">
<td>route_url</td>
<td>&lt;Null&gt;</td>
</tr>
<tr>
<td>route_sort_order</td>
<td>&lt;Null&gt;</td>
</tr>
<tr bgcolor="#D4E4F3">
<td>continuous_pickup</td>
<td>&lt;Null&gt;</td>
</tr>
<tr>
<td>continuous_drop_off</td>
<td>&lt;Null&gt;</td>
</tr>
<tr bgcolor="#D4E4F3">
<td>route_type_text</td>
<td>Bus</td>
</tr>
<tr>
<td>ColorCode</td>
<td>fccc0a</td>
</tr>
<tr bgcolor="#D4E4F3">
<td>Shape__Length</td>
<td>11565.920246</td>
</tr>
<tr>
<td>GlobalID</td>
<td>{3F4EF63A-8454-4240-971F-53C3109B7A18}</td>
</tr>
</table>
</td>
</tr>
</table>
</body><script type="text/javascript">
				function changeImage(attElement, nameElement) {
				document.getElementById('imageAttachment').src = attElement;
				document.getElementById('imageName').innerHTML = nameElement;}
			</script></html>
]]></description>
      <styleUrl>#LineStyle00</styleUrl>
      <MultiGeometry>
        <LineString>
          <extrude>0</extrude>
          <tessellate>1</tessellate><altitudeMode>clampToGround</altitudeMode>
          <coordinates> -77.90777999969113,40.790749999196,0 -77.90777999969113,40.79073999878448,0 -77.90762999990331,40.79057999879742,0 -77.90758999972034,40.79053999908044,0 -77.90750000020697,40.79042999888444,0 -77.90740999979529,40.79032999898091,0 -77.90733000032765,40.79027999931274,0 -77.90708000008239,40.78998999899856,0 -77.90678999965417,40.78965999921112,0 -77.90656000039873,40.78938999878352,0 -77.90640999971257,40.78920999902209,0 -77.90628000001622,40.78905999873479,0 -77.90537000034521,40.78949999934216,0 -77.9047700002956,40.78979999895029,0 -77.90375000012141,40.79028999911333,0 -77.90371999998416,40.79029999891249,0 -77.90364999966397,40.79033999877397,0 -77.90359000028782,40.79036999882438,0 -77.90327999976812,40.7905099991069,0 -77.90307999975157,40.79060999873933,0 -77.9023199998684,40.79095999932744,0 -77.90167999963579,40.79128999877508,0 -77.90141000019734,40.79142999915818,0 -77.90102000021002,40.79162999890188,0 -77.89970999960761,40.7922899990187,0 -77.899589999957,40.79219999938909,0 -77.89955999981979,40.79215999928781,0 -77.89916999983244,40.79173999915025,0 -77.89911999960373,40.7916899991836,0 -77.89908000031907,40.79164999877513,0 -77.89902000004463,40.79160999902262,0 -77.89902000004463,40.79159999874069,0 -77.89890000039402,40.79151999915138,0 -77.89887000025678,40.7914899989405,0 -77.89850000036093,40.79122999881202,0 -77.898419999995,40.79116999879475,0 -77.89829000029866,40.79103999891134,0 -77.8982800002529,40.79103999891134,0 -77.89806000014488,40.79080999891266,0 -77.89798999982469,40.79073999878448,0 -77.89786000012833,40.79060999873933,0 -77.89765000006606,40.79037999929157,0 -77.89759999983734,40.79032999898091,0 -77.89753000041546,40.79029999891249,0 -77.89746000009526,40.79023999873493,0 -77.89732000035318,40.79010999907111,0 -77.89712000033663,40.78990999882969,0 -77.89709000019941,40.78987999925165,0 -77.89694000041158,40.7897299991176,0 -77.89679999977119,40.78958999923088,0 -77.89675000044079,40.78952999909195,0 -77.89654000037849,40.78929999930386,0 -77.89653000033275,40.78928999935417,0 -77.89642999987531,40.78921999898383,0 -77.89627000004175,40.78910999932163,0 -77.8960700000252,40.78899999879705,0 -77.89594000032888,40.78891999879574,0 -77.89585999996294,40.78888999877042,0 -77.895779999597,40.7888599987315,0 -77.89576999955125,40.7888599987315,0 -77.89576000040381,40.788869998746,0 -77.89574000031233,40.78886999874599,0 -77.8957300002666,40.78886999874599,0 -77.89572000022083,40.78886999874599,0 -77.89571000017509,40.78886999874599,0 -77.89570000012935,40.78886999874599,0 -77.89569000008362,40.78886999874599,0 -77.89566999999212,40.788869998746,0 -77.89565999994639,40.788869998746,0 -77.89564999990064,40.7888599987315,0 -77.89563999985491,40.7888599987315,0 -77.89562999980915,40.7888599987315,0 -77.89561999976341,40.78884999939569,0 -77.89560999971768,40.78884999939569,0 -77.89559999967194,40.78883999937818,0 -77.89558999962618,40.78883999937819,0 -77.89557999958043,40.78882999935922,0 -77.89557000043301,40.7888199993387,0 -77.89546999997559,40.78883999937819,0 -77.89532000018777,40.7888599987315,0 -77.89507999998825,40.78890999878883,0 -77.89506999994251,40.78890999878883,0 -77.89490000006319,40.78895999880846,0 -77.89481999969723,40.78899999879705,0 -77.89469000000089,40.78905999873481,0 -77.89443999975566,40.78920999902209,0 -77.89419000040871,40.78933999908767,0 -77.8939500002092,40.78946999889874,0 -77.89383999970602,40.78952999909195,0 -77.89375000019265,40.7895699987372,0 -77.89373000010117,40.78957999932487,0 -77.89361999959799,40.78961999894,0 -77.89353000008462,40.78963999873854,0 -77.89346999981018,40.78965999921112,0 -77.89329999993086,40.78967999899761,0 -77.89312000000581,40.78967999899761,0 -77.89296000017224,40.78965999921113,0 -77.8928100003844,40.78962999883998,0 -77.89262000041361,40.7895699987372,0 -77.89253000000193,40.78953999900548,0 -77.89242000039707,40.78950999926027,0 -77.89236000012261,40.78950999926028,0 -77.89228999980241,40.78949999934216,0 -77.89220000028905,40.78950999926027,0 -77.8921900002433,40.78950999926027,0 -77.89208999978588,40.78952999909194,0 -77.89184000043895,40.78955999882812,0 -77.89186999967784,40.78964999931566,0 -77.89193999999804,40.7898499989799,0 -77.89193999999804,40.78985999884525,0 -77.89196000008954,40.78995999877652,0 -77.89199000022676,40.79006999907101,0 -77.892020000364,40.79025999902683,0 -77.89203999955716,40.79047999911978,0 -77.89205999964864,40.79069999916397,0 -77.89205999964864,40.79088999935742,0 -77.89205999964864,40.79106999932555,0 -77.89205999964864,40.79115999912662,0 -77.89203000040973,40.79143999878558,0 -77.89198000018102,40.79171999930414,0 -77.89190999986081,40.79199999932197,0 -77.89189999981508,40.79204999905519,0 -77.89184999958637,40.79221999909057,0 -77.89182000034744,40.79230999937319,0 -77.89179000021022,40.79239999885371,0 -77.89175000002724,40.79248999889233,0 -77.89168999975278,40.79263999891226,0 -77.89164000042238,40.79273999873729,0 -77.89161000028516,40.79280999879723,0 -77.89155000001071,40.79292999921406,0 -77.89146999964477,40.79306999885952,0 -77.89138000013139,40.7932199989293,0 -77.89137000008566,40.79322999896728,0 -77.89123000034358,40.79344999874082,0 -77.89116000002336,40.79354999938615,0 -77.89104000037277,40.79370999901723,0 -77.89086000044772,40.79392999924051,0 -77.8907399998988,40.79405999890616,0 -77.89034999991146,40.79444999909608,0 -77.89021000016939,40.79458999893679,0 -77.89007000042729,40.7947299991623,0 -77.8899299997869,40.79487999888204,0 -77.88949999961659,40.7953099992833,0 -77.88931999969154,40.79548999882994,0 -77.88907000034459,40.79573999893969,0 -77.88889000041952,40.79595999923679,0 -77.88874999977914,40.79610999889771,0 -77.88852999967109,40.79639999900393,0 -77.88850999957963,40.7964299990364,0 -77.88847000029496,40.79647999883374,0 -77.88845000020348,40.79650999883007,0 -77.88838999992902,40.79658999920741,0 -77.88812999963802,40.7969899989678,0 -77.8879799998502,40.79722999875526,0 -77.88791999957573,40.79731999904688,0 -77.8877199995592,40.79760999930772,0 -77.88729000028721,40.79812999890095,0 -77.88717999978404,40.79827999909907,0 -77.88709000027066,40.79837999926949,0 -77.88685000007115,40.79870999923904,0 -77.88675999965946,40.79881999931769,0 -77.88645000003807,40.79918999910999,0 -77.88632000034174,40.79936999901684,0 -77.88614999956411,40.79963999898185,0 -77.8860299999135,40.7999099992087,0 -77.88600999982201,40.79997999918902,0 -77.88596999963906,40.80011999892812,0 -77.88594000040013,40.80020999938164,0 -77.88592000030864,40.80031999901463,0 -77.88589000017141,40.80047999932999,0 -77.88586000003419,40.80065999913878,0 -77.88577999966824,40.80128999938552,0 -77.88612000032518,40.80131999924809,0 -77.88626000006725,40.80134999909714,0 -77.88635999962638,40.8013799989326,0 -77.88649000022104,40.80142999908163,0 -77.88660999987162,40.80149999881896,0 -77.88682999997967,40.80165999900991,0 -77.88693999958451,40.80173999930079,0 -77.88666000010035,40.80187999872771,0 -77.88648000017528,40.80196999883483,0 -77.88647000012955,40.80197999891477,0 -77.88646000008382,40.80198999899314,0 -77.88646000008382,40.80199999907007,0 -77.88646000008382,40.80200999914548,0 -77.88650000026679,40.80206999888627,0 -77.88656999968867,40.80215999873572,0 -77.88611000027944,40.80233999874859,0 -77.88600999982201,40.80237999883625,0 -77.88596999963906,40.80239999887107,0 -77.88594000040013,40.80244999893169,0 -77.88592000030864,40.80254999893993,0 -77.88592000030864,40.80256999892346,0 -77.88591000026291,40.80259999888757,0 -77.88588000012567,40.8029599987585,0 -77.88584999998845,40.80304999876113,0 -77.88566000001764,40.80325999874599,0 -77.88507000001377,40.8029599987585,0 -77.88493000027168,40.80288999920094,0 -77.88489000008872,40.80286999931381,0 -77.88477000043812,40.8029999991525,0 -77.88457000042158,40.80321999918866,0 -77.88425999990186,40.80355999873743,0 -77.88418999958166,40.8036299989483,0 -77.88359999957777,40.80330999883873,0 -77.88341999965272,40.80321999918866,0 -77.88337000032233,40.80319999940095,0 -77.8831500002143,40.80307999918818,0 -77.88301999961965,40.80300999907724,0 -77.88300999957389,40.80300999907725,0 -77.88285999978608,40.80292999895718,0 -77.882720000044,40.80285999936797,0 -77.88261000043914,40.80278999902499,0 -77.88221999955347,40.80258999890103,0 -77.88210999994861,40.80251999895325,0 -77.88203999962842,40.80248999895304,0 -77.88173000000702,40.8023199993757,0 -77.88142000038563,40.80216999878704,0 -77.88125999965374,40.80207999895114,0 -77.88112999995739,40.80200999914547,0 -77.88100000026105,40.80192999918005,0 -77.88092999994088,40.80189999891316,0 -77.88066999964987,40.80174999873534,0 -77.88013999992043,40.80146999903769,0 -77.87994999994964,40.8013699987623,0 -77.87988999967517,40.80132999874593,0 -77.87947999959636,40.80111999877464,0 -77.87928999962556,40.80101999933193,0 -77.87924000029516,40.80098999933377,0 -77.87916999997496,40.80098999933377,0 -77.87914999988348,40.80098999933377,0 -77.879129999792,40.80098999933376,0 -77.8791099997005,40.80097999910469,0 -77.87902000018714,40.80091999905861,0 -77.87888999959249,40.80085999895822,0 -77.87833999977157,40.80055999900306,0 -77.87775999981343,40.80023999905237,0 -77.87733999968887,40.80001999933892,0 -77.87717999985529,40.79992999930777,0 -77.87697999983874,40.79981999902846,0 -77.87672000044606,40.79967999933665,0 -77.87655999971419,40.79957999908456,0 -77.87637999978912,40.79946999890525,0 -77.87618999981832,40.79932999915528,0 -77.87598999980179,40.79918999911001,0 -77.87567000013466,40.79892999921407,0 -77.87554000043832,40.79882999919217,0 -77.8754700001181,40.79876999924272,0 -77.87518999973564,40.79854999873743,0 -77.87476999961106,40.79820999936613,0 -77.87456999959451,40.79805999900988,0 -77.87419999969866,40.79774999928502,0 -77.87408000004807,40.79766999894554,0 -77.8739200002145,40.79756999906568,0 -77.87386999998579,40.79753999886833,0 -77.87380999971133,40.79750999933741,0 -77.87369000006073,40.79743999879256,0 -77.87349000004419,40.79733999924622,0 -77.87309000001109,40.7971499991492,0 -77.87288999999456,40.79704999916603,0 -77.87263999974931,40.79692999939542,0 -77.87240000044811,40.79680999872784,0 -77.87227999989921,40.79672999929569,0 -77.87159000033618,40.79632999932877,0 -77.87124999967925,40.79613999906124,0 -77.87047999975032,40.79568999926506,0 -77.87022000035765,40.79553999933525,0 -77.87010999985448,40.79546999875329,0 -77.87005999962577,40.79543999896708,0 -77.86989999979218,40.79533999912832,0 -77.86977000009584,40.79522999940373,0 -77.86963000035377,40.79512999924867,0 -77.8695199998506,40.79503999938834,0 -77.86941000024572,40.79494999940601,0 -77.8693299998798,40.79486999909262,0 -77.86924000036643,40.79477999887983,0 -77.86908999968028,40.79461999910708,0 -77.86900000016691,40.79450999886964,0 -77.86866000040828,40.79410999912829,0 -77.86843000025452,40.79382999916754,0 -77.86838000002579,40.79377999873452,0 -77.86809999964332,40.7934999987423,0 -77.86804000026717,40.79343999873602,0 -77.86794999985548,40.79335999932345,0 -77.86793999980975,40.79334999930509,0 -77.8678300002049,40.79326999910398,0 -77.86763000018834,40.79312999920015,0 -77.86740000003456,40.79297999892704,0 -77.86704000018447,40.79275999895628,0 -77.86690000044239,40.79268999884363,0 -77.86683000012218,40.79264999903754,0 -77.86654999973972,40.79248999889234,0 -77.86611999956939,40.79224999897163,0 -77.86571000038887,40.79201999908377,0 -77.86566000016018,40.79194999887104,0 -77.86552999956552,40.79187999926458,0 -77.86548000023512,40.79184999921635,0 -77.86528000021858,40.79186999902333,0 -77.86524000003561,40.79187999926458,0 -77.86520999989837,40.79187999926458,0 -77.86512000038499,40.79188999882427,0 -77.86506000011056,40.79189999906252,0 -77.86497999974461,40.79189999906252,0 -77.86490000027698,40.79195999910024,0 -77.86445000001518,40.79230999937321,0 -77.86440999983222,40.7923399992136,0 -77.86411000025656,40.79255999921585,0 -77.86391000024001,40.79270999907762,0 -77.86354000034416,40.79298999900112,0 -77.86340999974949,40.79308999897911,0 -77.86339999970376,40.79308999897911,0 -77.86300999971643,40.79337999935562,0 -77.86277000041521,40.79355999937438,0 -77.86232000015343,40.79388999882137,0 -77.86166999987509,40.79436999886023,0 -77.8615999995549,40.7944199988489,0 -77.86152000008725,40.79447999932971,0 -77.86076000020407,40.79505999891445,0 -77.86043999963863,40.79529999887857,0 -77.86037000021672,40.79534999884691,0 -77.86014000006296,40.79552999896518,0 -77.859839999589,40.79575999893498,0 -77.85982000039581,40.79576999927041,0 -77.85952999996759,40.79598999878803,0 -77.85921000030045,40.79622999879044,0 -77.85918000016322,40.79625999889974,0 -77.85897000010094,40.79640999924295,0 -77.85866999962697,40.79663999888421,0 -77.85830999977686,40.79690999907255,0 -77.8580799996231,40.79707999890478,0 -77.85800000015547,40.79714999914918,0 -77.85774999991021,40.79733999924622,0 -77.8576500003511,40.79740999921652,0 -77.85691999970682,40.79796999904148,0 -77.8571499998606,40.79810999893962,0 -77.85786000041338,40.79850999906179,0 -77.85791999978952,40.79855999933261,0 -77.85832999986835,40.7987899990052,0 -77.85873999994718,40.79903999892817,0 -77.85889999978075,40.79913999931372,0 -77.85921000030045,40.79930999887546,0 -77.8594399995559,40.79942999910395,0 -77.85968999980116,40.79956999932308,0 -77.85974000002987,40.79957999908456,0 -77.8597700001671,40.79958999884455,0 -77.85981000035008,40.79960999903997,0 -77.85982000039581,40.79961999879544,0 -77.85985999968048,40.79962999922942,0 -77.86005999969701,40.79975999929382,0 -77.86017000020018,40.79982999875228,0 -77.86031999998801,40.79991999891897,0 -77.86027999980504,40.79995999910503,0 -77.8599600001379,40.80028999938008,0 -77.85951999992184,40.80073999927488,0 -77.85900000023817,40.80125999882932,0 -77.85853999993063,40.80170999894798,0 -77.85847999965618,40.80176999895994,0 -77.85809999971457,40.80213999930864,0 -77.85797000001824,40.8022599991809,0 -77.85791999978952,40.8023199993757,0 -77.85787999960655,40.80237999883625,0 -77.85786000041338,40.80244999893169,0 -77.85785000036763,40.80250999895473,0 -77.8580100002012,40.80252999895033,0 -77.85813999989755,40.80254999893993,0 -77.85827999963962,40.802579998913,0 -77.85841000023429,40.80261999885603,0 -77.85847999965618,40.80263999881853,0 -77.85856000002212,40.80266999875092,0 -77.85872999990143,40.80273999922051,0 -77.85889999978075,40.8028199988896,0 -77.85893999996371,40.80283999879183,0 -77.85916000007174,40.80296999936927,0 -77.8594599996474,40.80313999932171,0 -77.85971999993839,40.80327999919557,0 -77.85983000044156,40.80334999902179,0 -77.86016000015445,40.80352999920726,0 -77.86029999989653,40.80360999928411,0 -77.86052000000457,40.80372999921859,0 -77.86084999971743,40.8039199988411,0 -77.86126999984201,40.80415999873198,0 -77.86135000020795,40.80419999908274,0 -77.86138000034518,40.80421999924908,0 -77.86148999995004,40.80428999876384,0 -77.86203999977094,40.8037099989046,0 -77.86234000024491,40.80338999918077,0 -77.8624099996668,40.80331999939672,0 -77.86249000003275,40.8032399989703,0 -77.86268000000354,40.80303999884241,0 -77.86279999965414,40.80290999908207,0 -77.86311000017385,40.80257999891301,0 -77.86317999959573,40.80250999895473,0 -77.86368000008626,40.80198999899314,0 -77.86375000040644,40.80191999909263,0 -77.86399999975339,40.80164999888175,0 -77.86406000002783,40.8015899987613,0 -77.86411000025656,40.80153999873285,0 -77.86453000038111,40.80110999924515,0 -77.86454999957429,40.80108999882162,0 -77.86472000035192,40.8009199990586,0 -77.86488000018551,40.80074999886011,0 -77.86489000023124,40.80073999927487,0 -77.86494999960738,40.80066999873605,0 -77.86547000018936,40.80012999928678,0 -77.86553999961126,40.80000999896367,0 -77.86556999974849,40.79995999910503,0 -77.8655999998857,40.79986999899257,0 -77.86560999993146,40.79982999875228,0 -77.86564000006868,40.79967999933665,0 -77.86564000006868,40.79961999879544,0 -77.86565000011444,40.79947999936184,0 -77.86566000016018,40.79932999915528,0 -77.86567000020591,40.79924999935987,0 -77.86570000034314,40.79907999896449,0 -77.86573999962781,40.79890999881373,0 -77.86573999962781,40.79888999908738,0 -77.86575999971927,40.79880999876167,0 -77.86579999990225,40.79871999913006,0 -77.86585000013096,40.79863999927958,0 -77.86590000035967,40.79856999924625,0 -77.86598999987304,40.79847999928926,0 -77.86604000010178,40.79841999902345,0 -77.86606000019324,40.79840999908722,0 -77.86611999956939,40.79835999938346,0 -77.8663799998604,40.79817999877802,0 -77.8664300000891,40.79813999887936,0 -77.86651999960247,40.79806999899886,0 -77.86657999987693,40.79802999903398,0 -77.86677999989347,40.79787999895105,0 -77.86672200016716,40.79783599886242,0</coordinates>
        </LineString>
      </MultiGeometry>
    </Placemark>
    <Placemark id="ID_00030">
      <name>W</name>
      <snippet></snippet>
      <description><![CDATA[<html xmlns:fo="http://www.w3.org/1999/XSL/Format" xmlns:msxsl="urn:schemas-microsoft-com:xslt">
<head>
<META http-equiv="Content-Type" content="text/html">
<meta http-equiv="content-type" content="text/html; charset=UTF-8">
</head>
<body style="margin:0px 0px 0px 0px;overflow:auto;background:#FFFFFF;">
<table style="font-family:Arial,Verdana,Times;font-size:12px;text-align:left;width:100%;border-collapse:collapse;padding:3px 3px 3px 3px">
<tr style="text-align:center;font-weight:bold;background:#9CBCE2">
<td>W</td>
</tr>
<tr>
<td>
<table style="font-family:Arial,Verdana,Times;font-size:12px;text-align:left;width:100%;border-spacing:0px; padding:3px 3px 3px 3px">
<tr>
<td>shape_id</td>
<td>84</td>
</tr>
<tr bgcolor="#D4E4F3">
<td>route_id</td>
<td>46</td>
</tr>
<tr>
<td>agency_id</td>
<td>CATA</td>
</tr>
<tr bgcolor="#D4E4F3">
<td>route_short_name</td>
<td>W</td>
</tr>
<tr>
<td>route_long_name</td>
<td>W - Valley Vista</td>
</tr>
<tr bgcolor="#D4E4F3">
<td>route_desc</td>
<td>&lt;Null&gt;</td>
</tr>
<tr>
<td>route_type</td>
<td>3</td>
</tr>
<tr bgcolor="#D4E4F3">
<td>route_url</td>
<td>&lt;Null&gt;</td>
</tr>
<tr>
<td>route_sort_order</td>
<td>&lt;Null&gt;</td>
</tr>
<tr bgcolor="#D4E4F3">
<td>continuous_pickup</td>
<td>&lt;Null&gt;</td>
</tr>
<tr>
<td>continuous_drop_off</td>
<td>&lt;Null&gt;</td>
</tr>
<tr bgcolor="#D4E4F3">
<td>route_type_text</td>
<td>Bus</td>
</tr>
<tr>
<td>ColorCode</td>
<td>fccc0a</td>
</tr>
<tr bgcolor="#D4E4F3">
<td>Shape__Length</td>
<td>8782.759918</td>
</tr>
<tr>
<td>GlobalID</td>
<td>{27CAA296-90B7-4177-9B3E-912835515E6E}</td>
</tr>
</table>
</td>
</tr>
</table>
</body><script type="text/javascript">
				function changeImage(attElement, nameElement) {
				document.getElementById('imageAttachment').src = attElement;
				document.getElementById('imageName').innerHTML = nameElement;}
			</script></html>
]]></description>
      <styleUrl>#LineStyle00</styleUrl>
      <MultiGeometry>
        <LineString>
          <extrude>0</extrude>
          <tessellate>1</tessellate><altitudeMode>clampToGround</altitudeMode>
          <coordinates> -77.86677999989347,40.79787999895105,0 -77.86717999992655,40.79756999906568,0 -77.86749000044627,40.79733999924622,0 -77.8677599998847,40.79713999902165,0 -77.86803000022142,40.79694999903221,0 -77.86808999959757,40.79689999890886,0 -77.86814999987203,40.796859998919,0 -77.86820000010074,40.7968199989051,0 -77.86823000023797,40.79678999904887,0 -77.86827000042095,40.79674999899274,0 -77.86831999975135,40.79668999920346,0 -77.86833999984282,40.79666999880826,0 -77.86835999993433,40.79664999908707,0 -77.86839000007154,40.79660999894664,0 -77.86839000007154,40.79659999873773,0 -77.86841000016302,40.79654999903077,0 -77.86844000030027,40.79647999883375,0 -77.86860000013384,40.79650999883008,0 -77.86867999960145,40.79651999905252,0 -77.86873999987591,40.79653999881284,0 -77.86884000033335,40.79654999903076,0 -77.86888999966372,40.79655999924718,0 -77.86895999998394,40.79655999924719,0 -77.8690200002584,40.79655999924719,0 -77.86909999972602,40.79655999924719,0 -77.86916000000049,40.79653999881284,0 -77.86922000027494,40.79652999927346,0 -77.86927999965107,40.79651999905252,0 -77.86933999992554,40.7964999992862,0 -77.86940000019999,40.79647999883375,0 -77.86946999962187,40.79644999882383,0 -77.86952999989633,40.7964199988004,0 -77.86960000021654,40.7963699989579,0 -77.86965000044525,40.79632999932877,0 -77.86981000027882,40.79619999934766,0 -77.86992999992943,40.79611999918041,0 -77.87018000017467,40.79592999899189,0 -77.87041000032845,40.79574999927814,0 -77.87047999975032,40.79568999926506,0 -77.87055000007052,40.79562999919779,0 -77.87143999965006,40.79613999906123,0 -77.87164999971235,40.79625999889974,0 -77.871780000307,40.79633999889827,0 -77.87235000021938,40.79665999928842,0 -77.87246999986999,40.79673999880493,0 -77.87270000002376,40.796859998919,0 -77.87315000028556,40.79707999890478,0 -77.87355000031863,40.79727999931015,0 -77.87366999996924,40.79733999924623,0 -77.87377000042666,40.79738999903825,0 -77.87386999998579,40.79743999879256,0 -77.87391000016875,40.79745999895577,0 -77.87398999963638,40.79750999933741,0 -77.8740900000938,40.79757999912845,0 -77.87427000001885,40.79768999903946,0 -77.87481999983977,40.79813999887936,0 -77.87492000029719,40.7982199993325,0 -77.87529000019305,40.79851999898298,0 -77.87546000007237,40.79863999927958,0 -77.87561999990594,40.79876999924272,0 -77.87565000004315,40.79879999888419,0 -77.87574999960228,40.79886999935501,0 -77.87607000016773,40.79912999880597,0 -77.87626000013854,40.79926999897775,0 -77.87645000010933,40.79940999885426,0 -77.87661999998865,40.79951999913299,0 -77.8767799998222,40.79960999903998,0 -77.87697999983874,40.79972999940622,0 -77.87723000008401,40.79985999927478,0 -77.87728000031271,40.79988999910368,0 -77.87763000011711,40.80007999883849,0 -77.87781000004215,40.80017999901733,0 -77.87802000010443,40.80028999938008,0 -77.87859000001681,40.80058999919554,0 -77.87908999960902,40.80085999895822,0 -77.8791800000207,40.80090999881895,0 -77.87919000006644,40.8009199990586,0 -77.87921000015794,40.80093999885327,0 -77.87921000015794,40.8009499990884,0 -77.87924000029516,40.80098999933377,0 -77.87928999962556,40.80101999933193,0 -77.87947999959636,40.80111999877464,0 -77.87994999994964,40.8013699987623,0 -77.88013999992043,40.80146999903769,0 -77.88066999964987,40.80174999873534,0 -77.88092999994088,40.80189999891316,0 -77.88100000026105,40.80192999918005,0 -77.88112999995739,40.80200999914547,0 -77.88125999965374,40.80207999895114,0 -77.88142000038563,40.80216999878704,0 -77.88173000000702,40.8023199993757,0 -77.88203999962842,40.80248999895304,0 -77.88210999994861,40.80251999895325,0 -77.88221999955347,40.80258999890103,0 -77.88261000043914,40.80278999902499,0 -77.882720000044,40.80285999936797,0 -77.88285999978608,40.80292999895718,0 -77.88300999957389,40.80300999907725,0 -77.88301999961965,40.80300999907724,0 -77.8831500002143,40.80307999918818,0 -77.88337000032233,40.80319999940095,0 -77.88341999965272,40.80321999918866,0 -77.88359999957777,40.80330999883873,0 -77.88418999958166,40.8036299989483,0 -77.88464999988921,40.80386999920788,0 -77.88476000039236,40.80392999930721,0 -77.88498999964784,40.80404999934304,0 -77.88510000015098,40.80400999890187,0 -77.88514000033396,40.80399999912783,0 -77.88516999957288,40.80397999889516,0 -77.88518999966436,40.80395999933651,0 -77.88520999975586,40.80393999909179,0 -77.88523999989306,40.80390999905345,0 -77.88532000025901,40.80380999905437,0 -77.88534000035051,40.80377999895727,0 -77.88550000018408,40.80358999893398,0 -77.88551000022983,40.80356999925775,0 -77.88554000036706,40.80351999936085,0 -77.88555999956021,40.80341999877416,0 -77.88561999983467,40.80331999939672,0 -77.88566000001764,40.80325999874599,0 -77.88584999998845,40.80304999876113,0 -77.88588000012567,40.8029599987585,0 -77.88591000026291,40.80259999888757,0 -77.88592000030864,40.80256999892346,0 -77.88594000040013,40.80244999893169,0 -77.88596999963906,40.80239999887107,0 -77.88600999982201,40.80237999883625,0 -77.88611000027944,40.80233999874859,0 -77.88656999968867,40.80215999873572,0 -77.88650000026679,40.80206999888627,0 -77.88646000008382,40.80200999914548,0 -77.88646000008382,40.80199999907007,0 -77.88646000008382,40.80198999899314,0 -77.88647000012955,40.80197999891477,0 -77.88648000017528,40.80196999883483,0 -77.88666000010035,40.80187999872771,0 -77.88693999958451,40.80173999930079,0 -77.88660999987162,40.80149999881896,0 -77.88649000022104,40.80142999908163,0 -77.88635999962638,40.8013799989326,0 -77.88626000006725,40.80134999909714,0 -77.88612000032518,40.80131999924809,0 -77.88577999966824,40.80128999938552,0 -77.88566000001764,40.80127999920163,0 -77.88574000038359,40.80064999885997,0 -77.8857699996225,40.8004699990241,0 -77.88579999975974,40.80029999903309,0 -77.88579999975974,40.80027999904553,0 -77.88581999985121,40.80019999903503,0 -77.88584999998845,40.80009999888632,0 -77.88589000017141,40.79996999880777,0 -77.88592000030864,40.79990999920871,0 -77.88599999977626,40.79969999882497,0 -77.88603999995924,40.79962999922942,0 -77.88620999983856,40.79934999874906,0 -77.88634999958063,40.79915999896473,0 -77.88649000022104,40.79897999916854,0 -77.88666000010035,40.79877999912472,0 -77.88674999961373,40.79865999908125,0 -77.88689000025413,40.79848999921495,0 -77.88700999990472,40.79833999881136,0 -77.88719999987551,40.79808999897224,0 -77.88736999975482,40.79786999893349,0 -77.88756999977137,40.79759999924946,0 -77.8877199995592,40.79734999934364,0 -77.88779999992514,40.79722999875525,0 -77.88785000015386,40.79714999914918,0 -77.88793999966724,40.79700999926657,0 -77.88825000018694,40.79652999927346,0 -77.88830999956308,40.79644999882383,0 -77.88833999970031,40.7964199988004,0 -77.88838999992902,40.79633999889828,0 -77.88861000003705,40.79604999921002,0 -77.88898999997865,40.79561999884127,0 -77.8893599998745,40.79524999887264,0 -77.88993999983263,40.79466999890748,0 -77.89002000019858,40.79459999876835,0 -77.89007999957474,40.79452999923553,0 -77.89027000044382,40.79434999912629,0 -77.89061000020246,40.79399999940598,0 -77.89075999999029,40.79383999911363,0 -77.89090999977812,40.7936599991739,0 -77.89102000028129,40.7934999987423,0 -77.89124000038932,40.79318999880647,0 -77.89125000043505,40.79317999876247,0 -77.89138000013139,40.79293999929571,0 -77.89150999982773,40.79269999896139,0 -77.89159000019369,40.79250999918659,0 -77.89160000023942,40.79248999889234,0 -77.89167999970705,40.79228999901869,0 -77.89171999989003,40.79215999928781,0 -77.89175000002724,40.79205999926933,0 -77.89182000034744,40.79180999890426,0 -77.89184999958637,40.7916299989019,0 -77.89186999967784,40.79153999905777,0 -77.89189999981508,40.79132999940045,0 -77.89190999986081,40.79114999877693,0 -77.89190999986081,40.79086999925525,0 -77.89189999981508,40.79057999879742,0 -77.89186999967784,40.79036999882438,0 -77.8918300003932,40.79013999922539,0 -77.89179000021022,40.78993999907438,0 -77.89172999993576,40.78973999900106,0 -77.89170999984428,40.78966999910514,0 -77.89167999970705,40.78958999923088,0 -77.89164000042238,40.78948999874246,0 -77.8918100003017,40.78945999897461,0 -77.8920499996029,40.78941999926313,0 -77.8922599996652,40.78940999933145,0 -77.89227999975667,40.78940999933145,0 -77.89243000044283,40.78941999926314,0 -77.89255000009341,40.789449999049,0 -77.89264999965253,40.78947999882131,0 -77.89283999962332,40.78953999900548,0 -77.89302000044668,40.7895699987372,0 -77.89310999996006,40.78957999932487,0 -77.89312000000581,40.78957999932487,0 -77.89327999983938,40.78957999932487,0 -77.89335000015957,40.78956999873721,0 -77.89343999967294,40.78955999882812,0 -77.89355000017612,40.7895399990055,0 -77.8935700002676,40.78952999909194,0 -77.89365999978097,40.78949999934216,0 -77.89377000028415,40.789449999049,0 -77.89378000032988,40.78943999912191,0 -77.89409999999704,40.7892699987701,0 -77.89448999998437,40.78905999873479,0 -77.8945900004418,40.78899999879705,0 -77.8947600003211,40.78890999878884,0 -77.89491000010894,40.78883999937818,0 -77.89513000021697,40.7887899992682,0 -77.8953799995639,40.78873999912052,0 -77.89553000025003,40.78869999897535,0 -77.89553000025003,40.78867999889371,0 -77.89554000029578,40.78866999885059,0 -77.89555000034154,40.78865999880602,0 -77.89556000038728,40.7886499987599,0 -77.89556000038728,40.78863999939241,0 -77.89557000043301,40.78863999939241,0 -77.89557999958043,40.78862999934334,0 -77.89558999962618,40.78861999929276,0 -77.89559999967194,40.7886099992406,0 -77.89560999971768,40.7886099992406,0 -77.89561999976341,40.78859999918699,0 -77.89562999980915,40.78859999918699,0 -77.89563999985491,40.78859999918699,0 -77.89565999994639,40.78858999913186,0 -77.89566999999212,40.78858999913184,0 -77.89568000003788,40.78858999913184,0 -77.89569000008362,40.78858999913184,0 -77.89570000012935,40.78858999913184,0 -77.89571000017509,40.78858999913184,0 -77.89572000022083,40.78858999913184,0 -77.89574000031233,40.78858999913184,0 -77.89575000035806,40.78858999913184,0 -77.89576000040381,40.78858999913186,0 -77.89576999955125,40.78859999918701,0 -77.895779999597,40.78859999918699,0 -77.89578999964273,40.78859999918699,0 -77.89579999968846,40.7886099992406,0 -77.89581999977996,40.78860999924061,0 -77.89582999982569,40.78861999929276,0 -77.89583999987143,40.78862999934334,0 -77.89584999991717,40.78863999939241,0 -77.89585999996294,40.7886499987599,0 -77.89587000000867,40.78864999875991,0 -77.89587000000867,40.78865999880602,0 -77.8958800000544,40.78866999885059,0 -77.8958800000544,40.78867999889369,0 -77.89589000010014,40.78867999889371,0 -77.89589000010014,40.78868999893525,0 -77.89589000010014,40.78869999897535,0 -77.89589000010014,40.78870999901389,0 -77.89590000014591,40.78871999905097,0 -77.89590000014591,40.78872999908651,0 -77.89590000014591,40.78873999912052,0 -77.89589000010014,40.78873999912053,0 -77.89589000010014,40.7887499991531,0 -77.89596000042035,40.7888199993387,0 -77.89632000027048,40.78901999878233,0 -77.89646000001255,40.78909999934332,0 -77.89655999957166,40.78917999912779,0 -77.89660999980036,40.78921999898383,0 -77.89686000004563,40.7894599989746,0 -77.8969000002286,40.78950999926027,0 -77.89705000001643,40.78966999910514,0 -77.89741999991229,40.79007999890327,0 -77.89753000041546,40.79020999930597,0 -77.89756999970012,40.79027999931273,0 -77.89759999983734,40.79032999898091,0 -77.89765000006606,40.79037999929157,0 -77.89786000012833,40.79060999873933,0 -77.89798999982469,40.79073999878448,0 -77.8982800002529,40.79103999891134,0 -77.89829000029866,40.79103999891134,0 -77.898419999995,40.79116999879475,0 -77.89850000036093,40.79122999881202,0 -77.89890000039402,40.79151999915138,0 -77.89902000004463,40.79159999874069,0 -77.89902000004463,40.79160999902262,0 -77.89908000031907,40.79164999877513,0 -77.89911999960373,40.7916899991836,0 -77.89916999983244,40.79173999915025,0 -77.89955999981979,40.79215999928781,0 -77.899589999957,40.79219999938909,0 -77.89970999960761,40.7922899990187,0 -77.90102000021002,40.79162999890188,0 -77.90141000019734,40.79142999915818,0 -77.90167999963579,40.79128999877508,0 -77.9023199998684,40.79095999932744,0 -77.90307999975157,40.79060999873933,0 -77.90327999976812,40.7905099991069,0 -77.90340000031703,40.79045999889412,0 -77.90359000028782,40.79036999882438,0 -77.90364999966397,40.79033999877397,0 -77.90371999998416,40.79029999891249,0 -77.90375000012141,40.79028999911333,0 -77.9047700002956,40.78979999895029,0 -77.90537000034521,40.78949999934216,0 -77.90628000001622,40.78905999873479,0 -77.9063400002907,40.78901999878233,0 -77.90715000040259,40.78866999885059,0 -77.90754000038994,40.78849999924806,0 -77.90768000013202,40.78864999875991,0 -77.90781999987409,40.7887899992682,0 -77.90832000036461,40.78932999914397,0 -77.90873999959086,40.78976999932249,0 -77.9090099999276,40.79005999923728,0 -77.909840000131,40.79093999924638,0 -77.91017999988962,40.79129999910369,0 -77.91057999992272,40.79174999873099,0 -77.91069999957331,40.79187999926458,0 -77.91083000016798,40.79201999908377,0 -77.91112999974362,40.79234999938406,0 -77.9111699999266,40.79240999901514,0 -77.91120000006381,40.79245999911973,0 -77.91125000029254,40.79254999907701,0 -77.91128999957718,40.79264999903753,0 -77.91132999976016,40.79275999895628,0 -77.91136999994313,40.79288999887251,0 -77.91132999976016,40.79288999887252,0 -77.91128000042976,40.79290999904632,0 -77.91117999997233,40.79292999921406,0 -77.91109999960638,40.79295999877431,0 -77.91104000023024,40.79298999900112,0 -77.91097999995579,40.79301999921437,0 -77.91092999972709,40.79304999873395,0 -77.91083000016798,40.7931099990926,0 -77.91046000027211,40.79333999928519,0 -77.91015999979814,40.79309999903661,0 -77.90987000026823,40.79284999918698,0 -77.9096500001602,40.79265999916138,0 -77.90948000028088,40.79250999918659,0 -77.90932000044731,40.79235999887296,0 -77.90920999994415,40.79224999897163,0 -77.90918999985266,40.79222999927918,0 -77.90909000029356,40.79212999936608,0 -77.90892000041424,40.79196999932796,0 -77.90888000023126,40.79191999885442,0 -77.90877999977384,40.79181999915457,0 -77.90868000021472,40.79171999930414,0 -77.90847000015246,40.7914899989405,0 -77.90836999969501,40.79137999895808,0 -77.90826000009017,40.79126999879341,0 -77.90822999995292,40.79123999914967,0 -77.90797999970768,40.79096999902566,0 -77.90777999969113,40.790749999196,0 -77.90773000036073,40.79077099910297,0</coordinates>
        </LineString>
      </MultiGeometry>
    </Placemark>
    <Placemark id="ID_00031">
      <name>W</name>
      <snippet></snippet>
      <description><![CDATA[<html xmlns:fo="http://www.w3.org/1999/XSL/Format" xmlns:msxsl="urn:schemas-microsoft-com:xslt">
<head>
<META http-equiv="Content-Type" content="text/html">
<meta http-equiv="content-type" content="text/html; charset=UTF-8">
</head>
<body style="margin:0px 0px 0px 0px;overflow:auto;background:#FFFFFF;">
<table style="font-family:Arial,Verdana,Times;font-size:12px;text-align:left;width:100%;border-collapse:collapse;padding:3px 3px 3px 3px">
<tr style="text-align:center;font-weight:bold;background:#9CBCE2">
<td>W</td>
</tr>
<tr>
<td>
<table style="font-family:Arial,Verdana,Times;font-size:12px;text-align:left;width:100%;border-spacing:0px; padding:3px 3px 3px 3px">
<tr>
<td>shape_id</td>
<td>85</td>
</tr>
<tr bgcolor="#D4E4F3">
<td>route_id</td>
<td>46</td>
</tr>
<tr>
<td>agency_id</td>
<td>CATA</td>
</tr>
<tr bgcolor="#D4E4F3">
<td>route_short_name</td>
<td>W</td>
</tr>
<tr>
<td>route_long_name</td>
<td>W - Valley Vista</td>
</tr>
<tr bgcolor="#D4E4F3">
<td>route_desc</td>
<td>&lt;Null&gt;</td>
</tr>
<tr>
<td>route_type</td>
<td>3</td>
</tr>
<tr bgcolor="#D4E4F3">
<td>route_url</td>
<td>&lt;Null&gt;</td>
</tr>
<tr>
<td>route_sort_order</td>
<td>&lt;Null&gt;</td>
</tr>
<tr bgcolor="#D4E4F3">
<td>continuous_pickup</td>
<td>&lt;Null&gt;</td>
</tr>
<tr>
<td>continuous_drop_off</td>
<td>&lt;Null&gt;</td>
</tr>
<tr bgcolor="#D4E4F3">
<td>route_type_text</td>
<td>Bus</td>
</tr>
<tr>
<td>ColorCode</td>
<td>fccc0a</td>
</tr>
<tr bgcolor="#D4E4F3">
<td>Shape__Length</td>
<td>6901.091315</td>
</tr>
<tr>
<td>GlobalID</td>
<td>{12F2852C-6DFF-4781-9DD7-2941ECF790F5}</td>
</tr>
</table>
</td>
</tr>
</table>
</body><script type="text/javascript">
				function changeImage(attElement, nameElement) {
				document.getElementById('imageAttachment').src = attElement;
				document.getElementById('imageName').innerHTML = nameElement;}
			</script></html>
]]></description>
      <styleUrl>#LineStyle00</styleUrl>
      <MultiGeometry>
        <LineString>
          <extrude>0</extrude>
          <tessellate>1</tessellate><altitudeMode>clampToGround</altitudeMode>
          <coordinates> -77.86677999989347,40.79787999895105,0 -77.86717999992655,40.79756999906568,0 -77.86749000044627,40.79733999924622,0 -77.8677599998847,40.79713999902165,0 -77.86803000022142,40.79694999903221,0 -77.86808999959757,40.79689999890886,0 -77.86814999987203,40.796859998919,0 -77.86820000010074,40.7968199989051,0 -77.86823000023797,40.79678999904887,0 -77.86827000042095,40.79674999899274,0 -77.86831999975135,40.79668999920346,0 -77.86833999984282,40.79666999880826,0 -77.86835999993433,40.79664999908707,0 -77.86839000007154,40.79660999894664,0 -77.86839000007154,40.79659999873773,0 -77.86841000016302,40.79654999903077,0 -77.86844000030027,40.79647999883375,0 -77.86860000013384,40.79650999883008,0 -77.86867999960145,40.79651999905252,0 -77.86873999987591,40.79653999881284,0 -77.86884000033335,40.79654999903076,0 -77.86888999966372,40.79655999924718,0 -77.86895999998394,40.79655999924719,0 -77.8690200002584,40.79655999924719,0 -77.86909999972602,40.79655999924719,0 -77.86916000000049,40.79653999881284,0 -77.86922000027494,40.79652999927346,0 -77.86927999965107,40.79651999905252,0 -77.86933999992554,40.7964999992862,0 -77.86940000019999,40.79647999883375,0 -77.86946999962187,40.79644999882383,0 -77.86952999989633,40.7964199988004,0 -77.86960000021654,40.7963699989579,0 -77.86965000044525,40.79632999932877,0 -77.86981000027882,40.79619999934766,0 -77.86992999992943,40.79611999918041,0 -77.87018000017467,40.79592999899189,0 -77.87041000032845,40.79574999927814,0 -77.87047999975032,40.79568999926506,0 -77.87055000007052,40.79562999919779,0 -77.87143999965006,40.79613999906123,0 -77.87164999971235,40.79625999889974,0 -77.871780000307,40.79633999889827,0 -77.87235000021938,40.79665999928842,0 -77.87246999986999,40.79673999880493,0 -77.87270000002376,40.796859998919,0 -77.87315000028556,40.79707999890478,0 -77.87355000031863,40.79727999931015,0 -77.87366999996924,40.79733999924623,0 -77.87377000042666,40.79738999903825,0 -77.87386999998579,40.79743999879256,0 -77.87391000016875,40.79745999895577,0 -77.87398999963638,40.79750999933741,0 -77.8740900000938,40.79757999912845,0 -77.87427000001885,40.79768999903946,0 -77.87481999983977,40.79813999887936,0 -77.87492000029719,40.7982199993325,0 -77.87529000019305,40.79851999898298,0 -77.87546000007237,40.79863999927958,0 -77.87561999990594,40.79876999924272,0 -77.87565000004315,40.79879999888419,0 -77.87574999960228,40.79886999935501,0 -77.87607000016773,40.79912999880597,0 -77.87626000013854,40.79926999897775,0 -77.87645000010933,40.79940999885426,0 -77.87661999998865,40.79951999913299,0 -77.8767799998222,40.79960999903998,0 -77.87697999983874,40.79972999940622,0 -77.87723000008401,40.79985999927478,0 -77.87728000031271,40.79988999910368,0 -77.87763000011711,40.80007999883849,0 -77.87781000004215,40.80017999901733,0 -77.87802000010443,40.80028999938008,0 -77.87859000001681,40.80058999919554,0 -77.87908999960902,40.80085999895822,0 -77.8791800000207,40.80090999881895,0 -77.87919000006644,40.8009199990586,0 -77.87921000015794,40.80093999885327,0 -77.87921000015794,40.8009499990884,0 -77.87924000029516,40.80098999933377,0 -77.87928999962556,40.80101999933193,0 -77.87947999959636,40.80111999877464,0 -77.87994999994964,40.8013699987623,0 -77.88013999992043,40.80146999903769,0 -77.88066999964987,40.80174999873534,0 -77.88092999994088,40.80189999891316,0 -77.88100000026105,40.80192999918005,0 -77.88112999995739,40.80200999914547,0 -77.88125999965374,40.80207999895114,0 -77.88142000038563,40.80216999878704,0 -77.88173000000702,40.8023199993757,0 -77.88203999962842,40.80248999895304,0 -77.88210999994861,40.80251999895325,0 -77.88221999955347,40.80258999890103,0 -77.88261000043914,40.80278999902499,0 -77.882720000044,40.80285999936797,0 -77.88285999978608,40.80292999895718,0 -77.88300999957389,40.80300999907725,0 -77.88301999961965,40.80300999907724,0 -77.8831500002143,40.80307999918818,0 -77.88337000032233,40.80319999940095,0 -77.88341999965272,40.80321999918866,0 -77.88359999957777,40.80330999883873,0 -77.88418999958166,40.8036299989483,0 -77.88464999988921,40.80386999920788,0 -77.88476000039236,40.80392999930721,0 -77.88498999964784,40.80404999934304,0 -77.88510000015098,40.80400999890187,0 -77.88514000033396,40.80399999912783,0 -77.88516999957288,40.80397999889516,0 -77.88518999966436,40.80395999933651,0 -77.88520999975586,40.80393999909179,0 -77.88523999989306,40.80390999905345,0 -77.88532000025901,40.80380999905437,0 -77.88534000035051,40.80377999895727,0 -77.88550000018408,40.80358999893398,0 -77.88551000022983,40.80356999925775,0 -77.88554000036706,40.80351999936085,0 -77.88555999956021,40.80341999877416,0 -77.88561999983467,40.80331999939672,0 -77.88566000001764,40.80325999874599,0 -77.88584999998845,40.80304999876113,0 -77.88588000012567,40.8029599987585,0 -77.88591000026291,40.80259999888757,0 -77.88592000030864,40.80256999892346,0 -77.88594000040013,40.80244999893169,0 -77.88596999963906,40.80239999887107,0 -77.88600999982201,40.80237999883625,0 -77.88611000027944,40.80233999874859,0 -77.88656999968867,40.80215999873572,0 -77.88650000026679,40.80206999888627,0 -77.88646000008382,40.80200999914548,0 -77.88646000008382,40.80199999907007,0 -77.88646000008382,40.80198999899314,0 -77.88647000012955,40.80197999891477,0 -77.88648000017528,40.80196999883483,0 -77.88666000010035,40.80187999872771,0 -77.88693999958451,40.80173999930079,0 -77.88660999987162,40.80149999881896,0 -77.88649000022104,40.80142999908163,0 -77.88635999962638,40.8013799989326,0 -77.88626000006725,40.80134999909714,0 -77.88612000032518,40.80131999924809,0 -77.88577999966824,40.80128999938552,0 -77.88566000001764,40.80127999920163,0 -77.88574000038359,40.80064999885997,0 -77.8857699996225,40.8004699990241,0 -77.88579999975974,40.80029999903309,0 -77.88579999975974,40.80027999904553,0 -77.88581999985121,40.80019999903503,0 -77.88584999998845,40.80009999888632,0 -77.88589000017141,40.79996999880777,0 -77.88592000030864,40.79990999920871,0 -77.88599999977626,40.79969999882497,0 -77.88603999995924,40.79962999922942,0 -77.88620999983856,40.79934999874906,0 -77.88634999958063,40.79915999896473,0 -77.88649000022104,40.79897999916854,0 -77.88666000010035,40.79877999912472,0 -77.88674999961373,40.79865999908125,0 -77.88689000025413,40.79848999921495,0 -77.88700999990472,40.79833999881136,0 -77.88719999987551,40.79808999897224,0 -77.88736999975482,40.79786999893349,0 -77.88756999977137,40.79759999924946,0 -77.8877199995592,40.79734999934364,0 -77.88779999992514,40.79722999875525,0 -77.88785000015386,40.79714999914918,0 -77.88793999966724,40.79700999926657,0 -77.88825000018694,40.79652999927346,0 -77.88830999956308,40.79644999882383,0 -77.88833999970031,40.7964199988004,0 -77.88838999992902,40.79633999889828,0 -77.88861000003705,40.79604999921002,0 -77.88898999997865,40.79561999884127,0 -77.8893599998745,40.79524999887264,0 -77.88993999983263,40.79466999890748,0 -77.89002000019858,40.79459999876835,0 -77.89007999957474,40.79452999923553,0 -77.89027000044382,40.79434999912629,0 -77.89061000020246,40.79399999940598,0 -77.89075999999029,40.79383999911363,0 -77.89090999977812,40.7936599991739,0 -77.89102000028129,40.7934999987423,0 -77.89124000038932,40.79318999880647,0 -77.89125000043505,40.79317999876247,0 -77.89138000013139,40.79293999929571,0 -77.89150999982773,40.79269999896139,0 -77.89159000019369,40.79250999918659,0 -77.89160000023942,40.79248999889234,0 -77.89167999970705,40.79228999901869,0 -77.89171999989003,40.79215999928781,0 -77.89175000002724,40.79205999926933,0 -77.89182000034744,40.79180999890426,0 -77.89184999958637,40.7916299989019,0 -77.89186999967784,40.79153999905777,0 -77.89189999981508,40.79132999940045,0 -77.89190999986081,40.79114999877693,0 -77.89190999986081,40.79086999925525,0 -77.89189999981508,40.79057999879742,0 -77.89186999967784,40.79036999882438,0 -77.8918300003932,40.79013999922539,0 -77.89179000021022,40.78993999907438,0 -77.89172999993576,40.78973999900106,0 -77.89170999984428,40.78966999910514,0 -77.89167999970705,40.78958999923088,0 -77.89164000042238,40.78948999874246,0 -77.8918100003017,40.78945999897461,0 -77.8920499996029,40.78941999926313,0 -77.8922599996652,40.78940999933145,0 -77.89227999975667,40.78940999933145,0 -77.89243000044283,40.78941999926314,0 -77.89255000009341,40.789449999049,0 -77.89264999965253,40.78947999882131,0 -77.89283999962332,40.78953999900548,0 -77.89302000044668,40.7895699987372,0 -77.89310999996006,40.78957999932487,0 -77.89312000000581,40.78957999932487,0 -77.89327999983938,40.78957999932487,0 -77.89335000015957,40.78956999873721,0 -77.89343999967294,40.78955999882812,0 -77.89355000017612,40.7895399990055,0 -77.8935700002676,40.78952999909194,0 -77.89365999978097,40.78949999934216,0 -77.89377000028415,40.789449999049,0 -77.89378000032988,40.78943999912191,0 -77.89409999999704,40.7892699987701,0 -77.89448999998437,40.78905999873479,0 -77.8945900004418,40.78899999879705,0 -77.8947600003211,40.78890999878884,0 -77.89491000010894,40.78883999937818,0 -77.89513000021697,40.7887899992682,0 -77.8953799995639,40.78873999912052,0 -77.89553000025003,40.78869999897535,0 -77.89553000025003,40.78867999889371,0 -77.89554000029578,40.78866999885059,0 -77.89555000034154,40.78865999880602,0 -77.89556000038728,40.7886499987599,0 -77.89556000038728,40.78863999939241,0 -77.89557000043301,40.78863999939241,0 -77.89557999958043,40.78862999934334,0 -77.89558999962618,40.78861999929276,0 -77.89559999967194,40.7886099992406,0 -77.89560999971768,40.7886099992406,0 -77.89561999976341,40.78859999918699,0 -77.89562999980915,40.78859999918699,0 -77.89563999985491,40.78859999918699,0 -77.89565999994639,40.78858999913186,0 -77.89566999999212,40.78858999913184,0 -77.89568000003788,40.78858999913184,0 -77.89569000008362,40.78858999913184,0 -77.89570000012935,40.78858999913184,0 -77.89571000017509,40.78858999913184,0 -77.89572000022083,40.78858999913184,0 -77.89574000031233,40.78858999913184,0 -77.89575000035806,40.78858999913184,0 -77.89576000040381,40.78858999913186,0 -77.89576999955125,40.78859999918701,0 -77.895779999597,40.78859999918699,0 -77.89578999964273,40.78859999918699,0 -77.89579999968846,40.7886099992406,0 -77.89581999977996,40.78860999924061,0 -77.89582999982569,40.78861999929276,0 -77.89583999987143,40.78862999934334,0 -77.89584999991717,40.78863999939241,0 -77.89585999996294,40.7886499987599,0 -77.89587000000867,40.78864999875991,0 -77.89587000000867,40.78865999880602,0 -77.8958800000544,40.78866999885059,0 -77.8958800000544,40.78867999889369,0 -77.89589000010014,40.78867999889371,0 -77.89589000010014,40.78868999893525,0 -77.89589000010014,40.78869999897535,0 -77.89589000010014,40.78870999901389,0 -77.89590000014591,40.78871999905097,0 -77.89590000014591,40.78872999908651,0 -77.89590000014591,40.78873999912052,0 -77.89589000010014,40.78873999912053,0 -77.89589000010014,40.7887499991531,0 -77.89596000042035,40.7888199993387,0 -77.89632000027048,40.78901999878233,0 -77.89646000001255,40.78909999934332,0 -77.89655999957166,40.78917999912779,0 -77.89660999980036,40.78921999898383,0 -77.89686000004563,40.7894599989746,0 -77.8969000002286,40.78950999926027,0 -77.89705000001643,40.78966999910514,0 -77.89741999991229,40.79007999890327,0 -77.89753000041546,40.79020999930597,0 -77.89756999970012,40.79027999931273,0 -77.89759999983734,40.79032999898091,0 -77.89765000006606,40.79037999929157,0 -77.89786000012833,40.79060999873933,0 -77.89798999982469,40.79073999878448,0 -77.8982800002529,40.79103999891134,0 -77.89829000029866,40.79103999891134,0 -77.898419999995,40.79116999879475,0 -77.89850000036093,40.79122999881202,0 -77.89890000039402,40.79151999915138,0 -77.89902000004463,40.79159999874069,0 -77.89902000004463,40.79160999902262,0 -77.89908000031907,40.79164999877513,0 -77.89911999960373,40.7916899991836,0 -77.89916999983244,40.79173999915025,0 -77.89955999981979,40.79215999928781,0 -77.899589999957,40.79219999938909,0 -77.89970999960761,40.7922899990187,0 -77.90102000021002,40.79162999890188,0 -77.90141000019734,40.79142999915818,0 -77.90167999963579,40.79128999877508,0 -77.9023199998684,40.79095999932744,0 -77.90307999975157,40.79060999873933,0 -77.90327999976812,40.7905099991069,0 -77.90340000031703,40.79045999889412,0 -77.90359000028782,40.79036999882438,0 -77.90334000004258,40.79038999907709,0</coordinates>
        </LineString>
      </MultiGeometry>
    </Placemark>
    <Placemark id="ID_00032">
      <name>WE</name>
      <snippet></snippet>
      <description><![CDATA[<html xmlns:fo="http://www.w3.org/1999/XSL/Format" xmlns:msxsl="urn:schemas-microsoft-com:xslt">
<head>
<META http-equiv="Content-Type" content="text/html">
<meta http-equiv="content-type" content="text/html; charset=UTF-8">
</head>
<body style="margin:0px 0px 0px 0px;overflow:auto;background:#FFFFFF;">
<table style="font-family:Arial,Verdana,Times;font-size:12px;text-align:left;width:100%;border-collapse:collapse;padding:3px 3px 3px 3px">
<tr style="text-align:center;font-weight:bold;background:#9CBCE2">
<td>WE</td>
</tr>
<tr>
<td>
<table style="font-family:Arial,Verdana,Times;font-size:12px;text-align:left;width:100%;border-spacing:0px; padding:3px 3px 3px 3px">
<tr>
<td>shape_id</td>
<td>88</td>
</tr>
<tr bgcolor="#D4E4F3">
<td>route_id</td>
<td>47</td>
</tr>
<tr>
<td>agency_id</td>
<td>CATA</td>
</tr>
<tr bgcolor="#D4E4F3">
<td>route_short_name</td>
<td>WE</td>
</tr>
<tr>
<td>route_long_name</td>
<td>WE Havershire Express</td>
</tr>
<tr bgcolor="#D4E4F3">
<td>route_desc</td>
<td>&lt;Null&gt;</td>
</tr>
<tr>
<td>route_type</td>
<td>3</td>
</tr>
<tr bgcolor="#D4E4F3">
<td>route_url</td>
<td>&lt;Null&gt;</td>
</tr>
<tr>
<td>route_sort_order</td>
<td>&lt;Null&gt;</td>
</tr>
<tr bgcolor="#D4E4F3">
<td>continuous_pickup</td>
<td>&lt;Null&gt;</td>
</tr>
<tr>
<td>continuous_drop_off</td>
<td>&lt;Null&gt;</td>
</tr>
<tr bgcolor="#D4E4F3">
<td>route_type_text</td>
<td>Bus</td>
</tr>
<tr>
<td>ColorCode</td>
<td>7030A0</td>
</tr>
<tr bgcolor="#D4E4F3">
<td>Shape__Length</td>
<td>5820.956897</td>
</tr>
<tr>
<td>GlobalID</td>
<td>{F99D7ADD-908A-4BAA-AC27-421CE5CC0899}</td>
</tr>
</table>
</td>
</tr>
</table>
</body><script type="text/javascript">
				function changeImage(attElement, nameElement) {
				document.getElementById('imageAttachment').src = attElement;
				document.getElementById('imageName').innerHTML = nameElement;}
			</script></html>
]]></description>
      <styleUrl>#LineStyle00</styleUrl>
      <MultiGeometry>
        <LineString>
          <extrude>0</extrude>
          <tessellate>1</tessellate><altitudeMode>clampToGround</altitudeMode>
          <coordinates> -77.89488900019255,40.78878899878951,0 -77.89491000010894,40.78883999937818,0 -77.89513000021697,40.7887899992682,0 -77.8953799995639,40.78873999912052,0 -77.89553000025003,40.78869999897535,0 -77.89553000025003,40.78867999889371,0 -77.89554000029578,40.78866999885059,0 -77.89555000034154,40.78865999880602,0 -77.89556000038728,40.7886499987599,0 -77.89556000038728,40.78863999939241,0 -77.89557000043301,40.78863999939241,0 -77.89557999958043,40.78862999934334,0 -77.89558999962618,40.78861999929276,0 -77.89559999967194,40.7886099992406,0 -77.89560999971768,40.7886099992406,0 -77.89561999976341,40.78859999918699,0 -77.89562999980915,40.78859999918699,0 -77.89563999985491,40.78859999918699,0 -77.89565999994639,40.78858999913186,0 -77.89566999999212,40.78858999913184,0 -77.89568000003788,40.78858999913184,0 -77.89569000008362,40.78858999913184,0 -77.89570000012935,40.78858999913184,0 -77.89571000017509,40.78858999913184,0 -77.89572000022083,40.78858999913184,0 -77.89574000031233,40.78858999913184,0 -77.89575000035806,40.78858999913184,0 -77.89576000040381,40.78858999913186,0 -77.89576999955125,40.78859999918701,0 -77.895779999597,40.78859999918699,0 -77.89578999964273,40.78859999918699,0 -77.89579999968846,40.7886099992406,0 -77.89581999977996,40.78860999924061,0 -77.89582999982569,40.78861999929276,0 -77.89583999987143,40.78862999934334,0 -77.89584999991717,40.78863999939241,0 -77.89585999996294,40.7886499987599,0 -77.89587000000867,40.78864999875991,0 -77.89587000000867,40.78865999880602,0 -77.8958800000544,40.78866999885059,0 -77.8958800000544,40.78867999889369,0 -77.89589000010014,40.78867999889371,0 -77.89589000010014,40.78868999893525,0 -77.89589000010014,40.78869999897535,0 -77.89589000010014,40.78870999901389,0 -77.89590000014591,40.78871999905097,0 -77.89590000014591,40.78872999908651,0 -77.89590000014591,40.78873999912052,0 -77.89589000010014,40.78873999912053,0 -77.89589000010014,40.7887499991531,0 -77.89596000042035,40.7888199993387,0 -77.89632000027048,40.78901999878233,0 -77.89646000001255,40.78909999934332,0 -77.89655999957166,40.78917999912779,0 -77.89660999980036,40.78921999898383,0 -77.89686000004563,40.7894599989746,0 -77.8969000002286,40.78950999926027,0 -77.89705000001643,40.78966999910514,0 -77.89716999966703,40.78979999895029,0 -77.89741999991229,40.79007999890327,0 -77.89753000041546,40.79020999930597,0 -77.89756999970012,40.79027999931273,0 -77.89759999983734,40.79032999898091,0 -77.89765000006606,40.79037999929157,0 -77.89786000012833,40.79060999873933,0 -77.89798999982469,40.79073999878448,0 -77.8982800002529,40.79103999891134,0 -77.89829000029866,40.79103999891134,0 -77.898419999995,40.79116999879475,0 -77.89850000036093,40.79122999881202,0 -77.89890000039402,40.79151999915138,0 -77.89902000004463,40.79159999874069,0 -77.89902000004463,40.79160999902262,0 -77.89908000031907,40.79164999877513,0 -77.89911999960373,40.7916899991836,0 -77.89916999983244,40.79173999915025,0 -77.89955999981979,40.79215999928781,0 -77.899589999957,40.79219999938909,0 -77.89970999960761,40.7922899990187,0 -77.89919999996968,40.79255999921584,0 -77.89879999993659,40.79275999895628,0 -77.89742999995802,40.79346999874595,0 -77.89731000030743,40.79352999940514,0 -77.89695999960473,40.79370999901723,0 -77.89675999958821,40.79380999927091,0 -77.89655999957166,40.79390999937399,0 -77.89654000037849,40.79391999930803,0 -77.89635000040769,40.79407999872747,0 -77.8962800000875,40.79418999899734,0 -77.89619999972156,40.79429999908491,0 -77.89601999979648,40.7947299991623,0 -77.89593000028312,40.79494999940601,0 -77.89585999996294,40.79510999906355,0 -77.89579999968846,40.7952799987447,0 -77.89565999994639,40.79546999875329,0 -77.89549000006707,40.7955599993908,0 -77.89534000027925,40.79562999919779,0 -77.89502999975953,40.79569999893096,0 -77.8947100000924,40.79576999927041,0 -77.89418000036298,40.79588999909768,0 -77.89327999983938,40.79610999889771,0 -77.89261000036788,40.79627999873842,0 -77.89237000016836,40.79632999932877,0 -77.89157000010219,40.79652999927346,0 -77.891499999782,40.79654999903077,0 -77.89146999964477,40.79655999924719,0 -77.89103000032702,40.79668999920346,0 -77.89074999994453,40.79676999936382,0 -77.8903599999572,40.79688999874359,0 -77.88987000041075,40.79703999902343,0 -77.88969999963312,40.79708999904137,0 -77.88948999957086,40.79715999927522,0 -77.88883000014506,40.79736999885395,0 -77.88831999960881,40.79752999879953,0 -77.88814999972951,40.79757999912846,0 -77.88787000024534,40.79760999930773,0 -77.8877199995592,40.79760999930772,0 -77.88729000028721,40.79812999890095,0 -77.88717999978404,40.79827999909907,0 -77.88709000027066,40.79837999926949,0 -77.88685000007115,40.79870999923904,0 -77.88675999965946,40.79881999931769,0 -77.88645000003807,40.79918999910999,0 -77.88635999962638,40.79931999935616,0 -77.88632000034174,40.79936999901684,0 -77.88614999956411,40.79963999898185,0 -77.8860299999135,40.7999099992087,0 -77.88600999982201,40.79997999918902,0 -77.88596999963906,40.80011999892812,0 -77.88594000040013,40.80020999938164,0 -77.88592000030864,40.80031999901463,0 -77.88589000017141,40.80047999932999,0 -77.88586000003419,40.80065999913878,0 -77.88577999966824,40.80128999938552,0 -77.88572000029211,40.80161999916835,0 -77.88570000020061,40.80177999907002,0 -77.8856700000634,40.8018799987277,0 -77.88559999974319,40.80206999888627,0 -77.88554000036706,40.8021999989319,0 -77.88548000009258,40.80228999928511,0 -77.88544999995536,40.80230999934699,0 -77.88541999981814,40.8023299994029,0 -77.88534000035051,40.80237999883625,0 -77.88528000007604,40.80243999892255,0 -77.88522999984733,40.80248999895304,0 -77.88507000001377,40.80266999875093,0 -77.88501999978504,40.80271999928814,0 -77.88489000008872,40.80286999931381,0 -77.88477000043812,40.8029999991525,0 -77.88457000042158,40.80321999918866,0 -77.88425999990186,40.80355999873743,0 -77.88418999958166,40.8036299989483,0 -77.88359999957777,40.80330999883873,0 -77.88341999965272,40.80321999918866,0 -77.88337000032233,40.80319999940095,0 -77.8831500002143,40.80307999918818,0 -77.88301999961965,40.80300999907724,0 -77.88300999957389,40.80300999907725,0 -77.88285999978608,40.80292999895718,0 -77.882720000044,40.80285999936797,0 -77.88261000043914,40.80278999902499,0 -77.88221999955347,40.80258999890103,0 -77.88210999994861,40.80251999895325,0 -77.88203999962842,40.80248999895304,0 -77.88173000000702,40.8023199993757,0 -77.88142000038563,40.80216999878704,0 -77.88125999965374,40.80207999895114,0 -77.88112999995739,40.80200999914547,0 -77.88100000026105,40.80192999918005,0 -77.88092999994088,40.80189999891316,0 -77.88066999964987,40.80174999873534,0 -77.88013999992043,40.80146999903769,0 -77.87994999994964,40.8013699987623,0 -77.87947999959636,40.80111999877464,0 -77.87928999962556,40.80101999933193,0 -77.87924000029516,40.80098999933377,0 -77.87916999997496,40.80098999933377,0 -77.87914999988348,40.80098999933377,0 -77.879129999792,40.80098999933376,0 -77.8791099997005,40.80097999910469,0 -77.87902000018714,40.80091999905861,0 -77.87888999959249,40.80085999895822,0 -77.87852999974238,40.80065999913878,0 -77.87833999977157,40.80055999900306,0 -77.87775999981343,40.80023999905237,0 -77.87733999968887,40.80001999933892,0 -77.87717999985529,40.79992999930777,0 -77.87697999983874,40.79981999902846,0 -77.87672000044606,40.79967999933665,0 -77.87655999971419,40.79957999908456,0 -77.87637999978912,40.79946999890525,0 -77.87618999981832,40.79932999915528,0 -77.87598999980179,40.79918999911001,0 -77.87567000013466,40.79892999921407,0 -77.87554000043832,40.79882999919217,0 -77.8754700001181,40.79876999924272,0 -77.87535999961493,40.79867999887686,0 -77.87518999973564,40.79854999873743,0 -77.87476999961106,40.79820999936613,0 -77.87456999959451,40.79805999900988,0 -77.87419999969866,40.79774999928502,0 -77.87408000004807,40.79766999894554,0 -77.8739200002145,40.79756999906568,0 -77.87386999998579,40.79753999886833,0 -77.87380999971133,40.79750999933741,0 -77.87369000006073,40.79743999879256,0 -77.87349000004419,40.79733999924622,0 -77.87309000001109,40.7971499991492,0 -77.87288999999456,40.79704999916603,0 -77.87263999974931,40.79692999939542,0 -77.87240000044811,40.79680999872784,0 -77.87227999989921,40.79672999929569,0 -77.87159000033618,40.79632999932877,0 -77.87124999967925,40.79613999906124,0 -77.87047999975032,40.79568999926506,0 -77.87041000032845,40.79574999927814,0 -77.87018000017467,40.79592999899189,0 -77.86992999992943,40.79611999918041,0 -77.86981000027882,40.79619999934766,0 -77.86965000044525,40.79632999932877,0 -77.86960000021654,40.7963699989579,0 -77.86952999989633,40.7964199988004,0 -77.86946999962187,40.79644999882383,0 -77.86940000019999,40.79647999883375,0 -77.86933999992554,40.7964999992862,0 -77.86927999965107,40.79651999905252,0 -77.86922000027494,40.79652999927346,0 -77.86916000000049,40.79653999881284,0 -77.86909999972602,40.79655999924719,0 -77.8690200002584,40.79655999924719,0 -77.86895999998394,40.79655999924719,0 -77.86888999966372,40.79655999924718,0 -77.86884000033335,40.79654999903076,0 -77.86873999987591,40.79653999881284,0 -77.86867999960145,40.79651999905252,0 -77.86860000013384,40.79650999883008,0 -77.86844000030027,40.79647999883375,0 -77.86841000016302,40.79654999903077,0 -77.86839000007154,40.79659999873773,0 -77.86839000007154,40.79660999894664,0 -77.86835999993433,40.79664999908707,0 -77.86833999984282,40.79666999880826,0 -77.86831999975135,40.79668999920346,0 -77.86827000042095,40.79674999899274,0 -77.86823000023797,40.79678999904887,0 -77.86820000010074,40.7968199989051,0 -77.86814999987203,40.796859998919,0 -77.86808999959757,40.79689999890886,0 -77.86803000022142,40.79694999903221,0 -77.8677599998847,40.79713999902165,0 -77.86749000044627,40.79733999924622,0 -77.86751999968519,40.79738999903826,0</coordinates>
        </LineString>
      </MultiGeometry>
    </Placemark>
    <Placemark id="ID_00033">
      <name>AC</name>
      <snippet></snippet>
      <description><![CDATA[<html xmlns:fo="http://www.w3.org/1999/XSL/Format" xmlns:msxsl="urn:schemas-microsoft-com:xslt">
<head>
<META http-equiv="Content-Type" content="text/html">
<meta http-equiv="content-type" content="text/html; charset=UTF-8">
</head>
<body style="margin:0px 0px 0px 0px;overflow:auto;background:#FFFFFF;">
<table style="font-family:Arial,Verdana,Times;font-size:12px;text-align:left;width:100%;border-collapse:collapse;padding:3px 3px 3px 3px">
<tr style="text-align:center;font-weight:bold;background:#9CBCE2">
<td>AC</td>
</tr>
<tr>
<td>
<table style="font-family:Arial,Verdana,Times;font-size:12px;text-align:left;width:100%;border-spacing:0px; padding:3px 3px 3px 3px">
<tr>
<td>shape_id</td>
<td>9</td>
</tr>
<tr bgcolor="#D4E4F3">
<td>route_id</td>
<td>71</td>
</tr>
<tr>
<td>agency_id</td>
<td>CATA</td>
</tr>
<tr bgcolor="#D4E4F3">
<td>route_short_name</td>
<td>AC</td>
</tr>
<tr>
<td>route_long_name</td>
<td>Atherton Street Connector</td>
</tr>
<tr bgcolor="#D4E4F3">
<td>route_desc</td>
<td>&lt;Null&gt;</td>
</tr>
<tr>
<td>route_type</td>
<td>3</td>
</tr>
<tr bgcolor="#D4E4F3">
<td>route_url</td>
<td>&lt;Null&gt;</td>
</tr>
<tr>
<td>route_sort_order</td>
<td>&lt;Null&gt;</td>
</tr>
<tr bgcolor="#D4E4F3">
<td>continuous_pickup</td>
<td>&lt;Null&gt;</td>
</tr>
<tr>
<td>continuous_drop_off</td>
<td>&lt;Null&gt;</td>
</tr>
<tr bgcolor="#D4E4F3">
<td>route_type_text</td>
<td>Bus</td>
</tr>
<tr>
<td>ColorCode</td>
<td>00B050</td>
</tr>
<tr bgcolor="#D4E4F3">
<td>Shape__Length</td>
<td>13798.807413</td>
</tr>
<tr>
<td>GlobalID</td>
<td>{3FB7BAAD-7739-419B-8363-56FFD7D6ADEA}</td>
</tr>
</table>
</td>
</tr>
</table>
</body><script type="text/javascript">
				function changeImage(attElement, nameElement) {
				document.getElementById('imageAttachment').src = attElement;
				document.getElementById('imageName').innerHTML = nameElement;}
			</script></html>
]]></description>
      <styleUrl>#LineStyle00</styleUrl>
      <MultiGeometry>
        <LineString>
          <extrude>0</extrude>
          <tessellate>1</tessellate><altitudeMode>clampToGround</altitudeMode>
          <coordinates> -77.89795999968746,40.8082699988386,0 -77.89808000023638,40.80827999932914,0 -77.89817999979549,40.80832999903954,0</coordinates>
        </LineString>
        <LineString>
          <extrude>0</extrude>
          <tessellate>1</tessellate><altitudeMode>clampToGround</altitudeMode>
          <coordinates> -77.89737999972931,40.80819999876223,0 -77.89784000003685,40.80824999921288,0 -77.89795999968746,40.8082699988386,0 -77.89737999972931,40.80819999876223,0</coordinates>
        </LineString>
        <LineString>
          <extrude>0</extrude>
          <tessellate>1</tessellate><altitudeMode>clampToGround</altitudeMode>
          <coordinates> -77.92365000041976,40.81075999898113,0 -77.92361000023678,40.81080999886259,0 -77.92352999987085,40.81088999900246,0 -77.92348999968787,40.81093999878595,0 -77.92335999999155,40.81108999927019,0 -77.92320000015796,40.81126999885965,0 -77.92308999965479,40.81142999929357,0 -77.92303000027866,40.81150999936579,0 -77.92297000000418,40.81158999934161,0 -77.92284000030784,40.81173999903624,0 -77.92270999971319,40.8118899990717,0 -77.92256999997112,40.81205999929119,0 -77.92248999960518,40.812149999191,0 -77.92233999981735,40.81207999912838,0 -77.92169000043732,40.81178999885912,0 -77.92166000030011,40.81176999893448,0 -77.92148000037506,40.81169999915087,0 -77.92111999962661,40.81154999936577,0 -77.92106000025048,40.81152999936879,0 -77.92071000044611,40.81138999922123,0 -77.92046000020086,40.81128999893502,0 -77.92042000001788,40.8112799988981,0 -77.92024000009283,40.81121999932484,0 -77.92023000004708,40.81121999932483,0 -77.92012999958965,40.81117999912596,0 -77.92001999998479,40.81114999896096,0 -77.91986000015123,40.8110999993357,0 -77.91979999987677,40.81108999927018,0 -77.91977999978528,40.81107999920308,0 -77.91956999972301,40.8110199987691,0 -77.91937999975221,40.81096999904589,0 -77.91934999961498,40.81096999904589,0 -77.91933999956923,40.81095999896077,0 -77.91912000035951,40.81090999919235,0 -77.91906000008505,40.81088999900246,0 -77.91889000020575,40.81085999938628,0 -77.91861999986901,40.81080999886259,0 -77.91834000038483,40.81075999898113,0 -77.91777999961987,40.81067999936442,0 -77.9175000001357,40.81063999884,0 -77.91732000021064,40.81061999924864,0 -77.91656000032746,40.81052999931317,0 -77.91612000011139,40.81047999922073,0 -77.91608999997419,40.81047999922072,0 -77.91581999963742,40.81044999873922,0 -77.91559000038198,40.8104199989241,0 -77.91537000027395,40.81038999909538,0 -77.91535000018246,40.81038999909538,0 -77.91514000012018,40.81036999874875,0 -77.91489999992068,40.81033999889745,0 -77.91488999987494,40.81033999889746,0 -77.91478000027007,40.81031999921567,0 -77.9146699997669,40.81030999903259,0 -77.91464999967542,40.81030999903259,0 -77.91442000041997,40.81027999915409,0 -77.91420000031192,40.8102499992621,0 -77.91403000043263,40.81017999923469,0 -77.91401000034114,40.81017999923469,0 -77.91397000015816,40.81016999903051,0 -77.91348999975914,40.81011999934674,0 -77.91324999955962,40.81008999938238,0 -77.91323000036647,40.81008999938238,0 -77.91294999998397,40.81005999940445,0 -77.91192999980977,40.8099299991168,0 -77.91169999965601,40.80989999906659,0 -77.91159000005115,40.80988999882015,0 -77.91136999994313,40.80985999875182,0 -77.91117999997233,40.80983999892536,0 -77.91049999955676,40.80975999887939,0 -77.91030999958596,40.80973999902279,0 -77.91014999975241,40.80971999916017,0 -77.91009000037624,40.80970999888665,0 -77.90973999967358,40.80966999913729,0 -77.90920999994415,40.8096099987881,0 -77.90901999997335,40.8095899988863,0 -77.908890000277,40.80956999897846,0 -77.9080800001651,40.80946999934893,0 -77.90806000007362,40.80960999878811,0 -77.90805000002788,40.8096799987369,0 -77.90802999993639,40.80978999899291,0 -77.90801999989064,40.80983999892538,0 -77.90798999975341,40.80993999935718,0 -77.90794000042301,40.81004999918216,0 -77.90790000024005,40.81012999887852,0 -77.90789000019431,40.81012999887852,0 -77.9077699996454,40.81022999887333,0 -77.90771000026926,40.81029999884794,0 -77.90761999985756,40.81036999874875,0 -77.90753000034421,40.81042999909066,0 -77.90740999979529,40.81047999922072,0 -77.90701999980794,40.81061999924864,0 -77.90688000006585,40.81064999897335,0 -77.90687000002012,40.81064999897335,0 -77.90665999995782,40.81072999930615,0 -77.90658999963763,40.81075999898113,0 -77.90645999994129,40.81081999897036,0 -77.90635000033643,40.81089999909818,0 -77.90623999983326,40.81097999912957,0 -77.90598000044058,40.81121999932483,0 -77.90590000007462,40.81117999912596,0 -77.90569000001236,40.81105999906448,0 -77.90553000017879,40.81097999912957,0 -77.90547999995007,40.81093999878595,0 -77.90542999972135,40.81089999909818,0 -77.90538000039095,40.81084999928456,0 -77.90533000016224,40.81078999932247,0 -77.90525999984204,40.81069999893768,0 -77.90522999970482,40.81064999897335,0 -77.90522999970482,40.81060999911077,0 -77.90521999965907,40.81057999936792,0 -77.90522999970482,40.81054999893163,0 -77.90523999975056,40.81043999925564,0 -77.90526999988779,40.81030999903259,0 -77.90534000020799,40.80992999911681,0 -77.90520999961332,40.80991999887495,0 -77.90493000012916,40.80988999882014,0 -77.90492000008342,40.80988999882015,0 -77.90478000034133,40.80985999875183,0 -77.90474000015836,40.80984999917934,0 -77.9045800003248,40.80981999909289,0 -77.90442999963865,40.80976999914537,0 -77.9042299996221,40.80974999929178,0 -77.90398000027518,40.80972999875229,0 -77.90379000030437,40.80970999888665,0 -77.90355000010486,40.8096799987369,0 -77.90329999985961,40.80964999925357,0 -77.90305999966009,40.80961999907674,0 -77.90283999955207,40.8095899988863,0 -77.90223000035502,40.80950999921883,0 -77.90177000004748,40.8094499994049,0 -77.90167999963579,40.80943999909071,0 -77.90131999978567,40.80939999917857,0 -77.90127999960269,40.80939999917859,0 -77.90121000018082,40.80938999885685,0 -77.90100000011854,40.80935999924235,0 -77.90089999966112,40.80941999913766,0 -77.90076999996478,40.80949999891362,0 -77.90054999985674,40.80963999896951,0 -77.90048999958228,40.80949999891362,0 -77.90041000011466,40.80924999895345,0 -77.90040000006893,40.80918999890443,0 -77.90037999997742,40.80908999938214,0 -77.90036999993168,40.80900999911182,0 -77.90036999993168,40.80893999913616,0 -77.90036999993168,40.80889999892266,0 -77.90041000011466,40.8086299992305,0 -77.89983000015653,40.80856999930081,0 -77.89953999972829,40.80852999886426,0 -77.89934999975749,40.80850999931688,0 -77.89916999983244,40.80847999930452,0 -77.89897999986165,40.80845999906214,0 -77.89854999969134,40.80839999897874,0 -77.8982099999327,40.8083399988411,0 -77.89817999979549,40.80832999903954,0 -77.89814999965824,40.80846999884413,0 -77.89807000019061,40.80882999883095,0 -77.89781999994538,40.80879999896329,0 -77.897470000141,40.80875999934531,0 -77.89739999982081,40.80874999892711,0 -77.89736999968356,40.80874999892711,0 -77.89709000019941,40.808709999279,0 -77.89694000041158,40.80869999885323,0 -77.89686000004563,40.80868999910593,0 -77.89678999972543,40.80869999885321,0 -77.89677999967968,40.80869999885321,0 -77.89672000030355,40.808709999279,0 -77.89666000002909,40.8087299987661,0 -77.89655999957166,40.80878999923101,0 -77.89650000019553,40.80881999910319,0 -77.89637999964661,40.80889999892266,0 -77.8962800000875,40.80895999923389,0 -77.8961899996758,40.80901999881094,0 -77.89601999979648,40.80911999911864,0 -77.89596999956778,40.80914999884165,0 -77.8957300002666,40.8092999992928,0 -77.89558999962618,40.80921999927572,0 -77.89549000006707,40.80916999887601,0 -77.89537000041648,40.80912999880118,0 -77.89523999982181,40.80908999938214,0 -77.89519999963885,40.80907999901363,0 -77.89511000012547,40.80904999925904,0 -77.89481999969723,40.8089699989405,0 -77.89496000033766,40.80880999937393,0 -77.89503999980528,40.80869999885321,0 -77.89503999980528,40.80868999910593,0 -77.89509000003399,40.8085899988301,0 -77.8951200001712,40.80853999931559,0 -77.89515000030845,40.80846999884413,0 -77.89516000035418,40.80843999881372,0 -77.89516000035418,40.80842999902726,0 -77.8951899995931,40.80832999903955,0 -77.89522999977606,40.80814999895393,0 -77.89526999995904,40.80794999934376,0 -77.89579999968846,40.80799999930283,0 -77.89613000029966,40.80803999937892,0 -77.89643999992106,40.80807999875096,0 -77.89682999990839,40.80812999929201,0 -77.8972600000787,40.80817999911539,0 -77.89737999972931,40.80819999876223,0</coordinates>
        </LineString>
        <LineString>
          <extrude>0</extrude>
          <tessellate>1</tessellate><altitudeMode>clampToGround</altitudeMode>
          <coordinates> -77.82918100020193,40.78643199920985,0 -77.8291100000568,40.78642999886155,0 -77.8291100000568,40.7864099987764,0 -77.82916000028553,40.78604999893408,0 -77.82919000042274,40.78587999874581,0 -77.82920999961593,40.78570999880255,0 -77.8292499997989,40.78547999938696,0 -77.82931000007335,40.7851899991955,0 -77.8293200001191,40.78506999907422,0 -77.82934000021058,40.78498999909965,0 -77.82936000030206,40.78486999929714,0 -77.82939999958671,40.78463999901302,0 -77.83003999981932,40.784719998729,0 -77.83070000014341,40.78478999908165,0 -77.83102999985627,40.78482999886138,0 -77.83117999964411,40.78484999874218,0 -77.8316499999974,40.78489999909804,0 -77.83227000013849,40.78496999926097,0 -77.83262999998861,40.78500999893227,0 -77.83331999955161,40.78512999916197,0 -77.83348000028349,40.78514999895241,0 -77.83378999990488,40.78516999873693,0 -77.83397999987567,40.7851899991955,0 -77.83440000000026,40.78521999885186,0 -77.83468000038273,40.78524999917484,0 -77.83505000027857,40.78527999880409,0 -77.8351499998377,40.78528999935769,0 -77.83542000017445,40.78530999909995,0 -77.8357900000703,40.7853399993823,0 -77.83621000019485,40.78535999910952,0 -77.83635999998269,40.78536999897087,0 -77.83653999990774,40.78535999910952,0 -77.83659000013645,40.78535999910952,0 -77.83685000042745,40.78534999924667,0 -77.83712999991162,40.78533999938229,0 -77.83724999956222,40.78531999896887,0 -77.837479999716,40.78528999935768,0 -77.83764000044788,40.78527999880409,0 -77.83822000040601,40.78519999908249,0 -77.83846999975295,40.78516999873693,0 -77.83856000016463,40.78515999884542,0 -77.83893000006049,40.7851099993655,0 -77.83962999966923,40.78501999884634,0 -77.84006999988529,40.78495999933936,0 -77.84132000021324,40.78478999908166,0 -77.84139999968089,40.78477999913294,0 -77.84192000026286,40.78470999876976,0 -77.84216999960981,40.78467999888304,0 -77.84233000034169,40.78465999895104,0 -77.84262999991734,40.78461999906893,0 -77.84305000004191,40.78456999918245,0 -77.84312000036211,40.78455999920062,0 -77.84349000025797,40.78450999926893,0 -77.84353999958837,40.7844999992781,0 -77.84365000009153,40.78448999928575,0 -77.84387000019956,40.78445999929964,0 -77.8440199999874,40.78444999930125,0 -77.84419999991245,40.78442999929999,0 -77.84431000041562,40.78446999929653,0 -77.84435999974602,40.78447999929187,0 -77.844399999929,40.7844999992781,0 -77.84440999997473,40.78450999926893,0 -77.84443000006623,40.7845199992583,0 -77.84446000020344,40.78453999923244,0 -77.84449000034067,40.78455999920063,0 -77.84452999962534,40.78458999914156,0 -77.8445499997168,40.78459999911886,0 -77.8445699998083,40.78460999909463,0 -77.84465000017425,40.78462999904173,0 -77.84466000021999,40.78465999895104,0 -77.84468000031147,40.78468999884679,0 -77.84470000040297,40.784719998729,0 -77.84472999964187,40.78474999927784,0 -77.84495999979565,40.78496999926097,0 -77.84505000020732,40.78504999925967,0 -77.84589999960389,40.78581999933565,0 -77.84621000012361,40.78608999931519,0 -77.84624000026082,40.78610999881656,0 -77.84676999999024,40.78660999935703,0 -77.84724000034353,40.7870299992959,0 -77.84731999981116,40.78710999885355,0 -77.84745999955325,40.78724999920784,0 -77.84752999987344,40.78730999936645,0 -77.84761000023938,40.78738999926697,0 -77.84776000002721,40.78752999903097,0 -77.84850999986466,40.78822999886476,0 -77.84864999960675,40.78836999889824,0 -77.84866999969825,40.78837999898652,0 -77.84874000001842,40.78843999880432,0 -77.84885999966903,40.78852999876943,0 -77.84920000032598,40.7888599987315,0 -77.84924999965638,40.78890999878883,0 -77.84948999985589,40.78913999924761,0 -77.84985999975173,40.78948999874246,0 -77.84994000011767,40.78953999900548,0 -77.85045999980136,40.78994999892618,0 -77.85048999993859,40.78996999930545,0 -77.85057000030453,40.79000999936579,0 -77.85082999969721,40.79014999904712,0 -77.85182999977991,40.79062999891981,0 -77.85195000032883,40.79069999916396,0 -77.85308000010789,40.79125999914039,0 -77.8532499999872,40.79133999904295,0 -77.85332000030738,40.79137999895808,0 -77.85419999984119,40.79179999933258,0 -77.85529000033557,40.79234999938406,0 -77.85568000032292,40.7925399989366,0 -77.85636999988591,40.79287999878337,0 -77.85685000028494,40.79311999914716,0 -77.85724000027227,40.79331999924097,0 -77.85759000007664,40.79348999874497,0 -77.85772999981872,40.79355999937438,0 -77.85793999988101,40.79365999917391,0 -77.8580799996231,40.79372999894397,0 -77.858200000172,40.79378999936821,0 -77.85848999970192,40.79393999917151,0 -77.85856000002212,40.79396999895551,0 -77.85874999999291,40.79407999872747,0 -77.85915000002601,40.79430999896016,0 -77.85925999963085,40.79436999886024,0 -77.85960000028778,40.79463999875976,0 -77.8597700001671,40.79476999907538,0 -77.85993000000067,40.79489999913647,0 -77.86043999963863,40.79529999887857,0 -77.86076000020407,40.79505999891445,0 -77.86147999990429,40.79450999886964,0 -77.86152000008725,40.79447999932971,0 -77.8615999995549,40.7944199988489,0 -77.86166999987509,40.79436999886023,0 -77.86232000015343,40.79388999882137,0 -77.86277000041521,40.79355999937438,0 -77.86300999971643,40.79337999935562,0 -77.86340999974949,40.79308999897911,0 -77.86391000024001,40.79270999907762,0 -77.86411000025656,40.79255999921585,0 -77.86440999983222,40.7923399992136,0 -77.86445000001518,40.79230999937321,0 -77.86490000027698,40.79195999910024,0 -77.86497999974461,40.79189999906252,0 -77.86506000011056,40.79189999906252,0 -77.86512000038499,40.79188999882427,0 -77.86520999989837,40.79187999926458,0 -77.86524000003561,40.79187999926458,0 -77.86528000021858,40.79186999902333,0 -77.86548000023512,40.79184999921635,0 -77.86552999956552,40.79187999926458,0 -77.86566000016018,40.79194999887104,0 -77.86571000038887,40.79201999908377,0 -77.86611999956939,40.79224999897163,0 -77.86654999973972,40.79248999889234,0 -77.86683000012218,40.79264999903754,0 -77.86690000044239,40.79268999884363,0 -77.86704000018447,40.79275999895628,0 -77.86740000003456,40.79297999892704,0 -77.86763000018834,40.79312999920015,0 -77.8678300002049,40.79326999910398,0 -77.86793999980975,40.79334999930509,0 -77.86794999985548,40.79335999932345,0 -77.86804000026717,40.79343999873602,0 -77.86809999964332,40.7934999987423,0 -77.86838000002579,40.79377999873452,0 -77.86843000025452,40.79382999916754,0 -77.86866000040828,40.79410999912829,0 -77.86900000016691,40.79450999886964,0 -77.86908999968028,40.79461999910708,0 -77.86924000036643,40.79477999887983,0 -77.8693299998798,40.79486999909262,0 -77.86941000024572,40.79494999940601,0 -77.8695199998506,40.79503999938834,0 -77.86963000035377,40.79512999924867,0 -77.86977000009584,40.79522999940373,0 -77.86989999979218,40.79533999912832,0 -77.87005999962577,40.79543999896708,0 -77.87010999985448,40.79546999875329,0 -77.87022000035765,40.79553999933525,0 -77.87047999975032,40.79568999926506,0 -77.87124999967925,40.79613999906124,0 -77.87159000033618,40.79632999932877,0 -77.87227999989921,40.79672999929569,0 -77.87240000044811,40.79680999872784,0 -77.87263999974931,40.79692999939542,0 -77.87288999999456,40.79704999916603,0 -77.87309000001109,40.7971499991492,0 -77.87349000004419,40.79733999924622,0 -77.87369000006073,40.79743999879256,0 -77.87380999971133,40.79750999933741,0 -77.87386999998579,40.79753999886833,0 -77.8739200002145,40.79756999906568,0 -77.87408000004807,40.79766999894554,0 -77.87419999969866,40.79774999928502,0 -77.87453000030986,40.79802999903396,0 -77.87456999959451,40.79805999900988,0 -77.87476999961106,40.79820999936613,0 -77.87518999973564,40.79854999873743,0 -77.8754700001181,40.79876999924272,0 -77.87554000043832,40.79882999919217,0 -77.87567000013466,40.79892999921407,0 -77.87598999980179,40.79918999911001,0 -77.87618999981832,40.79932999915528,0 -77.87637999978912,40.79946999890525,0 -77.87655999971419,40.79957999908456,0 -77.87672000044606,40.79967999933665,0 -77.87697999983874,40.79981999902846,0 -77.87717999985529,40.79992999930777,0 -77.87733999968887,40.80001999933892,0 -77.87775999981343,40.80023999905237,0 -77.87833999977157,40.80055999900306,0 -77.87888999959249,40.80085999895822,0 -77.87902000018714,40.80091999905861,0 -77.8791099997005,40.80097999910469,0 -77.879129999792,40.80098999933376,0 -77.87914999988348,40.80098999933377,0 -77.87916999997496,40.80098999933377,0 -77.87924000029516,40.80098999933377,0 -77.87928999962556,40.80101999933193,0 -77.87947999959636,40.80111999877464,0 -77.87988999967517,40.80132999874593,0 -77.87994999994964,40.8013699987623,0 -77.88013999992043,40.80146999903769,0 -77.88066999964987,40.80174999873534,0 -77.88092999994088,40.80189999891316,0 -77.88100000026105,40.80192999918005,0 -77.88112999995739,40.80200999914547,0 -77.88125999965374,40.80207999895114,0 -77.88142000038563,40.80216999878704,0 -77.88173000000702,40.8023199993757,0 -77.88203999962842,40.80248999895304,0 -77.88210999994861,40.80251999895325,0 -77.88221999955347,40.80258999890103,0 -77.88261000043914,40.80278999902499,0 -77.882720000044,40.80285999936797,0 -77.88285999978608,40.80292999895718,0 -77.88300999957389,40.80300999907725,0 -77.88301999961965,40.80300999907724,0 -77.8831500002143,40.80307999918818,0 -77.88337000032233,40.80319999940095,0 -77.88341999965272,40.80321999918866,0 -77.88359999957777,40.80330999883873,0 -77.88372000012669,40.80336999876427,0 -77.88418999958166,40.8036299989483,0 -77.88464999988921,40.80386999920788,0 -77.88476000039236,40.80392999930721,0 -77.88498999964784,40.80404999934304,0 -77.88528000007604,40.80420999882669,0 -77.88582999989696,40.80449999890508,0 -77.88632000034174,40.80476999908166,0 -77.88647000012955,40.80484999902374,0 -77.88664000000887,40.80493999918332,0 -77.88696999972174,40.80511999913634,0 -77.88713999960106,40.80520999892978,0 -77.88760999995435,40.8054599991511,0 -77.88773999965068,40.80552999939787,0 -77.88794999971297,40.80563999905366,0 -77.88814999972951,40.80574999920711,0 -77.88861000003705,40.80598999927987,0 -77.88876999987062,40.80607999925342,0 -77.88892999970419,40.80616999910485,0 -77.88944000024046,40.80642999919894,0 -77.88957999998253,40.80650999917989,0 -77.88981000013629,40.80661999925114,0 -77.89003000024431,40.80672999914012,0 -77.89027999959126,40.80683999884672,0 -77.890549999928,40.80694999905101,0 -77.89060000015672,40.80697999907502,0 -77.89062000024819,40.80697999907502,0 -77.89074999994453,40.80702999908499,0 -77.89088999968664,40.80708999904724,0 -77.89113999993188,40.80717999888883,0 -77.89133999994841,40.80724999936116,0 -77.89189999981508,40.80741999922962,0 -77.89223999957369,40.80749999937698,0 -77.89264999965253,40.80759999925558,0 -77.89267999978975,40.80759999925558,0 -77.89282000043016,40.80762999898576,0 -77.89298000026372,40.80765999938237,0 -77.89325999974788,40.80770999887999,0 -77.89328999988513,40.80770999887999,0 -77.89349999994742,40.80772999934842,0 -77.8938099995688,40.8077799987933,0 -77.89526999995904,40.80794999934376,0</coordinates>
        </LineString>
      </MultiGeometry>
    </Placemark>
    <Placemark id="ID_00034">
      <name>WE</name>
      <snippet></snippet>
      <description><![CDATA[<html xmlns:fo="http://www.w3.org/1999/XSL/Format" xmlns:msxsl="urn:schemas-microsoft-com:xslt">
<head>
<META http-equiv="Content-Type" content="text/html">
<meta http-equiv="content-type" content="text/html; charset=UTF-8">
</head>
<body style="margin:0px 0px 0px 0px;overflow:auto;background:#FFFFFF;">
<table style="font-family:Arial,Verdana,Times;font-size:12px;text-align:left;width:100%;border-collapse:collapse;padding:3px 3px 3px 3px">
<tr style="text-align:center;font-weight:bold;background:#9CBCE2">
<td>WE</td>
</tr>
<tr>
<td>
<table style="font-family:Arial,Verdana,Times;font-size:12px;text-align:left;width:100%;border-spacing:0px; padding:3px 3px 3px 3px">
<tr>
<td>shape_id</td>
<td>92</td>
</tr>
<tr bgcolor="#D4E4F3">
<td>route_id</td>
<td>47</td>
</tr>
<tr>
<td>agency_id</td>
<td>CATA</td>
</tr>
<tr bgcolor="#D4E4F3">
<td>route_short_name</td>
<td>WE</td>
</tr>
<tr>
<td>route_long_name</td>
<td>WE Havershire Express</td>
</tr>
<tr bgcolor="#D4E4F3">
<td>route_desc</td>
<td>&lt;Null&gt;</td>
</tr>
<tr>
<td>route_type</td>
<td>3</td>
</tr>
<tr bgcolor="#D4E4F3">
<td>route_url</td>
<td>&lt;Null&gt;</td>
</tr>
<tr>
<td>route_sort_order</td>
<td>&lt;Null&gt;</td>
</tr>
<tr bgcolor="#D4E4F3">
<td>continuous_pickup</td>
<td>&lt;Null&gt;</td>
</tr>
<tr>
<td>continuous_drop_off</td>
<td>&lt;Null&gt;</td>
</tr>
<tr bgcolor="#D4E4F3">
<td>route_type_text</td>
<td>Bus</td>
</tr>
<tr>
<td>ColorCode</td>
<td>7030A0</td>
</tr>
<tr bgcolor="#D4E4F3">
<td>Shape__Length</td>
<td>5216.946384</td>
</tr>
<tr>
<td>GlobalID</td>
<td>{E1CDB7DE-D2A1-488F-A6C7-2D12362D7F63}</td>
</tr>
</table>
</td>
</tr>
</table>
</body><script type="text/javascript">
				function changeImage(attElement, nameElement) {
				document.getElementById('imageAttachment').src = attElement;
				document.getElementById('imageName').innerHTML = nameElement;}
			</script></html>
]]></description>
      <styleUrl>#LineStyle00</styleUrl>
      <MultiGeometry>
        <LineString>
          <extrude>0</extrude>
          <tessellate>1</tessellate><altitudeMode>clampToGround</altitudeMode>
          <coordinates> -77.86677999989347,40.79787999895105,0 -77.86717999992655,40.79756999906568,0 -77.86749000044627,40.79733999924622,0 -77.8677599998847,40.79713999902165,0 -77.86803000022142,40.79694999903221,0 -77.86808999959757,40.79689999890886,0 -77.86814999987203,40.796859998919,0 -77.86820000010074,40.7968199989051,0 -77.86823000023797,40.79678999904887,0 -77.86827000042095,40.79674999899274,0 -77.86831999975135,40.79668999920346,0 -77.86833999984282,40.79666999880826,0 -77.86835999993433,40.79664999908707,0 -77.86839000007154,40.79660999894664,0 -77.86839000007154,40.79659999873773,0 -77.86841000016302,40.79654999903077,0 -77.86844000030027,40.79647999883375,0 -77.86860000013384,40.79650999883008,0 -77.86867999960145,40.79651999905252,0 -77.86873999987591,40.79653999881284,0 -77.86884000033335,40.79654999903076,0 -77.86888999966372,40.79655999924718,0 -77.86895999998394,40.79655999924719,0 -77.8690200002584,40.79655999924719,0 -77.86909999972602,40.79655999924719,0 -77.86916000000049,40.79653999881284,0 -77.86922000027494,40.79652999927346,0 -77.86927999965107,40.79651999905252,0 -77.86933999992554,40.7964999992862,0 -77.86940000019999,40.79647999883375,0 -77.86946999962187,40.79644999882383,0 -77.86952999989633,40.7964199988004,0 -77.86960000021654,40.7963699989579,0 -77.86965000044525,40.79632999932877,0 -77.86981000027882,40.79619999934766,0 -77.86992999992943,40.79611999918041,0 -77.87018000017467,40.79592999899189,0 -77.87041000032845,40.79574999927814,0 -77.87047999975032,40.79568999926506,0 -77.87055000007052,40.79562999919779,0 -77.87094000005787,40.79584999917935,0 -77.87131999999946,40.79606999911191,0 -77.87143999965006,40.79613999906123,0 -77.87159000033618,40.79622999879044,0 -77.87164999971235,40.79625999889974,0 -77.871780000307,40.79633999889827,0 -77.87235000021938,40.79665999928842,0 -77.87246999986999,40.79673999880493,0 -77.87270000002376,40.796859998919,0 -77.87315000028556,40.79707999890478,0 -77.87355000031863,40.79727999931015,0 -77.87366999996924,40.79733999924623,0 -77.87377000042666,40.79738999903825,0 -77.87386999998579,40.79743999879256,0 -77.87391000016875,40.79745999895577,0 -77.87398999963638,40.79750999933741,0 -77.8740900000938,40.79757999912845,0 -77.87427000001885,40.79768999903946,0 -77.87492000029719,40.7982199993325,0 -77.87529000019305,40.79851999898298,0 -77.87546000007237,40.79863999927958,0 -77.87561999990594,40.79876999924272,0 -77.87565000004315,40.79879999888419,0 -77.87574999960228,40.79886999935501,0 -77.87607000016773,40.79912999880597,0 -77.87626000013854,40.79926999897775,0 -77.87645000010933,40.79940999885426,0 -77.87661999998865,40.79951999913299,0 -77.8767799998222,40.79960999903998,0 -77.87697999983874,40.79972999940622,0 -77.87723000008401,40.79985999927478,0 -77.87728000031271,40.79988999910368,0 -77.87763000011711,40.80007999883849,0 -77.87781000004215,40.80017999901733,0 -77.87859000001681,40.80058999919554,0 -77.87908999960902,40.80085999895822,0 -77.8791800000207,40.80090999881895,0 -77.87919000006644,40.8009199990586,0 -77.87921000015794,40.80093999885327,0 -77.87921000015794,40.8009499990884,0 -77.87924000029516,40.80098999933377,0 -77.87928999962556,40.80101999933193,0 -77.87947999959636,40.80111999877464,0 -77.87994999994964,40.8013699987623,0 -77.88013999992043,40.80146999903769,0 -77.88066999964987,40.80174999873534,0 -77.88092999994088,40.80189999891316,0 -77.88100000026105,40.80192999918005,0 -77.88112999995739,40.80200999914547,0 -77.88125999965374,40.80207999895114,0 -77.88142000038563,40.80216999878704,0 -77.88173000000702,40.8023199993757,0 -77.88203999962842,40.80248999895304,0 -77.88210999994861,40.80251999895325,0 -77.88221999955347,40.80258999890103,0 -77.88261000043914,40.80278999902499,0 -77.882720000044,40.80285999936797,0 -77.88285999978608,40.80292999895718,0 -77.88300999957389,40.80300999907725,0 -77.88301999961965,40.80300999907724,0 -77.8831500002143,40.80307999918818,0 -77.88337000032233,40.80319999940095,0 -77.88341999965272,40.80321999918866,0 -77.88359999957777,40.80330999883873,0 -77.88418999958166,40.8036299989483,0 -77.88425999990186,40.80355999873743,0 -77.88457000042158,40.80321999918866,0 -77.88477000043812,40.8029999991525,0 -77.88489000008872,40.80286999931381,0 -77.88501999978504,40.80271999928814,0 -77.88507000001377,40.80266999875093,0 -77.88522999984733,40.80248999895304,0 -77.88528000007604,40.80243999892255,0 -77.88534000035051,40.80237999883625,0 -77.88535000039624,40.80230999934699,0 -77.88537999963516,40.80224999914321,0 -77.88540999977238,40.80217999883683,0 -77.88541999981814,40.80214999936292,0 -77.88550000018408,40.80199999907008,0 -77.88554000036706,40.80185999921625,0 -77.88556999960596,40.80174999873534,0 -77.88559999974319,40.8015999988985,0 -77.88566000001764,40.80127999920163,0 -77.88574000038359,40.80064999885997,0 -77.8857699996225,40.8004699990241,0 -77.88579999975974,40.80029999903309,0 -77.88579999975974,40.80027999904553,0 -77.88581999985121,40.80019999903503,0 -77.88584999998845,40.80009999888632,0 -77.88589000017141,40.79996999880777,0 -77.88592000030864,40.79990999920871,0 -77.88599999977626,40.79969999882497,0 -77.88603999995924,40.79962999922942,0 -77.88620999983856,40.79934999874906,0 -77.88634999958063,40.79915999896473,0 -77.88649000022104,40.79897999916854,0 -77.88666000010035,40.79877999912472,0 -77.88674999961373,40.79865999908125,0 -77.88676999970521,40.79863999927957,0 -77.88700999990472,40.79833999881136,0 -77.88719999987551,40.79808999897224,0 -77.88736999975482,40.79786999893349,0 -77.88756999977137,40.79759999924946,0 -77.8877199995592,40.79734999934364,0 -77.88785000015386,40.79714999914918,0 -77.88793999966724,40.79700999926657,0 -77.88825000018694,40.79652999927346,0 -77.88830999956308,40.79644999882383,0 -77.88833999970031,40.7964199988004,0 -77.88838999992902,40.79633999889828,0 -77.88861000003705,40.79604999921002,0 -77.88898999997865,40.79561999884127,0 -77.8893599998745,40.79524999887264,0 -77.88993999983263,40.79466999890748,0 -77.89002000019858,40.79459999876835,0 -77.89007999957474,40.79452999923553,0 -77.89027000044382,40.79434999912629,0 -77.89061000020246,40.79399999940598,0 -77.89075999999029,40.79383999911363,0 -77.89090999977812,40.7936599991739,0 -77.89102000028129,40.7934999987423,0 -77.89124000038932,40.79318999880647,0 -77.89125000043505,40.79317999876247,0 -77.89138000013139,40.79293999929571,0 -77.89150999982773,40.79269999896139,0 -77.89159000019369,40.79250999918659,0 -77.89160000023942,40.79248999889234,0 -77.89167999970705,40.79228999901869,0 -77.89171999989003,40.79215999928781,0 -77.89175000002724,40.79205999926933,0 -77.89182000034744,40.79180999890426,0 -77.89184999958637,40.7916299989019,0 -77.89186999967784,40.79153999905777,0 -77.89189999981508,40.79132999940045,0 -77.89190999986081,40.79114999877693,0 -77.89190999986081,40.79086999925525,0 -77.89189999981508,40.79057999879742,0 -77.89186999967784,40.79036999882438,0 -77.8918300003932,40.79013999922539,0 -77.89179000021022,40.78993999907438,0 -77.89172999993576,40.78973999900106,0 -77.89170999984428,40.78966999910514,0 -77.89167999970705,40.78958999923088,0 -77.89164000042238,40.78948999874246,0 -77.8918100003017,40.78945999897461,0 -77.8920499996029,40.78941999926313,0 -77.8922599996652,40.78940999933145,0 -77.89227999975667,40.78940999933145,0 -77.89243000044283,40.78941999926314,0 -77.89255000009341,40.789449999049,0 -77.89264999965253,40.78947999882131,0 -77.89283999962332,40.78953999900548,0 -77.89302000044668,40.7895699987372,0 -77.89310999996006,40.78957999932487,0 -77.89312000000581,40.78957999932487,0 -77.89327999983938,40.78957999932487,0 -77.89335000015957,40.78956999873721,0 -77.89343999967294,40.78955999882812,0 -77.89355000017612,40.7895399990055,0 -77.8935700002676,40.78952999909194,0 -77.89365999978097,40.78949999934216,0 -77.89377000028415,40.789449999049,0 -77.89378000032988,40.78943999912191,0 -77.89409999999704,40.7892699987701,0 -77.89448999998437,40.78905999873479,0 -77.8945900004418,40.78899999879705,0 -77.8947600003211,40.78890999878884,0 -77.89491000010894,40.78883999937818,0 -77.89488900019255,40.78878899878951,0</coordinates>
        </LineString>
      </MultiGeometry>
    </Placemark>
    <Placemark id="ID_00035">
      <name>WL</name>
      <snippet></snippet>
      <description><![CDATA[<html xmlns:fo="http://www.w3.org/1999/XSL/Format" xmlns:msxsl="urn:schemas-microsoft-com:xslt">
<head>
<META http-equiv="Content-Type" content="text/html">
<meta http-equiv="content-type" content="text/html; charset=UTF-8">
</head>
<body style="margin:0px 0px 0px 0px;overflow:auto;background:#FFFFFF;">
<table style="font-family:Arial,Verdana,Times;font-size:12px;text-align:left;width:100%;border-collapse:collapse;padding:3px 3px 3px 3px">
<tr style="text-align:center;font-weight:bold;background:#9CBCE2">
<td>WL</td>
</tr>
<tr>
<td>
<table style="font-family:Arial,Verdana,Times;font-size:12px;text-align:left;width:100%;border-spacing:0px; padding:3px 3px 3px 3px">
<tr>
<td>shape_id</td>
<td>93</td>
</tr>
<tr bgcolor="#D4E4F3">
<td>route_id</td>
<td>57</td>
</tr>
<tr>
<td>agency_id</td>
<td>CATA</td>
</tr>
<tr bgcolor="#D4E4F3">
<td>route_short_name</td>
<td>WL</td>
</tr>
<tr>
<td>route_long_name</td>
<td>WL - White Loop</td>
</tr>
<tr bgcolor="#D4E4F3">
<td>route_desc</td>
<td>&lt;Null&gt;</td>
</tr>
<tr>
<td>route_type</td>
<td>3</td>
</tr>
<tr bgcolor="#D4E4F3">
<td>route_url</td>
<td>&lt;Null&gt;</td>
</tr>
<tr>
<td>route_sort_order</td>
<td>&lt;Null&gt;</td>
</tr>
<tr bgcolor="#D4E4F3">
<td>continuous_pickup</td>
<td>&lt;Null&gt;</td>
</tr>
<tr>
<td>continuous_drop_off</td>
<td>&lt;Null&gt;</td>
</tr>
<tr bgcolor="#D4E4F3">
<td>route_type_text</td>
<td>Bus</td>
</tr>
<tr>
<td>ColorCode</td>
<td>000000</td>
</tr>
<tr bgcolor="#D4E4F3">
<td>Shape__Length</td>
<td>6787.877184</td>
</tr>
<tr>
<td>GlobalID</td>
<td>{31DFC748-7E2D-458D-B060-B7524BFA7335}</td>
</tr>
</table>
</td>
</tr>
</table>
</body><script type="text/javascript">
				function changeImage(attElement, nameElement) {
				document.getElementById('imageAttachment').src = attElement;
				document.getElementById('imageName').innerHTML = nameElement;}
			</script></html>
]]></description>
      <styleUrl>#LineStyle00</styleUrl>
      <MultiGeometry>
        <LineString>
          <extrude>0</extrude>
          <tessellate>1</tessellate><altitudeMode>clampToGround</altitudeMode>
          <coordinates> -77.85892999991796,40.80695999906049,0 -77.85917000011749,40.80670999905025,0 -77.85923000039195,40.80664999874443,0 -77.85957000015057,40.80629999927923,0 -77.85970999989266,40.8061599989763,0 -77.85984999963475,40.80600999890682,0 -77.85991999995494,40.8059399991663,0 -77.86022999957633,40.80561999931525,0 -77.86067999983811,40.80515999890851,0 -77.86074000011259,40.80509999924124,0 -77.86076000020407,40.80512999874167,0</coordinates>
        </LineString>
        <LineString>
          <extrude>0</extrude>
          <tessellate>1</tessellate><altitudeMode>clampToGround</altitudeMode>
          <coordinates> -77.85152000015852,40.80122999893963,0 -77.85147999997555,40.80125999882933,0 -77.85146999992982,40.80124999932093,0 -77.85134000023346,40.80117999931996,0 -77.85124999982179,40.80114999939405,0 -77.85113000017118,40.80112999898264,0 -77.85099999957653,40.80112999898263,0 -77.85088999997168,40.80113999918913,0 -77.85074000018383,40.80117999931995,0 -77.8504199996184,40.80128999938552,0 -77.85020000040866,40.80135999927049,0 -77.85028999992205,40.80150999896966,0 -77.8505400001673,40.80194999935048,0 -77.85066999986364,40.80218999888514,0 -77.85081999965148,40.8024599989393,0 -77.85087999992592,40.80255999893249,0 -77.85091000006315,40.80259999888757,0 -77.85104999980524,40.80283999879184,0 -77.85117000035414,40.80302999892217,0 -77.85119000044565,40.80306999927398,0 -77.85138000041644,40.80337999931328,0 -77.85151000011278,40.80359999876976,0 -77.85189000005438,40.80423999872944,0 -77.85198999961348,40.80440999882879,0 -77.85208000002517,40.80455999911479,0 -77.85214000029964,40.8046499989877,0 -77.85217999958429,40.80470999906181,0 -77.85220999972151,40.80475999874212,0 -77.85229000008745,40.80487999931718,0 -77.85253000028698,40.80517999878553,0 -77.85263999989182,40.80530999885934,0 -77.85267000002906,40.80534999919693,0 -77.85298999969621,40.80565999878607,0 -77.85333000035314,40.80594999932805,0 -77.85339999977502,40.80599999875412,0 -77.85351000027819,40.80607999925342,0 -77.85357999970007,40.8061299992615,0 -77.8536099998373,40.8061499988462,0 -77.85386000008256,40.80631999881273,0 -77.85422999997843,40.80653999940286,0 -77.8546300000115,40.80674999922395,0 -77.85478999984507,40.80681999879,0 -77.85492000043972,40.80686999892051,0 -77.85551999959102,40.80714999895519,0 -77.85589000038519,40.80730999912451,0 -77.85596999985283,40.80734999893657,0 -77.85609000040174,40.8074099992894,0 -77.85671999969027,40.80770999887999,0 -77.85695999988978,40.80782999888041,0 -77.85723000022654,40.80794999934376,0 -77.85772999981872,40.80818999893958,0 -77.85824000035497,40.80765999938237,0 -77.85828999968537,40.80761999907724,0 -77.85843000032578,40.8074799988392,0 -77.85848999970192,40.80741999922962,0 -77.85873999994718,40.80715999893459,0 -77.85892999991796,40.80695999906049,0 -77.85900000023817,40.80699999908351,0</coordinates>
        </LineString>
        <LineString>
          <extrude>0</extrude>
          <tessellate>1</tessellate><altitudeMode>clampToGround</altitudeMode>
          <coordinates> -77.86074000011259,40.80509999924124,0 -77.86086999980893,40.80494999881576,0 -77.86105999977973,40.80474999908103,0 -77.86111000000842,40.8046999993932,0 -77.86146999985856,40.80430999890308,0 -77.86148999995004,40.80428999876384,0 -77.86203999977094,40.8037099989046,0 -77.86234000024491,40.80338999918077,0 -77.8624099996668,40.80331999939672,0 -77.86249000003275,40.8032399989703,0 -77.86268000000354,40.80303999884241,0 -77.86279999965414,40.80290999908207,0 -77.86311000017385,40.80257999891301,0 -77.86317999959573,40.80250999895473,0 -77.86368000008626,40.80198999899314,0 -77.86375000040644,40.80191999909263,0 -77.86399999975339,40.80164999888175,0 -77.86406000002783,40.8015899987613,0 -77.86411000025656,40.80153999873285,0 -77.86453000038111,40.80110999924515,0 -77.86454999957429,40.80108999882162,0 -77.86472000035192,40.80090999881895,0 -77.86476999968232,40.80093999885327,0</coordinates>
        </LineString>
        <LineString>
          <extrude>0</extrude>
          <tessellate>1</tessellate><altitudeMode>clampToGround</altitudeMode>
          <coordinates> -77.85301999983341,40.79888999908738,0 -77.85300999978767,40.79889999895131,0 -77.85259999970884,40.79919999892875,0 -77.85249000010401,40.79929999907328,0 -77.85248000005826,40.79937999880846,0 -77.8524700000125,40.79941999931987,0 -77.85248000005826,40.79944999934762,0 -77.85250000014975,40.79950999936246,0 -77.85276000044074,40.79970999924691,0 -77.85315999957551,40.80001999933891,0 -77.85334000039889,40.80014999931949,0 -77.85353000036967,40.80028999938008,0 -77.85354999956284,40.80031999901464,0 -77.85355999960859,40.80033999899015,0 -77.85355999960859,40.80036999928209,0 -77.85356999965434,40.80038999924255,0 -77.85355999960859,40.80039999888051,0 -77.85355999960859,40.80041999883191,0 -77.85354999956284,40.80044999908776,0 -77.85353000036967,40.8004699990241,0 -77.85350000023246,40.80049999925728,0 -77.85334000039889,40.80062999897785,0 -77.85303999992492,40.80085999895822,0 -77.85262999984609,40.80115999891751,0 -77.85219999967578,40.80147999919297,0 -77.85201999975072,40.80149999881896,0 -77.85193000023735,40.80149999881896,0 -77.85186999996289,40.80149999881897,0 -77.85183999982567,40.80148999934672,0 -77.85176000035803,40.80146999903769,0 -77.85166999994635,40.80140999875454,0 -77.85156000034149,40.80131999924809,0 -77.85151000011278,40.80127999920162,0 -77.85147999997555,40.80125999882933,0</coordinates>
        </LineString>
        <LineString>
          <extrude>0</extrude>
          <tessellate>1</tessellate><altitudeMode>clampToGround</altitudeMode>
          <coordinates> -77.86472000035192,40.80090999881895,0 -77.86488000018551,40.80074999886011,0 -77.86489000023124,40.80073999927487,0 -77.86494999960738,40.80066999873605,0 -77.86547000018936,40.80012999928678,0 -77.86553999961126,40.80000999896367,0 -77.86556999974849,40.79995999910503,0 -77.8655999998857,40.79986999899257,0 -77.86560999993146,40.79982999875228,0 -77.86564000006868,40.79967999933665,0 -77.86564000006868,40.79961999879544,0 -77.86565000011444,40.79947999936184,0 -77.86566000016018,40.79932999915528,0 -77.86567000020591,40.79924999935987,0 -77.86570000034314,40.79907999896449,0 -77.86573999962781,40.79890999881373,0 -77.86573999962781,40.79888999908738,0 -77.86575999971927,40.79880999876167,0 -77.86579999990225,40.79871999913006,0 -77.86585000013096,40.79863999927958,0 -77.86590000035967,40.79856999924625,0 -77.86598999987304,40.79847999928926,0 -77.86604000010178,40.79841999902345,0 -77.86606000019324,40.79840999908722,0 -77.86611999956939,40.79835999938346,0 -77.8663799998604,40.79817999877802,0 -77.8664300000891,40.79813999887936,0 -77.86651999960247,40.79806999899886,0 -77.86657999987693,40.79802999903398,0 -77.86717999992655,40.79756999906568,0 -77.86749000044627,40.79733999924622,0 -77.86751999968519,40.79738999903826,0</coordinates>
        </LineString>
        <LineString>
          <extrude>0</extrude>
          <tessellate>1</tessellate><altitudeMode>clampToGround</altitudeMode>
          <coordinates> -77.85645000025185,40.79632999932877,0 -77.85634999979442,40.79639999900393,0 -77.85584000015648,40.79678999904887,0 -77.85515999974091,40.79728999873654,0 -77.85486000016526,40.7975099993374,0 -77.85477999979932,40.79757999912845,0 -77.85418999979545,40.7980099990425,0 -77.85385000003681,40.79826999914174,0 -77.85368000015751,40.79838999921024,0 -77.85335000044462,40.79864999918117,0 -77.85317999966699,40.79876999924272,0 -77.85301999983341,40.79888999908738,0 -77.85296999960471,40.79885999880652,0</coordinates>
        </LineString>
        <LineString>
          <extrude>0</extrude>
          <tessellate>1</tessellate><altitudeMode>clampToGround</altitudeMode>
          <coordinates> -77.86825000032945,40.79598999878803,0 -77.86828999961411,40.79601999900582,0 -77.86833999984282,40.79606999911191,0 -77.86834999988858,40.79606999911191,0 -77.86835999993433,40.79607999940066,0 -77.86838000002579,40.79611999918041,0 -77.86841000016302,40.79615999893603,0 -77.86843000025452,40.79622999879045,0 -77.86843000025452,40.79623999905507,0 -77.868450000346,40.79633999889827,0 -77.868450000346,40.79637999920143,0 -77.86844000030027,40.79647999883375,0 -77.86841000016302,40.79654999903077,0 -77.86839000007154,40.79659999873773,0 -77.86839000007154,40.79660999894664,0 -77.86835999993433,40.79664999908707,0 -77.86833999984282,40.79666999880826,0 -77.86831999975135,40.79668999920346,0 -77.86827000042095,40.79674999899274,0 -77.86823000023797,40.79678999904887,0 -77.86820000010074,40.7968199989051,0 -77.86814999987203,40.796859998919,0 -77.86808999959757,40.79689999890886,0 -77.86803000022142,40.79694999903221,0 -77.8677599998847,40.79713999902165,0 -77.86749000044627,40.79733999924622,0</coordinates>
        </LineString>
        <LineString>
          <extrude>0</extrude>
          <tessellate>1</tessellate><altitudeMode>clampToGround</altitudeMode>
          <coordinates> -77.8599600001379,40.79369999905155,0 -77.85974000002987,40.79387999888284,0 -77.85915000002601,40.79430999896016,0 -77.85881000026737,40.79455999875287,0 -77.85851999983915,40.79477999887983,0 -77.85791999978952,40.7952399991389,0 -77.85735999992288,40.79563999887278,0 -77.85645000025185,40.79632999932877,0 -77.85639400017536,40.7962879989442,0</coordinates>
        </LineString>
        <LineString>
          <extrude>0</extrude>
          <tessellate>1</tessellate><altitudeMode>clampToGround</altitudeMode>
          <coordinates> -77.86829999965985,40.79595999923679,0 -77.86825000032945,40.79598999878803,0 -77.86802000017569,40.79579999890755,0 -77.86788999958104,40.79568999926507,0 -77.86757999995964,40.79544999935072,0 -77.86748000040052,40.79536999895976,0 -77.86738999998883,40.79530999928329,0 -77.86708000036744,40.79505999891445,0 -77.86692999968129,40.79493999894707,0 -77.86689000039665,40.79490999892136,0 -77.86670000042585,40.7947599992694,0 -77.8666200000599,40.7946999990417,0 -77.86602000001027,40.7942299992357,0 -77.8654300000064,40.79376999877946,0 -77.86538999982342,40.79373999890508,0 -77.86534999964047,40.79371999898136,0 -77.86530000031004,40.79367999911577,0 -77.86495999965311,40.79343999873603,0 -77.86494999960738,40.79343999873603,0 -77.86431000027309,40.79299999907367,0 -77.86428000013588,40.79297999892704,0 -77.86391000024001,40.79270999907762,0 -77.86342999984099,40.79233999921359,0 -77.86320999973296,40.79216999880533,0</coordinates>
        </LineString>
        <LineString>
          <extrude>0</extrude>
          <tessellate>1</tessellate><altitudeMode>clampToGround</altitudeMode>
          <coordinates> -77.86324800026611,40.79213599921552,0 -77.86320999973296,40.79216999880533,0 -77.86302999980791,40.79202999930244,0 -77.86282999979136,40.79186999902332,0 -77.8627899996084,40.79183999897059,0 -77.86261999972909,40.79170999903879,0 -77.86244999984977,40.79183999897059,0 -77.86203999977094,40.79214999908872,0 -77.86194000021183,40.79222999927917,0 -77.86181999966291,40.79230999937321,0 -77.86161999964636,40.79245999911973,0 -77.86147999990429,40.79256999935318,0 -77.8612899999335,40.79270999907762,0 -77.86100999955102,40.79289999896019,0 -77.86088999990041,40.79297999892704,0 -77.86084999971743,40.79300999914481,0 -77.86080000038703,40.79304999873395,0 -77.86069999992962,40.79312999920015,0 -77.86031999998801,40.79342999872972,0 -77.8599600001379,40.79369999905155,0 -77.859911999559,40.79366199930438,0</coordinates>
        </LineString>
      </MultiGeometry>
    </Placemark>
    <Placemark id="ID_00036">
      <name>CC</name>
      <snippet></snippet>
      <description><![CDATA[<html xmlns:fo="http://www.w3.org/1999/XSL/Format" xmlns:msxsl="urn:schemas-microsoft-com:xslt">
<head>
<META http-equiv="Content-Type" content="text/html">
<meta http-equiv="content-type" content="text/html; charset=UTF-8">
</head>
<body style="margin:0px 0px 0px 0px;overflow:auto;background:#FFFFFF;">
<table style="font-family:Arial,Verdana,Times;font-size:12px;text-align:left;width:100%;border-collapse:collapse;padding:3px 3px 3px 3px">
<tr style="text-align:center;font-weight:bold;background:#9CBCE2">
<td>CC</td>
</tr>
<tr>
<td>
<table style="font-family:Arial,Verdana,Times;font-size:12px;text-align:left;width:100%;border-spacing:0px; padding:3px 3px 3px 3px">
<tr>
<td>shape_id</td>
<td>15</td>
</tr>
<tr bgcolor="#D4E4F3">
<td>route_id</td>
<td>70</td>
</tr>
<tr>
<td>agency_id</td>
<td>CATA</td>
</tr>
<tr bgcolor="#D4E4F3">
<td>route_short_name</td>
<td>CC</td>
</tr>
<tr>
<td>route_long_name</td>
<td>College Avenue Connector</td>
</tr>
<tr bgcolor="#D4E4F3">
<td>route_desc</td>
<td>&lt;Null&gt;</td>
</tr>
<tr>
<td>route_type</td>
<td>3</td>
</tr>
<tr bgcolor="#D4E4F3">
<td>route_url</td>
<td>&lt;Null&gt;</td>
</tr>
<tr>
<td>route_sort_order</td>
<td>&lt;Null&gt;</td>
</tr>
<tr bgcolor="#D4E4F3">
<td>continuous_pickup</td>
<td>&lt;Null&gt;</td>
</tr>
<tr>
<td>continuous_drop_off</td>
<td>&lt;Null&gt;</td>
</tr>
<tr bgcolor="#D4E4F3">
<td>route_type_text</td>
<td>Bus</td>
</tr>
<tr>
<td>ColorCode</td>
<td>000099</td>
</tr>
<tr bgcolor="#D4E4F3">
<td>Shape__Length</td>
<td>25325.814055</td>
</tr>
<tr>
<td>GlobalID</td>
<td>{50BD56BD-8586-4AB7-98D5-D623C1024D73}</td>
</tr>
</table>
</td>
</tr>
</table>
</body><script type="text/javascript">
				function changeImage(attElement, nameElement) {
				document.getElementById('imageAttachment').src = attElement;
				document.getElementById('imageName').innerHTML = nameElement;}
			</script></html>
]]></description>
      <styleUrl>#LineStyle00</styleUrl>
      <MultiGeometry>
        <LineString>
          <extrude>0</extrude>
          <tessellate>1</tessellate><altitudeMode>clampToGround</altitudeMode>
          <coordinates> -77.80075999973333,40.83370999894391,0 -77.80108000029877,40.83353999915411,0 -77.80113999967492,40.8335099989061,0 -77.80114999972066,40.8334999988204,0 -77.80117999985789,40.83349999882041,0 -77.80118999990363,40.83349999882041,0 -77.80122000004084,40.83349999882041,0 -77.80125000017809,40.8335099989061,0 -77.80127000026957,40.83351999899028,0 -77.80129000036106,40.83352999907296,0 -77.80132999964572,40.83355999931195,0 -77.80146000024037,40.83369999888839,0 -77.80157999989098,40.83382999881295,0 -77.80159999998246,40.83385999891622,0 -77.80164000016542,40.83388999900586,0 -77.8016800003484,40.83393999912513,0 -77.80169000039413,40.83399999921852,0 -77.8016800003484,40.83404999925484,0 -77.80166000025692,40.83408999925675,0 -77.80161000002821,40.83417999917274,0 -77.80156999984523,40.83421999909622,0 -77.8014900003776,40.83431999879932,0 -77.8014900003776,40.83432999876132,0 -77.80133999969145,40.83445999880994,0 -77.80128000031532,40.83451999911235,0 -77.80122000004084,40.83456999875651,0 -77.80119999994938,40.83458999928325,0 -77.80112999962917,40.83465999938024,0 -77.80097999984136,40.83479999935256,0 -77.8009699997956,40.83480999924215,0 -77.80090000037372,40.83486999922783,0 -77.80079999991631,40.83495999876468,0 -77.80067000021995,40.83506999924094,0 -77.8005399996253,40.83518999936701,0 -77.80045000011191,40.83526999933036,0 -77.8003499996545,40.83531999908856,0 -77.8001599996837,40.83514999934911,0 -77.80008000021607,40.83508999893724,0 -77.79997999975863,40.83503999900558,0 -77.79991000033677,40.8350099987566,0 -77.79986000010805,40.83499999889717,0 -77.79978999978785,40.83498999903624,0 -77.79970000027447,40.83498999903624,0 -77.79961999990853,40.83498999903623,0 -77.79949000021219,40.83499999889717,0 -77.79945000002921,40.8350099987566,0 -77.79926000005842,40.83503999900558,0 -77.79904999999613,40.83507999908981,0 -77.79902999990465,40.83508999893724,0 -77.79855999955136,40.83515999918596,0 -77.79786999998836,40.83527999914908,0 -77.79717000037964,40.83538999909442,0 -77.79704999983073,40.83525999883048,0 -77.79691000008864,40.83510999930711,0 -77.79687999995141,40.83506999924094,0 -77.79662999970616,40.83482999901683,0 -77.79647999991833,40.83468999910792,0 -77.79639999955239,40.83459999920453,0 -77.79626999985605,40.83447999936987,0 -77.79615000020544,40.83435999931801,0 -77.79600999956506,40.83420999911763,0 -77.79638000035921,40.8339899992067,0 -77.79672000011783,40.83378999933387,0 -77.79710000005944,40.8335699993886,0 -77.79860999978008,40.83267999889475,0 -77.79890000020831,40.83250999918267,0 -77.79936999966328,40.83223999906388,0 -77.79999999985013,40.83186999935582,0 -77.80087000023649,40.83134999906837,0 -77.80158999993671,40.83091999904409,0 -77.80206000028998,40.83064999924758,0 -77.80266000033961,40.83028999939459,0 -77.80327000043498,40.82992999894645,0 -77.8036100001936,40.82971999908528,0 -77.80424000038046,40.82933999887575,0 -77.80433999993956,40.82925999923386,0 -77.80481000029285,40.82897999938741,0 -77.80606999976825,40.82819999877569,0 -77.80621000040864,40.82811999911796,0 -77.80630999996774,40.82805999914136,0 -77.80633000005925,40.82804999891341,0 -77.80635000015072,40.82803999936367,0 -77.80652000003003,40.82801999890022,0 -77.80668999990935,40.82790999896235,0 -77.80696000024609,40.82772999897942,0 -77.80750000002125,40.82737999923772,0 -77.80771000008355,40.82722999888004,0 -77.80842999978377,40.82669999915858,0 -77.80886999999981,40.82635999922319,0 -77.80901999978765,40.82625999907041,0 -77.80920999975844,40.82610999889833,0 -77.80933000030736,40.82602999875848,0 -77.80944999995796,40.8259399993355,0 -77.80961999983728,40.82580999889591,0 -77.81012000032779,40.82542999939167,0 -77.8106299999657,40.82504999906965,0 -77.81084000002799,40.82488999885506,0 -77.81088000021097,40.82485999877184,0 -77.81112000041048,40.82465999922991,0 -77.81188000029368,40.82404999887309,0 -77.81205000017299,40.8239199988073,0 -77.81207000026448,40.82389999914057,0 -77.81242000006884,40.82361999909475,0 -77.81300000002699,40.8231399991793,0 -77.81307000034718,40.82308999907329,0 -77.81334999983135,40.82286999897488,0 -77.81408999962305,40.82225999914919,0 -77.81443000028,40.8219799989776,0 -77.81449999970188,40.8219299993567,0 -77.81466000043378,40.82179999921426,0 -77.8149800001009,40.82152999899323,0 -77.81505000042111,40.82146999917252,0 -77.81523000034616,40.82131999904336,0 -77.8152899997223,40.82126999892493,0 -77.81533999995102,40.82121999876883,0 -77.81548999973884,40.82107999935478,0 -77.81549999978459,40.82106999875411,0 -77.81557000010478,40.82099999926565,0 -77.81578000016708,40.82079999896047,0 -77.81678000024976,40.81978999915204,0 -77.81691999999185,40.81963999930256,0 -77.81720000037434,40.8193599989479,0 -77.81741999958406,40.81913999939395,0 -77.81763999969208,40.8189299993554,0 -77.81778000033249,40.81878999918692,0 -77.81781999961714,40.81874999879316,0 -77.8179300001203,40.81864999940282,0 -77.81807999990814,40.81852999925557,0 -77.81815000022833,40.81845999912611,0 -77.81837000033636,40.81829999932975,0 -77.8185900004444,40.81814999883019,0 -77.81845999984972,40.81805999891148,0 -77.81834000019913,40.81795999916083,0 -77.81831000006191,40.81791999894639,0 -77.81830000001617,40.81786999898438,0 -77.81827999992467,40.81780999925216,0 -77.81827999992467,40.81777999936569,0 -77.81827999992467,40.81771999887221,0 -77.81827999992467,40.81766999875945,0 -77.81830000001617,40.81755999933047,0 -77.81833000015338,40.81739999940279,0 -77.81839000042785,40.8172499989077,0 -77.81839999957528,40.81720999894501,0 -77.81847999994122,40.81706999922554,0 -77.81861999968329,40.81687999918223,0 -77.81878000041519,40.81665999888166,0 -77.81891000011153,40.81642999927058,0 -77.81902999976214,40.81618999888541,0 -77.8190499998536,40.8161199990061,0 -77.8190499998536,40.81608999903523,0 -77.81905999989935,40.81602999905273,0 -77.81906999994511,40.81594999899168,0 -77.81905999989935,40.81590999892499,0 -77.81903999980787,40.81579999929706,0 -77.81901999971639,40.81572999900627,0 -77.81897000038599,40.81558999888288,0 -77.81885999988282,40.81528999888619,0 -77.81880999965411,40.81505999928446,0 -77.81879999960836,40.81497999873359,0 -77.81879999960836,40.81494999892702,0 -77.81878999956261,40.81482999888533,0 -77.81878999956261,40.8143899989151,0 -77.81881999969984,40.81415999891268,0 -77.81882999974559,40.81410999883621,0 -77.81885999988282,40.81403999880179,0 -77.81892000015726,40.81391999915379,0 -77.81900999967064,40.81377999929006,0 -77.81913000021954,40.81359999903122,0 -77.81918000044826,40.81350999905861,0 -77.81920999968719,40.81344999878243,0 -77.81926999996163,40.81330999928671,0 -77.81930000009886,40.81313999887061,0 -77.81930000009886,40.81309999914933,0 -77.81930000009886,40.81305999940393,0 -77.8192599999159,40.81291999908525,0 -77.8192599999159,40.81289999882139,0 -77.81917000040252,40.81276999933874,0 -77.81916000035679,40.812759998845,0 -77.81880999965411,40.81246999882831,0 -77.81866999991202,40.81231999874432,0 -77.81861999968329,40.81225999875176,0 -77.81853000016993,40.81208999904474,0 -77.8185000000327,40.81198999913357,0 -77.81847999994122,40.81190999896015,0 -77.81843999975824,40.81173999903624,0 -77.81841999966676,40.81165999924134,0 -77.81839000042785,40.81155999936198,0 -77.81837000033636,40.81145999933197,0 -77.81836000029062,40.81136999917608,0 -77.81836000029062,40.81122999937083,0 -77.81836000029062,40.81118999917792,0 -77.81839000042785,40.81102999884523,0 -77.81839000042785,40.81101999876909,0 -77.81841999966676,40.81090999919236,0 -77.81844999980399,40.81083999918129,0 -77.81847999994122,40.81071999918483,0 -77.81851000007845,40.81054999893163,0 -77.81855000026142,40.81038999909538,0 -77.81859999959183,40.81015999882482,0 -77.81874000023221,40.8096799987369,0 -77.81879999960836,40.80949999891362,0 -77.81881999969984,40.80942999877495,0 -77.81889000002006,40.80922999894312,0 -77.81895000029451,40.80908999938213,0 -77.81902999976214,40.80888999920543,0 -77.8197600004064,40.80926999895773,0 -77.82009000011931,40.8094499994049,0 -77.820140000348,40.80947999897867,0 -77.82028000009009,40.80955999936228,0 -77.8203500004103,40.80959999917795,0 -77.82038999969495,40.80961999907674,0 -77.82046000001515,40.80966999913729,0 -77.82060999980297,40.80975999887939,0 -77.82064999998595,40.80977999872996,0 -77.82089000018546,40.80991999887495,0 -77.82096999965307,40.80994999891615,0 -77.82105000001903,40.80998999917665,0 -77.82128000017278,40.81003999895839,0 -77.82130000026429,40.81003999895839,0 -77.82149000023507,40.81005999940445,0 -77.8215200003723,40.81005999940445,0 -77.82175999967352,40.81006999894533,0 -77.82198999982727,40.81006999894533,0 -77.82223000002679,40.81007999916459,0 -77.8223299995859,40.81006999894533,0 -77.82268000028859,40.81007999916459,0 -77.82276999980195,40.81007999916459,0 -77.82291000044236,40.81009999891871,0 -77.82338999994307,40.8101399990888,0 -77.82374999979318,40.81017999923471,0 -77.82386000029635,40.81018999875752,0 -77.82425000028368,40.8102099991584,0 -77.82481000015034,40.81022999887333,0 -77.82540000015422,40.8102499992621,0 -77.82573999991284,40.81025999877437,0 -77.82589999974641,40.81025999877436,0 -77.82598000011235,40.81026999896498,0 -77.82620000022037,40.81026999896499,0 -77.82657000011623,40.81027999915409,0 -77.82720000030308,40.81029999884794,0 -77.82770999994102,40.81031999921567,0 -77.82801999956241,40.81032999939727,0 -77.82841000044807,40.81033999889746,0 -77.82873000011521,40.81034999907601,0 -77.82883999972007,40.81034999907601,0 -77.8291300001483,40.81035999925314,0 -77.82947999995265,40.81035999925313,0 -77.82957000036434,40.81036999874875,0 -77.82971000010643,40.81036999874875,0 -77.83025999992734,40.81039999926643,0 -77.83049000008111,40.81036999874875,0 -77.83051000017259,40.81036999874875,0 -77.83065999996043,40.81034999907601,0 -77.83082999983974,40.81032999939726,0 -77.83102999985627,40.81029999884794,0 -77.83122999987282,40.81023999906848,0 -77.83133000033024,40.8102099991584,0 -77.83141999984362,40.8101899987575,0 -77.83177999969374,40.81011999934672,0 -77.83187000010541,40.81007999916459,0 -77.83196999966452,40.8100199991862,0 -77.83271000035455,40.80963999896951,0 -77.83276999973069,40.80961999907674,0 -77.83318999985525,40.80940999881889,0 -77.83375999976765,40.80911999911865,0 -77.83387000027084,40.80905999895209,0 -77.83432999968004,40.80884999896176,0 -77.83464000019977,40.80869999885323,0 -77.83509999960897,40.80848999908353,0 -77.83526000034087,40.80840999876979,0 -77.83553999982504,40.80828999913827,0 -77.83587000043623,40.8081399991237,0 -77.83626000042358,40.80795999920262,0 -77.83637000002842,40.80790999921341,0 -77.83720000023183,40.8075299991524,0 -77.8374100002941,40.80742999916829,0 -77.83782000037294,40.80724999936116,0 -77.83811999994859,40.80710999902258,0 -77.83879000031841,40.80679999872726,0 -77.83934000013933,40.8065699989323,0 -77.83951000001863,40.80649999910251,0 -77.83977000030963,40.80639999892623,0 -77.83984999977724,40.80636999931993,0 -77.84038000040499,40.80617999923194,0 -77.84070000007213,40.80605999896765,0 -77.84203999991347,40.80555999938391,0 -77.84232000029594,40.80545999915112,0 -77.84252000031249,40.80538999883047,0 -77.84275999961368,40.80529999928114,0 -77.84286000007111,40.80525999891342,0 -77.84291000029984,40.80523999906046,0 -77.84313000040785,40.80515999890851,0 -77.84333999957182,40.80508999895141,0 -77.84376999974214,40.80492999886945,0 -77.84397999980442,40.80484999902375,0 -77.8440199999874,40.80483999937623,0 -77.84423000004968,40.80475999874212,0 -77.8449499997499,40.80449999890507,0 -77.84636999995716,40.80396999911657,0 -77.84658000001946,40.8038999992643,0 -77.84701000018977,40.80373999903334,0 -77.84744000036007,40.80357999909661,0 -77.84765000042236,40.8034999989836,0 -77.84781000025595,40.80343999917552,0 -77.84803000036396,40.80336999876427,0 -77.84818000015179,40.80330999883873,0 -77.84827999971088,40.80326999931153,0 -77.84914000005152,40.80295999875849,0 -77.8496599997352,40.80275999914679,0 -77.84976000019262,40.80272999925509,0 -77.85000000039214,40.80262999883804,0 -77.85037000028798,40.80250999895473,0 -77.85086999988019,40.802309999347,0 -77.85093000015463,40.80226999921714,0 -77.85099000042911,40.80222999906319,0 -77.85106999989674,40.80218999888513,0 -77.85112000012545,40.80215999873572,0 -77.85133000018773,40.80203999936262,0 -77.8514900000213,40.80194999935048,0 -77.85157000038723,40.80189999891316,0 -77.85176000035803,40.80177999907001,0 -77.85193000023735,40.80166999913655,0 -77.85206999997943,40.80156999916242,0 -77.85219999967578,40.80147999919297,0 -77.85262999984609,40.80115999891751,0 -77.85303999992492,40.80085999895822,0 -77.85334000039889,40.80062999897785,0 -77.85350000023246,40.80049999925728,0 -77.85353000036967,40.8004699990241,0 -77.85354999956284,40.80044999908776,0 -77.85355999960859,40.80041999883191,0 -77.85355999960859,40.80039999888051,0 -77.85356999965434,40.80038999924255,0 -77.85355999960859,40.80036999928209,0 -77.85355999960859,40.80033999899015,0 -77.85354999956284,40.80031999901464,0 -77.85353000036967,40.80028999938008,0 -77.85334000039889,40.80014999931949,0 -77.85315999957551,40.80001999933891,0 -77.85276000044074,40.79970999924691,0 -77.85250000014975,40.79950999936246,0 -77.85248000005826,40.79944999934762,0 -77.8524700000125,40.79941999931987,0 -77.85248000005826,40.79937999880846,0 -77.85249000010401,40.79929999907328,0 -77.85259999970884,40.79919999892875,0 -77.85300999978767,40.79889999895131,0 -77.85301999983341,40.79888999908738,0 -77.85317999966699,40.79876999924272,0 -77.85335000044462,40.79864999918117,0 -77.85368000015751,40.79838999921024,0 -77.85385000003681,40.79826999914174,0 -77.85418999979545,40.7980099990425,0 -77.85477999979932,40.79757999912845,0 -77.85486000016526,40.7975099993374,0 -77.85515999974091,40.79728999873654,0 -77.85584000015648,40.79678999904887,0 -77.85634999979442,40.79639999900393,0 -77.85645000025185,40.79632999932877,0 -77.85735999992288,40.79563999887278,0 -77.85791999978952,40.7952399991389,0 -77.85851999983915,40.79477999887983,0 -77.85881000026737,40.79455999875287,0 -77.85915000002601,40.79430999896016,0 -77.85974000002987,40.79387999888284,0 -77.8599600001379,40.79369999905155,0 -77.86031999998801,40.79342999872972,0 -77.86069999992962,40.79312999920015,0 -77.86080000038703,40.79304999873395,0 -77.86084999971743,40.79300999914481,0 -77.86088999990041,40.79297999892704,0 -77.86100999955102,40.79289999896019,0 -77.8612899999335,40.79270999907762,0 -77.86147999990429,40.79256999935318,0 -77.86161999964636,40.79245999911973,0 -77.86181999966291,40.79230999937321,0 -77.86194000021183,40.79222999927917,0 -77.86203999977094,40.79214999908872,0 -77.86244999984977,40.79183999897059,0 -77.86261999972909,40.79170999903879,0 -77.86291000015731,40.79149999923899,0 -77.86296000038602,40.79145999939618,0 -77.86319999968721,40.79127999912509,0 -77.86331000019038,40.7911899988065,0 -77.86347000002397,40.79106999932555,0 -77.86378999969109,40.79083999875067,0 -77.86443999996943,40.79034999924572,0 -77.86474999959083,40.79011999889731,0 -77.86499999983607,40.78992999922102,0 -77.86509000024776,40.7898699993893,0 -77.86530000031004,40.78970999934621,0 -77.86536999973194,40.78964999931566,0 -77.86566000016018,40.78942999919325,0 -77.8662400001183,40.78898999880221,0 -77.8667899999392,40.78855999895745,0 -77.8673799999431,40.78810999879544,0 -77.86748000040052,40.78803999922167,0 -77.86838000002579,40.78733999874531,0 -77.86864000031679,40.78712999872789,0 -77.86910999977175,40.78675999905715,0 -77.86924000036643,40.78665999906799,0 -77.86957000007931,40.78639999907163,0 -77.86962000030802,40.78636999926814,0 -77.86972999991288,40.78635999887721,0 -77.86984000041605,40.78637999897743,0 -77.86988999974645,40.7864199991598,0 -77.87020000026615,40.7866399990521,0 -77.87056000011626,40.78690999909863,0 -77.87072999999558,40.7870399989058,0 -77.87081000036152,40.78709999925418,0 -77.87089999987489,40.7871399990029,0 -77.87094000005787,40.78714999927637,0 -77.87097000019509,40.78715999886822,0 -77.87100000033233,40.78715999886822,0 -77.87102999957122,40.78715999886822,0 -77.87105999970846,40.78715999886822,0 -77.87108999984569,40.78714999927637,0 -77.87113000002867,40.78712999872789,0 -77.87116000016589,40.78711999913158,0 -77.87134000009095,40.7870299992959,0 -77.8714000003654,40.78698999880078,0 -77.87141999955857,40.78697999918338,0 -77.87145999974153,40.78693999933829,0 -77.87160000038195,40.78682999930004,0 -77.87189999995761,40.78658999932608,0 -77.8721600002486,40.78636999926814,0 -77.87228999994494,40.78625999896592,0 -77.87240000044811,40.78616999932506,0 -77.87262999970356,40.78597999922933,0 -77.87287999994882,40.7857799987919,0 -77.87301999969091,40.78565999905651,0 -77.87319999961596,40.78550999891232,0 -77.87325999989041,40.7854599990157,0 -77.87357000041014,40.78518999919551,0 -77.87373000024368,40.78504999925969,0 -77.87410000013955,40.78473999932312,0 -77.87419999969866,40.78464999898275,0 -77.87441999980669,40.78446999929653,0 -77.87471000023491,40.78421999892294,0 -77.8750399999478,40.78393999874768,0 -77.87514999955266,40.78384999936377,0 -77.87555999963148,40.78348999924812,0 -77.87567000013466,40.78338999909644,0 -77.87592000037991,40.78317999883196,0 -77.8760400000305,40.7830799988937,0 -77.87609000025923,40.78303999874019,0 -77.87624000004705,40.78291999881537,0 -77.87667000021735,40.78255999910039,0 -77.87735999978035,40.78197999915869,0 -77.87785000022512,40.78155999925254,0 -77.87802000010443,40.7814199991471,0 -77.87881000012484,40.78075999914556,0 -77.87908999960902,40.78051999900313,0 -77.87957000000804,40.7801199993329,0 -77.88005999955449,40.7797099992627,0 -77.88013999992043,40.77963999899784,0 -77.88024000037787,40.77955999928496,0 -77.8804400003944,40.77973999935366,0 -77.88054999999926,40.77983999887874,0 -77.88064999955837,40.77993999893348,0 -77.88086999966639,40.78013999927155,0 -77.88119000023187,40.78044999891162,0 -77.88137000015692,40.78062999928942,0 -77.88162000040217,40.78087999889155,0 -77.88171999996128,40.78095999905526,0 -77.88189999988633,40.78110999927263,0 -77.88202000043525,40.78118999915934,0 -77.88211999999437,40.78125999915122,0 -77.88221000040606,40.78131999927987,0 -77.88234000010239,40.78139999891366,0 -77.8824399996615,40.78144999914598,0 -77.88257000025617,40.78152999930339,0 -77.88270999999824,40.78158999918816,0 -77.88289999996906,40.78167999891372,0 -77.88306999984836,40.78174999906935,0 -77.88331000004786,40.78183999925832,0 -77.88396000032621,40.78209999874123,0 -77.88445999991839,40.78228999905395,0 -77.88497999960207,40.78249999873145,0 -77.88513000028823,40.78254999881593,0 -77.88532000025901,40.78262999900888,0 -77.88548000009258,40.7827099991054,0 -77.88550000018408,40.78271999936578,0 -77.8856700000634,40.78279999935392,0 -77.88589000017141,40.7829299990441,0 -77.88607000009647,40.78303999874019,0 -77.88616999965558,40.78311999902311,0 -77.88643999999233,40.78331999930877,0 -77.88658999978016,40.78344999934155,0 -77.88675999965946,40.78361999894815,0 -77.88712999955533,40.78399999917611,0 -77.88779999992514,40.78469999880906,0 -77.88784000010811,40.78473999932312,0 -77.88844000015773,40.78535999910952,0 -77.88848000034069,40.78539999922609,0 -77.88886000028231,40.78579999906678,0 -77.88900000002438,40.78593999878194,0 -77.88943000019469,40.78636999926815,0 -77.88985000031926,40.78680999933535,0 -77.88988999960392,40.78683999894002,0 -77.88999000006136,40.78694999896176,0 -77.890549999928,40.78752999903097,0 -77.89068999967009,40.7876799993736,0 -77.89079000012751,40.78777999918707,0 -77.89090999977812,40.78791999880902,0 -77.89096000000683,40.78797999904243,0 -77.89108999970317,40.7881499992961,0 -77.89116000002336,40.78822999886475,0 -77.89122000029782,40.78831999911446,0 -77.89136000003992,40.78852999876943,0 -77.89148999973625,40.78873999912052,0 -77.89159000019369,40.78893999880511,0 -77.89160000023942,40.78894999880755,0 -77.8916699996613,40.78910999932163,0 -77.89172999993576,40.78924999886011,0 -77.89177000011873,40.78936999890968,0 -77.8918100003017,40.78945999897461,0 -77.8920499996029,40.78941999926313,0 -77.8922599996652,40.78940999933145,0 -77.89227999975667,40.78940999933145,0 -77.89243000044283,40.78941999926314,0 -77.89255000009341,40.789449999049,0 -77.89264999965253,40.78947999882131,0 -77.89283999962332,40.78953999900548,0 -77.89302000044668,40.7895699987372,0 -77.89310999996006,40.78957999932487,0 -77.89312000000581,40.78957999932487,0 -77.89327999983938,40.78957999932487,0 -77.89335000015957,40.78956999873721,0 -77.89343999967294,40.78955999882812,0 -77.89355000017612,40.7895399990055,0 -77.8935700002676,40.78952999909194,0 -77.89365999978097,40.78949999934216,0 -77.89377000028415,40.789449999049,0 -77.89378000032988,40.78943999912191,0 -77.89409999999704,40.7892699987701,0 -77.89448999998437,40.78905999873479,0 -77.8945900004418,40.78899999879705,0 -77.8947600003211,40.78890999878884,0 -77.89491000010894,40.78883999937818,0 -77.89513000021697,40.7887899992682,0 -77.8953799995639,40.78873999912052,0 -77.89553000025003,40.78869999897535,0 -77.89553000025003,40.78867999889371,0 -77.89554000029578,40.78866999885059,0 -77.89555000034154,40.78865999880602,0 -77.89556000038728,40.7886499987599,0 -77.89556000038728,40.78863999939241,0 -77.89557000043301,40.78863999939241,0 -77.89557999958043,40.78862999934334,0 -77.89558999962618,40.78861999929276,0 -77.89559999967194,40.7886099992406,0 -77.89560999971768,40.7886099992406,0 -77.89561999976341,40.78859999918699,0 -77.89562999980915,40.78859999918699,0 -77.89563999985491,40.78859999918699,0 -77.89565999994639,40.78858999913186,0 -77.89566999999212,40.78858999913184,0 -77.89568000003788,40.78858999913184,0 -77.89569000008362,40.78858999913184,0 -77.89570000012935,40.78858999913184,0 -77.89571000017509,40.78858999913184,0 -77.89572000022083,40.78858999913184,0 -77.89574000031233,40.78858999913184,0 -77.89575000035806,40.78858999913184,0 -77.89576000040381,40.78858999913186,0 -77.89576999955125,40.78859999918701,0 -77.895779999597,40.78859999918699,0 -77.89578999964273,40.78859999918699,0 -77.89579999968846,40.7886099992406,0 -77.89581999977996,40.78860999924061,0 -77.89582999982569,40.78861999929276,0 -77.89583999987143,40.78862999934334,0 -77.89584999991717,40.78863999939241,0 -77.89585999996294,40.7886499987599,0 -77.89587000000867,40.78864999875991,0 -77.89587000000867,40.78865999880602,0 -77.8958800000544,40.78866999885059,0 -77.8958800000544,40.78867999889369,0 -77.89589000010014,40.78867999889371,0 -77.89589000010014,40.78868999893525,0 -77.89589000010014,40.78869999897535,0 -77.89589000010014,40.78870999901389,0 -77.89590000014591,40.78871999905097,0 -77.89590000014591,40.78872999908651,0 -77.89590000014591,40.78873999912052,0 -77.89589000010014,40.78873999912053,0 -77.89589000010014,40.7887499991531,0 -77.89596000042035,40.7888199993387,0 -77.89632000027048,40.78901999878233,0 -77.89646000001255,40.78909999934332,0 -77.89655999957166,40.78917999912779,0 -77.89660999980036,40.78921999898383,0 -77.89686000004563,40.7894599989746,0 -77.8969000002286,40.78950999926027,0 -77.89705000001643,40.78966999910514,0 -77.89716999966703,40.78979999895029,0 -77.89741999991229,40.79007999890327,0 -77.89753000041546,40.79020999930597,0 -77.89756999970012,40.79027999931273,0 -77.89759999983734,40.79032999898091,0 -77.89765000006606,40.79037999929157,0 -77.89786000012833,40.79060999873933,0 -77.89798999982469,40.79073999878448,0 -77.89814999965824,40.79089999906619,0 -77.8982800002529,40.79103999891134,0 -77.89829000029866,40.79103999891134,0 -77.898419999995,40.79116999879475,0 -77.89844000008648,40.79117999914143,0 -77.89850000036093,40.79122999881202,0 -77.89860999996579,40.79130999875074,0 -77.89890000039402,40.79151999915138,0 -77.89902000004463,40.79159999874069,0 -77.89902000004463,40.79160999902262,0 -77.89908000031907,40.79164999877513,0 -77.89911999960373,40.7916899991836,0 -77.89916999983244,40.79173999915025,0 -77.8994200000777,40.79200999886358,0 -77.89955999981979,40.79215999928781,0 -77.899589999957,40.79219999938909,0 -77.89970999960761,40.7922899990187,0 -77.90102000021002,40.79162999890188,0 -77.90141000019734,40.79142999915818,0 -77.90167999963579,40.79128999877508,0 -77.9023199998684,40.79095999932744,0 -77.9024200003258,40.79090999877342,0 -77.90303000042117,40.79062999891981,0 -77.90307999975157,40.79060999873933,0 -77.90323000043772,40.79052999931748,0 -77.90327999976812,40.7905099991069,0 -77.90340000031703,40.79045999889412,0 -77.90359000028782,40.79036999882438,0 -77.90364999966397,40.79033999877397,0 -77.90371999998416,40.79029999891249,0 -77.90375000012141,40.79028999911333,0 -77.9047700002956,40.78979999895029,0 -77.90537000034521,40.78949999934216,0 -77.90628000001622,40.78905999873479,0 -77.9061500003199,40.78890999878883,0 -77.90601999972523,40.78875999918411,0 -77.90590000007462,40.7886099992406,0 -77.90576000033255,40.78846999903296,0 -77.90576000033255,40.78845999895827,0 -77.90574000024107,40.78839999915855,0 -77.9055800004075,40.78821999875389,0 -77.90551000008729,40.78813999917316,0 -77.90525999984204,40.78787999885,0 -77.9049400001749,40.78755999899054,0 -77.90471000002114,40.78732999918058,0 -77.90415000015449,40.78674999940507,0 -77.9040100004124,40.78659999900221,0 -77.90371999998416,40.78631999933884,0 -77.90358000024209,40.78616999932506,0 -77.90342000040852,40.78600999920899,0 -77.90315000007178,40.78573999890417,0 -77.90300000028395,40.78559999876742,0 -77.9026799997185,40.78528999935768,0 -77.90251999988492,40.78511999926446,0 -77.90238000014284,40.78497999918108,0 -77.90229999977689,40.78489999909804,0 -77.90209999976037,40.78469999880906,0 -77.90209999976037,40.78468999884679,0 -77.90181000023044,40.7843999992868,0 -77.90167999963579,40.78425999904596,0 -77.9012500003638,40.78381999908857,0 -77.90110999972337,40.78368999909979,0 -77.90100000011854,40.78356999898899,0 -77.90027000037257,40.78281999916585,0 -77.89994999980711,40.78249999873144,0 -77.89976999988205,40.78232999897891,0 -77.89971999965334,40.78226999908245,0 -77.89946000026067,40.78201999927035,0 -77.89929000038136,40.78183999925832,0 -77.89918999992393,40.78172999893526,0 -77.89914999974096,40.78168999932912,0 -77.89902000004463,40.78153999906123,0 -77.89889000034829,40.78140999937123,0 -77.89873999966213,40.78124999935124,0 -77.8984700002237,40.7809699988989,0 -77.8983999999035,40.78088999874725,0 -77.89812000041934,40.7805999989202,0 -77.89797999977893,40.78044999891162,0 -77.89793000044853,40.78038999935747,0 -77.89773999957943,40.78017999913087,0 -77.89757999974586,40.78000999888225,0 -77.89738999977504,40.77979999881469,0 -77.89732000035318,40.77973999935364,0 -77.89714999957555,40.77954999922905,0 -77.89671000025781,40.77907999898467,0 -77.89647000005829,40.77881999924441,0 -77.89633000031621,40.77867999880582,0 -77.89608000007097,40.77841999886044,0 -77.89582999982569,40.77814999899123,0 -77.89572000022083,40.77803999935978,0 -77.89559999967194,40.77791999924482,0 -77.89557999958043,40.77789999931797,0 -77.89543999983836,40.77774999933455,0 -77.89530000009628,40.77760999936184,0 -77.89516000035418,40.7774599994038,0 -77.89494000024615,40.77723999903409,0 -77.89487999997172,40.77716999888737,0 -77.89472000013814,40.77695999936507,0 -77.89462999972645,40.7769199989273,0 -77.8943999995727,40.77667999919611,0 -77.89411000004277,40.77635999911286,0 -77.8939500002092,40.77620999905339,0 -77.89378000032988,40.77601999903614,0 -77.8935700002676,40.7757899993981,0 -77.89346999981018,40.7756999991751,0 -77.8933800002968,40.77561999879889,0 -77.89327999983938,40.77554999898595,0 -77.89320000037176,40.77548999908759,0 -77.89309999991433,40.77541999913768,0 -77.89300000035522,40.77535999912189,0 -77.89288999985203,40.77529999905194,0 -77.89271999997271,40.77521999887438,0 -77.89259000027637,40.77514999932028,0 -77.89222000038053,40.77496999905914,0 -77.8921900002433,40.77492999878369,0 -77.8921199999231,40.77489999924157,0 -77.89205999964864,40.77486999900567,0 -77.89088999968664,40.77431999908239,0 -77.89050999974503,40.77413999929363,0 -77.89012999980343,40.7739599990172,0 -77.88988999960392,40.77384999925068,0 -77.8896700003942,40.77375999912073,0 -77.88947000037767,40.77368999938888,0 -77.8893599998745,40.77364999902306,0 -77.88927000036114,40.77361999890301,0 -77.88917999994945,40.77359999904219,0 -77.88906000029884,40.77356999889951,0 -77.88893999974992,40.77354999902368,0 -77.88890999961271,40.77354999902368,0 -77.88880000000785,40.77352999914177,0 -77.88846000024922,40.77349999896748,0 -77.88788000029108,40.77345999916759,0 -77.88732999957185,40.77339999874231,0 -77.88745000012077,40.77295999895672,0 -77.88752000044099,40.77268999934638,0 -77.88753999963414,40.77256999909176,0 -77.88756999977137,40.77240999886875,0 -77.8875999999086,40.77220999906852,0 -77.8875999999086,40.77195999881186,0 -77.88760999995435,40.77178999929735,0 -77.88760999995435,40.77161999934789,0 -77.88760999995435,40.77146999879119,0 -77.8875999999086,40.77125999893963,0 -77.88755999972562,40.77097999923889,0 -77.88752000044099,40.77072999911647,0 -77.88751000039522,40.77066999894715,0 -77.88747000021226,40.77048999879437,0 -77.88739999989207,40.77024999896607,0 -77.88732000042442,40.76997999922855,0 -77.88725000010423,40.76978999908319,0 -77.88721999996702,40.76972999874537,0 -77.88712000040789,40.76948999889336,0 -77.88707000017918,40.76936999898249,0 -77.88697999976749,40.76918999939012,0 -77.88692000039136,40.76906999893749,0 -77.8867899997967,40.76886999928894,0 -77.88668000019183,40.76869999935253,0 -77.88659999982589,40.76856999902763,0 -77.88641999990084,40.76832999906804,0 -77.88625000002152,40.76810999908072,0 -77.88618999974709,40.76803999883921,0 -77.88612000032518,40.76795999876451,0 -77.88607000009647,40.76790999926421,0 -77.88597999968479,40.76780999879008,0 -77.88596999963906,40.76779999900652,0 -77.88583999994272,40.76766999896202,0 -77.88575000042933,40.76756999880705,0 -77.88570000020061,40.76751999901336,0 -77.88555000041279,40.76737999925471,0 -77.88544999995536,40.76727999934369,0 -77.88530000016755,40.76713999907943,0 -77.88482999981426,40.76668999939128,0 -77.88466999998069,40.76653999927164,0 -77.88441999973543,40.76628999877341,0 -77.88424999985611,40.76611999904049,0 -77.88413000020553,40.76598999911138,0 -77.88395000028046,40.76581999929139,0 -77.88354000020163,40.76603999937588,0 -77.88340999960698,40.76609999896329,0 -77.88318000035152,40.76617999923598,0 -77.88300000042646,40.76622999935754,0 -77.88291000001479,40.76625999873211,0 -77.88278000031843,40.76627999876116,0 -77.88246999979873,40.76641999879605,0 -77.88240000037685,40.76646999873704,0 -77.88241000042258,40.76640999880335,0 -77.8822699997822,40.76626999874735,0 -77.88216000017734,40.76615999917684,0 -77.88209999990288,40.76609999896329,0 -77.88208999985714,40.7660899989224,0 -77.88155000008197,40.7655599993659,0 -77.88140000029414,40.76540999873685,0 -77.88125999965374,40.76526999929578,0 -77.88110999986593,40.76512999887937,0 -77.88085999962065,40.76487999920044,0 -77.88051999986203,40.76454999916402,0 -77.88038000011994,40.76440999927208,0 -77.88031999984548,40.76433999921552,0 -77.88024000037787,40.76425999876901,0 -77.88009999973747,40.76411999894655,0 -77.87999000013262,40.76400999921937,0 -77.87980000016181,40.76383999909737,0 -77.87945000035745,40.76349999890959,0 -77.87951999977933,40.7634599992134,0 -77.87998000008687,40.76318999910358,0 -77.88007999964597,40.76312999893026,0 -77.88053999995353,40.76285999884068,0 -77.88064999955837,40.76279999904981,0 -77.88079000019877,40.76271999879083,0 -77.87970999975012,40.76162999876614,0 -77.87966999956714,40.76158999930535,0 -77.87907999956327,40.76101999876061,0 -77.87898000000416,40.760929998944,0 -77.87857999997108,40.76051999884218,0 -77.87849999960514,40.76044999877123,0 -77.87801000005868,40.75997999881562,0 -77.87783000013363,40.76006999923812,0 -77.87770999958471,40.76013999902883,0 -77.87766000025431,40.760169999111,0 -77.87747000028352,40.76027999906955,0 -77.87728000031271,40.76037999930693,0 -77.87712999962658,40.76045999898029,0 -77.87684000009666,40.76062999890198,0 -77.87649000029229,40.76080999922576,0 -77.87638999983488,40.76084999915591,0 -77.87637999978912,40.76085999930476,0 -77.87632999956041,40.76085999930476,0 -77.87615999968111,40.76094999921614,0 -77.87576999969376,40.76117999919212,0 -77.87497999967334,40.76156999922571,0 -77.87511000026799,40.76168999893275,0 -77.87518999973564,40.76176999907067,0 -77.87548000016385,40.76204999879508,0 -77.87558999976871,40.76215999904451,0 -77.87563199960151,40.76213499881823,0</coordinates>
        </LineString>
      </MultiGeometry>
    </Placemark>
    <Placemark id="ID_00037">
      <name>CC</name>
      <snippet></snippet>
      <description><![CDATA[<html xmlns:fo="http://www.w3.org/1999/XSL/Format" xmlns:msxsl="urn:schemas-microsoft-com:xslt">
<head>
<META http-equiv="Content-Type" content="text/html">
<meta http-equiv="content-type" content="text/html; charset=UTF-8">
</head>
<body style="margin:0px 0px 0px 0px;overflow:auto;background:#FFFFFF;">
<table style="font-family:Arial,Verdana,Times;font-size:12px;text-align:left;width:100%;border-collapse:collapse;padding:3px 3px 3px 3px">
<tr style="text-align:center;font-weight:bold;background:#9CBCE2">
<td>CC</td>
</tr>
<tr>
<td>
<table style="font-family:Arial,Verdana,Times;font-size:12px;text-align:left;width:100%;border-spacing:0px; padding:3px 3px 3px 3px">
<tr>
<td>shape_id</td>
<td>16</td>
</tr>
<tr bgcolor="#D4E4F3">
<td>route_id</td>
<td>70</td>
</tr>
<tr>
<td>agency_id</td>
<td>CATA</td>
</tr>
<tr bgcolor="#D4E4F3">
<td>route_short_name</td>
<td>CC</td>
</tr>
<tr>
<td>route_long_name</td>
<td>College Avenue Connector</td>
</tr>
<tr bgcolor="#D4E4F3">
<td>route_desc</td>
<td>&lt;Null&gt;</td>
</tr>
<tr>
<td>route_type</td>
<td>3</td>
</tr>
<tr bgcolor="#D4E4F3">
<td>route_url</td>
<td>&lt;Null&gt;</td>
</tr>
<tr>
<td>route_sort_order</td>
<td>&lt;Null&gt;</td>
</tr>
<tr bgcolor="#D4E4F3">
<td>continuous_pickup</td>
<td>&lt;Null&gt;</td>
</tr>
<tr>
<td>continuous_drop_off</td>
<td>&lt;Null&gt;</td>
</tr>
<tr bgcolor="#D4E4F3">
<td>route_type_text</td>
<td>Bus</td>
</tr>
<tr>
<td>ColorCode</td>
<td>000099</td>
</tr>
<tr bgcolor="#D4E4F3">
<td>Shape__Length</td>
<td>10574.714266</td>
</tr>
<tr>
<td>GlobalID</td>
<td>{3A5C6960-441A-49C9-B797-366EF921BCDC}</td>
</tr>
</table>
</td>
</tr>
</table>
</body><script type="text/javascript">
				function changeImage(attElement, nameElement) {
				document.getElementById('imageAttachment').src = attElement;
				document.getElementById('imageName').innerHTML = nameElement;}
			</script></html>
]]></description>
      <styleUrl>#LineStyle00</styleUrl>
      <MultiGeometry>
        <LineString>
          <extrude>0</extrude>
          <tessellate>1</tessellate><altitudeMode>clampToGround</altitudeMode>
          <coordinates> -77.80075999973333,40.83370999894391,0 -77.80108000029877,40.83353999915411,0 -77.80113999967492,40.8335099989061,0 -77.80114999972066,40.8334999988204,0 -77.80117999985789,40.83349999882041,0 -77.80118999990363,40.83349999882041,0 -77.80122000004084,40.83349999882041,0 -77.80125000017809,40.8335099989061,0 -77.80127000026957,40.83351999899028,0 -77.80129000036106,40.83352999907296,0 -77.80132999964572,40.83355999931195,0 -77.80146000024037,40.83369999888839,0 -77.80157999989098,40.83382999881295,0 -77.80159999998246,40.83385999891622,0 -77.80164000016542,40.83388999900586,0 -77.8016800003484,40.83393999912513,0 -77.80169000039413,40.83399999921852,0 -77.8016800003484,40.83404999925484,0 -77.80166000025692,40.83408999925675,0 -77.80161000002821,40.83417999917274,0 -77.80156999984523,40.83421999909622,0 -77.8014900003776,40.83431999879932,0 -77.8014900003776,40.83432999876132,0 -77.80133999969145,40.83445999880994,0 -77.80128000031532,40.83451999911235,0 -77.80122000004084,40.83456999875651,0 -77.80119999994938,40.83458999928325,0 -77.80112999962917,40.83465999938024,0 -77.80097999984136,40.83479999935256,0 -77.8009699997956,40.83480999924215,0 -77.80090000037372,40.83486999922783,0 -77.80079999991631,40.83495999876468,0 -77.80067000021995,40.83506999924094,0 -77.8005399996253,40.83518999936701,0 -77.80045000011191,40.83526999933036,0 -77.8003499996545,40.83531999908856,0 -77.8001599996837,40.83514999934911,0 -77.80008000021607,40.83508999893724,0 -77.79997999975863,40.83503999900558,0 -77.79991000033677,40.8350099987566,0 -77.79986000010805,40.83499999889717,0 -77.79978999978785,40.83498999903624,0 -77.79970000027447,40.83498999903624,0 -77.79961999990853,40.83498999903623,0 -77.79949000021219,40.83499999889717,0 -77.79945000002921,40.8350099987566,0 -77.79926000005842,40.83503999900558,0 -77.79904999999613,40.83507999908981,0 -77.79902999990465,40.83508999893724,0 -77.79717000037964,40.83538999909442,0 -77.79704999983073,40.83525999883048,0 -77.79691000008864,40.83510999930711,0 -77.79687999995141,40.83506999924094,0 -77.79662999970616,40.83482999901683,0 -77.79647999991833,40.83468999910792,0 -77.79639999955239,40.83459999920453,0 -77.79626999985605,40.83447999936987,0 -77.79615000020544,40.83435999931801,0 -77.79600999956506,40.83420999911763,0 -77.79672000011783,40.83378999933387,0 -77.79710000005944,40.8335699993886,0 -77.79890000020831,40.83250999918267,0 -77.79936999966328,40.83223999906388,0 -77.79999999985013,40.83186999935582,0 -77.80087000023649,40.83134999906837,0 -77.80158999993671,40.83091999904409,0 -77.80206000028998,40.83064999924758,0 -77.80266000033961,40.83028999939459,0 -77.80327000043498,40.82992999894645,0 -77.8036100001936,40.82971999908528,0 -77.80424000038046,40.82933999887575,0 -77.80433999993956,40.82925999923386,0 -77.80481000029285,40.82897999938741,0 -77.80606999976825,40.82819999877569,0 -77.80621000040864,40.82811999911796,0 -77.80630999996774,40.82805999914136,0 -77.80633000005925,40.82804999891341,0 -77.80635000015072,40.82803999936367,0 -77.80652000003003,40.82801999890022,0 -77.80668999990935,40.82790999896235,0 -77.80696000024609,40.82772999897942,0 -77.80750000002125,40.82737999923772,0 -77.80771000008355,40.82722999888004,0 -77.80842999978377,40.82669999915858,0 -77.80886999999981,40.82635999922319,0 -77.80901999978765,40.82625999907041,0 -77.80920999975844,40.82610999889833,0 -77.80933000030736,40.82602999875848,0 -77.80944999995796,40.8259399993355,0 -77.80961999983728,40.82580999889591,0 -77.81012000032779,40.82542999939167,0 -77.8106299999657,40.82504999906965,0 -77.81084000002799,40.82488999885506,0 -77.81088000021097,40.82485999877184,0 -77.81112000041048,40.82465999922991,0 -77.81188000029368,40.82404999887309,0 -77.81205000017299,40.8239199988073,0 -77.81207000026448,40.82389999914057,0 -77.81242000006884,40.82361999909475,0 -77.81300000002699,40.8231399991793,0 -77.81307000034718,40.82308999907329,0 -77.81334999983135,40.82286999897488,0 -77.81408999962305,40.82225999914919,0 -77.81443000028,40.8219799989776,0 -77.81449999970188,40.8219299993567,0 -77.81466000043378,40.82179999921426,0 -77.8149800001009,40.82152999899323,0 -77.81505000042111,40.82146999917252,0 -77.81523000034616,40.82131999904336,0 -77.8152899997223,40.82126999892493,0 -77.81533999995102,40.82121999876883,0 -77.81548999973884,40.82107999935478,0 -77.81549999978459,40.82106999875411,0 -77.81557000010478,40.82099999926565,0 -77.81578000016708,40.82079999896047,0 -77.81678000024976,40.81978999915204,0 -77.81691999999185,40.81963999930256,0 -77.81720000037434,40.8193599989479,0 -77.81741999958406,40.81913999939395,0 -77.81763999969208,40.8189299993554,0 -77.81778000033249,40.81878999918692,0 -77.81781999961714,40.81874999879316,0 -77.8179300001203,40.81864999940282,0 -77.81807999990814,40.81852999925557,0 -77.81815000022833,40.81845999912611,0 -77.81837000033636,40.81829999932975,0 -77.8185900004444,40.81814999883019,0 -77.81873000018648,40.81806999928618,0 -77.8189000000658,40.81795999916083,0 -77.8192599999159,40.81772999929814,0 -77.81946999997818,40.81760999884628,0 -77.81993000028572,40.81731999895432,0 -77.82048000010663,40.8169799992013,0 -77.82067000007743,40.816869999308,0 -77.82121999989833,40.81652999928812,0 -77.8215899997942,40.81630999918655,0 -77.82177999976498,40.81618999888541,0 -77.82195999969004,40.81607999904192,0 -77.82232000043848,40.81585999880768,0 -77.82279999993918,40.81556999874402,0 -77.82297999986423,40.81545999923217,0 -77.82312999965208,40.81535999896143,0 -77.82331999962287,40.81524999910144,0 -77.82336999985156,40.81521999873708,0 -77.82350000044622,40.81513999905902,0 -77.8236800003713,40.81502999883421,0 -77.82405000026715,40.81479999901095,0 -77.82424000023795,40.81468999890229,0 -77.82431999970555,40.81462999901336,0 -77.82439000002576,40.81458999883068,0 -77.82468999960142,40.81439999916314,0 -77.8250600003956,40.81417999879672,0 -77.82525000036638,40.81405999940194,0 -77.82543000029145,40.81394999874617,0 -77.82562000026225,40.81383999926786,0 -77.82599000015809,40.81360999939834,0 -77.82617000008315,40.8134999993563,0 -77.82671999990406,40.81316999881572,0 -77.82696000010357,40.81301999895452,0 -77.82704999961695,40.81290999929403,0 -77.82709999984566,40.81287999923134,0 -77.82714000002862,40.81284999915509,0 -77.82720000030308,40.81280999925899,0 -77.82729999986219,40.81274999902961,0 -77.82747999978724,40.81263999892149,0 -77.82758000024469,40.8125699993758,0 -77.82776000016975,40.81245999896923,0 -77.82781000039844,40.81242999938299,0 -77.8279900003235,40.81231999874431,0 -77.82818000029431,40.81220999928306,0 -77.8282999999449,40.81213999928372,0 -77.82842999964124,40.81205999929119,0 -77.82853000009868,40.81199999906349,0 -77.82862999965778,40.81192999884261,0 -77.82905999982809,40.81165999924135,0 -77.82920999961593,40.81156999935672,0 -77.8293000000276,40.81150999936579,0 -77.82939000043929,40.81145999933197,0 -77.82982999975702,40.81118999917793,0 -77.83019999965289,40.81095999896077,0 -77.83073000028061,40.81063999884,0 -77.83097999962756,40.81055999907861,0 -77.83127000005578,40.81037999892285,0 -77.83142999988937,40.81029999884794,0 -77.83177999969374,40.81011999934672,0 -77.83187000010541,40.81007999916459,0 -77.83196999966452,40.8100199991862,0 -77.83271000035455,40.80963999896951,0 -77.83276999973069,40.80961999907674,0 -77.83318999985525,40.80940999881889,0 -77.83354999970537,40.80922999894312,0 -77.83375999976765,40.80911999911865,0 -77.83432999968004,40.80884999896176,0 -77.83464000019977,40.80869999885323,0 -77.83509999960897,40.80848999908353,0 -77.83526000034087,40.80840999876979,0 -77.83553999982504,40.80828999913827,0 -77.83587000043623,40.8081399991237,0 -77.83626000042358,40.80795999920262,0 -77.83637000002842,40.80790999921341,0 -77.83720000023183,40.8075299991524,0 -77.8374100002941,40.80742999916829,0 -77.83782000037294,40.80724999936116,0 -77.83811999994859,40.80710999902258,0 -77.83879000031841,40.80679999872726,0 -77.83934000013933,40.8065699989323,0 -77.83951000001863,40.80649999910251,0 -77.83977000030963,40.80639999892623,0 -77.83984999977724,40.80636999931993,0 -77.84038000040499,40.80617999923194,0 -77.84070000007213,40.80605999896765,0 -77.84203999991347,40.80555999938391,0 -77.84232000029594,40.80545999915112,0 -77.84252000031249,40.80538999883047,0 -77.84275999961368,40.80529999928114,0 -77.84286000007111,40.80525999891342,0 -77.84291000029984,40.80523999906046,0 -77.84313000040785,40.80515999890851,0 -77.84333999957182,40.80508999895141,0 -77.84376999974214,40.80492999886945,0 -77.84397999980442,40.80484999902375,0 -77.8440199999874,40.80483999937623,0 -77.84423000004968,40.80475999874212,0 -77.8449499997499,40.80449999890507,0 -77.84636999995716,40.80396999911657,0 -77.84658000001946,40.8038999992643,0 -77.84701000018977,40.80373999903334,0 -77.84744000036007,40.80357999909661,0 -77.84765000042236,40.8034999989836,0 -77.84781000025595,40.80343999917552,0 -77.84803000036396,40.80336999876427,0 -77.84818000015179,40.80330999883873,0 -77.84827999971088,40.80326999931153,0 -77.84914000005152,40.80295999875849,0 -77.8496599997352,40.80275999914679,0 -77.84976000019262,40.80272999925509,0 -77.85000000039214,40.80262999883804,0 -77.85037000028798,40.80250999895473,0 -77.85086999988019,40.802309999347,0 -77.85093000015463,40.80226999921714,0 -77.85099000042911,40.80222999906319,0 -77.85106999989674,40.80218999888513,0 -77.85112000012545,40.80215999873572,0 -77.85133000018773,40.80203999936262,0 -77.8514900000213,40.80194999935048,0 -77.85157000038723,40.80189999891316,0 -77.85176000035803,40.80177999907001,0 -77.85193000023735,40.80166999913655,0 -77.85206999997943,40.80156999916242,0 -77.85219999967578,40.80147999919297,0 -77.85262999984609,40.80115999891751,0 -77.85303999992492,40.80085999895822,0 -77.85334000039889,40.80062999897785,0 -77.85350000023246,40.80049999925728,0 -77.85353000036967,40.8004699990241,0 -77.85354999956284,40.80044999908776,0 -77.85355999960859,40.80041999883191,0 -77.85355999960859,40.80039999888051,0 -77.85356999965434,40.80038999924255,0 -77.85355999960859,40.80036999928209,0 -77.85355999960859,40.80033999899015,0 -77.85354999956284,40.80031999901464,0 -77.85353000036967,40.80028999938008,0 -77.85334000039889,40.80014999931949,0 -77.85315999957551,40.80001999933891,0 -77.85276000044074,40.79970999924691,0 -77.85250000014975,40.79950999936246,0 -77.85248000005826,40.79944999934762,0 -77.8524700000125,40.79941999931987,0 -77.85248000005826,40.79937999880846,0 -77.85249000010401,40.79929999907328,0 -77.85259999970884,40.79919999892875,0 -77.85300999978767,40.79889999895131,0 -77.85301999983341,40.79888999908738,0 -77.85317999966699,40.79876999924272,0 -77.85335000044462,40.79864999918117,0 -77.85368000015751,40.79838999921024,0 -77.85385000003681,40.79826999914174,0 -77.85418999979545,40.7980099990425,0 -77.85477999979932,40.79757999912845,0 -77.85486000016526,40.7975099993374,0 -77.85515999974091,40.79728999873654,0 -77.85584000015648,40.79678999904887,0 -77.85634999979442,40.79639999900393,0 -77.85645000025185,40.79632999932877,0 -77.85735999992288,40.79563999887278,0 -77.85791999978952,40.7952399991389,0 -77.85851999983915,40.79477999887983,0 -77.85881000026737,40.79455999875287,0 -77.85915000002601,40.79430999896016,0 -77.85974000002987,40.79387999888284,0 -77.8599600001379,40.79369999905155,0 -77.859911999559,40.79366199930438,0</coordinates>
        </LineString>
      </MultiGeometry>
    </Placemark>
    <Placemark id="ID_00038">
      <name>CC</name>
      <snippet></snippet>
      <description><![CDATA[<html xmlns:fo="http://www.w3.org/1999/XSL/Format" xmlns:msxsl="urn:schemas-microsoft-com:xslt">
<head>
<META http-equiv="Content-Type" content="text/html">
<meta http-equiv="content-type" content="text/html; charset=UTF-8">
</head>
<body style="margin:0px 0px 0px 0px;overflow:auto;background:#FFFFFF;">
<table style="font-family:Arial,Verdana,Times;font-size:12px;text-align:left;width:100%;border-collapse:collapse;padding:3px 3px 3px 3px">
<tr style="text-align:center;font-weight:bold;background:#9CBCE2">
<td>CC</td>
</tr>
<tr>
<td>
<table style="font-family:Arial,Verdana,Times;font-size:12px;text-align:left;width:100%;border-spacing:0px; padding:3px 3px 3px 3px">
<tr>
<td>shape_id</td>
<td>19</td>
</tr>
<tr bgcolor="#D4E4F3">
<td>route_id</td>
<td>70</td>
</tr>
<tr>
<td>agency_id</td>
<td>CATA</td>
</tr>
<tr bgcolor="#D4E4F3">
<td>route_short_name</td>
<td>CC</td>
</tr>
<tr>
<td>route_long_name</td>
<td>College Avenue Connector</td>
</tr>
<tr bgcolor="#D4E4F3">
<td>route_desc</td>
<td>&lt;Null&gt;</td>
</tr>
<tr>
<td>route_type</td>
<td>3</td>
</tr>
<tr bgcolor="#D4E4F3">
<td>route_url</td>
<td>&lt;Null&gt;</td>
</tr>
<tr>
<td>route_sort_order</td>
<td>&lt;Null&gt;</td>
</tr>
<tr bgcolor="#D4E4F3">
<td>continuous_pickup</td>
<td>&lt;Null&gt;</td>
</tr>
<tr>
<td>continuous_drop_off</td>
<td>&lt;Null&gt;</td>
</tr>
<tr bgcolor="#D4E4F3">
<td>route_type_text</td>
<td>Bus</td>
</tr>
<tr>
<td>ColorCode</td>
<td>000099</td>
</tr>
<tr bgcolor="#D4E4F3">
<td>Shape__Length</td>
<td>29027.319211</td>
</tr>
<tr>
<td>GlobalID</td>
<td>{B783C6E4-979D-41F4-9DA3-D69E7015EA0B}</td>
</tr>
</table>
</td>
</tr>
</table>
</body><script type="text/javascript">
				function changeImage(attElement, nameElement) {
				document.getElementById('imageAttachment').src = attElement;
				document.getElementById('imageName').innerHTML = nameElement;}
			</script></html>
]]></description>
      <styleUrl>#LineStyle00</styleUrl>
      <MultiGeometry>
        <LineString>
          <extrude>0</extrude>
          <tessellate>1</tessellate><altitudeMode>clampToGround</altitudeMode>
          <coordinates> -77.80072000044866,40.83366999939241,0 -77.80075999973333,40.83370999894391,0 -77.80052999957955,40.83383999884887,0 -77.80057999980826,40.83389999903276,0 -77.80064000008272,40.83394999914451,0 -77.80065000012846,40.8339599991623,0 -77.8007799998248,40.83409999925344,0</coordinates>
        </LineString>
        <LineString>
          <extrude>0</extrude>
          <tessellate>1</tessellate><altitudeMode>clampToGround</altitudeMode>
          <coordinates> -77.80078511393371,40.83410599326962,0 -77.8007799998248,40.83409999925344,0 -77.80098999988709,40.83430999883581,0 -77.80100999997858,40.83431999879932,0 -77.80111999958343,40.83441999903125,0 -77.80128000031532,40.83451999911235,0 -77.80133999969145,40.83445999880994,0 -77.8014900003776,40.83432999876132,0 -77.8014900003776,40.83431999879932,0 -77.80150999957077,40.8342999988708,0 -77.80156999984523,40.83421999909622,0 -77.80161000002821,40.83417999917274,0 -77.80166000025692,40.83408999925675,0 -77.8016800003484,40.83404999925484,0 -77.80169000039413,40.83399999921852,0 -77.80196999987831,40.83404999925484,0 -77.80210999962038,40.83408999925675,0 -77.80218999998634,40.83410999924863,0 -77.80243000018585,40.83421999909623,0 -77.80201000006129,40.83478999878177,0 -77.80176999986176,40.83509999878308,0 -77.80154999975375,40.83538999909442,0 -77.80147000028612,40.83548999907169,0 -77.80133999969145,40.83566999905849,0 -77.80107000025303,40.83601999921956,0 -77.80150000042335,40.83638999887583,0 -77.80165000021118,40.83652999927263,0 -77.8022500002608,40.83709999880674,0 -77.80248000041456,40.83731999927148,0 -77.80275999989873,40.83757999894121,0 -77.80292999977804,40.83773999911984,0 -77.8029900000525,40.83778999905398,0 -77.8032999996739,40.83809999929911,0 -77.80347999959895,40.83828999903975,0 -77.80425000042619,40.83897999913368,0 -77.8045600000476,40.83924999898823,0 -77.80484999957751,40.8395199991022,0 -77.80519000023445,40.83932999880941,0 -77.80525999965634,40.83928999925068,0 -77.80538000020526,40.83920999938123,0 -77.80576000014685,40.83897999913368,0 -77.80593000002617,40.83887999898396,0 -77.80603999963101,40.83880999926512,0 -77.80624999969331,40.83867999891162,0 -77.80632000001351,40.83862999896915,0 -77.80654000012153,40.83847999891542,0 -77.80660000039597,40.83843999884377,0 -77.80697000029183,40.83821999937751,0 -77.80716000026264,40.8381099993706,0 -77.80734000018769,40.83799999918113,0 -77.8075800003872,40.8378499990611,0 -77.80765999985483,40.8377999991722,0 -77.80801999970494,40.83755999931646,0 -77.80819999963001,40.83743999940258,0 -77.80822999976721,40.83742999923005,0 -77.80866999998328,40.83713999900732,0 -77.80894000032002,40.83698999898019,0 -77.80901999978765,40.83692999887431,0 -77.80912000024507,40.83686999939374,0 -77.8091999997127,40.83680999917926,0 -77.80938999968349,40.83670999915417,0 -77.80949000014094,40.83664999879489,0 -77.80961999983728,40.83655999883372,0 -77.80967000006599,40.83652999927263,0 -77.81003999996184,40.83631999924618,0 -77.81005000000758,40.83630999890471,0 -77.8105999998285,40.83595999891536,0 -77.81069000024019,40.83589999923652,0 -77.81123000001533,40.83557999912622,0 -77.8113399996202,40.83551999910345,0 -77.81153999963675,40.83538999909442,0 -77.81179999992774,40.83521999885486,0 -77.81209000035597,40.83503999900559,0 -77.8126700003141,40.83466999929102,0 -77.81336999992283,40.83424999902302,0 -77.81373999981869,40.83400999922878,0 -77.81380000009315,40.83397999919341,0 -77.8142899996396,40.83367999877282,0 -77.81429999968535,40.83367999877282,0 -77.81434999991406,40.83363999920323,0 -77.8146699995812,40.83345999914223,0 -77.81452999983912,40.83330999894461,0 -77.81438000005129,40.83316999922428,0 -77.81409999966881,40.83290999925074,0 -77.81399000006395,40.83281999897001,0 -77.81387999956077,40.832739998769,0 -77.81382000018463,40.83269999931198,0 -77.81369999963572,40.83263999940148,0 -77.81361000012234,40.83257999875705,0 -77.81350999966493,40.83253999920352,0 -77.8126900004056,40.83215999884274,0 -77.81231999961142,40.8319999987905,0 -77.81206000021874,40.83186999935581,0 -77.81193999966983,40.83177999902281,0 -77.81187000024792,40.83185999902278,0 -77.81187000024792,40.83186999935582,0 -77.81151000039782,40.83219999930522,0 -77.81128000024407,40.83242999928724,0 -77.81124000006109,40.83246999890719,0 -77.81098999981583,40.83268999910412,0 -77.81082999998226,40.83284999885061,0 -77.81068000019444,40.83298999924664,0 -77.8105300004066,40.83313999880885,0 -77.81048000017789,40.83318999881404,0 -77.81042999994918,40.83322999933482,0 -77.81014000041927,40.83351999899028,0 -77.80999999977887,40.83364999926781,0 -77.80999228055563,40.83365763474057,0 -77.80987013303319,40.83375252618017,0 -77.8096842886689,40.83392860509598,0 -77.80980871611553,40.83383147234518,0 -77.80993895117048,40.83371442702484,0 -77.81004590728314,40.83369515484542,0 -77.81012933921347,40.83375579337454,0 -77.8101192196918,40.833823827377,0 -77.81005825642336,40.83388689833797,0 -77.8099100002655,40.83400999922878,0 -77.80985600972028,40.83408542575129,0 -77.80975450907634,40.83417584231127,0 -77.80965759612855,40.83420208640325,0 -77.80956079008027,40.8341660129232,0 -77.80950575569268,40.83411454216714,0 -77.8095572902439,40.83403269210317,0 -77.80967003420196,40.83394211018761,0 -77.8096842886689,40.83392860509598,0 -77.80939761560047,40.8341523909739,0 -77.80941999982072,40.83416999918813,0 -77.8093400003531,40.83422999907332,0 -77.80904999992487,40.83441999903125,0 -77.80878999963387,40.83460999912435,0 -77.8087700004407,40.83461999904262,0 -77.80842999978377,40.83484999878553,0 -77.80824999985872,40.83495999876469,0 -77.8079600003288,40.83514999934911,0 -77.80780999964264,40.83523999918551,0 -77.80753000015849,40.83542999896753,0 -77.80739999956384,40.83551999910345,0 -77.80723999973026,40.83560999911719,0 -77.80704999975947,40.83576999929306,0 -77.80694000015461,40.83560999911719,0 -77.80692000006313,40.83559999934826,0 -77.80679000036679,40.83546999881645,0 -77.80665999977212,40.83533999938905,0 -77.80613000004269,40.83484999878553,0 -77.80604999967674,40.83476999899497,0 -77.80602999958528,40.83474999920218,0 -77.80600000034636,40.83469999901413,0 -77.80601000039209,40.83465999938025,0 -77.80602000043785,40.83459999920453,0 -77.80603999963101,40.83454999890338,0 -77.80616000017993,40.83439999913288,0 -77.8059600001634,40.83432999876132,0 -77.80566999973516,40.83420999911763,0 -77.80544999962713,40.83411999924232,0 -77.80532999997654,40.83401999923755,0 -77.80532834168652,40.83401819538914,0 -77.80529059088504,40.8339808712126,0 -77.80526282485791,40.8339556220732,0 -77.80524064455523,40.83393511431939,0 -77.80521033899079,40.83391022810782,0 -77.80518544577596,40.83388529498945,0 -77.80511999991427,40.83381999877554,0 -77.80506999968553,40.83374999915096,0 -77.80504000044662,40.83368999883134,0 -77.80504000044662,40.83363999920322,0 -77.80506999968553,40.8335699993886,0 -77.80512999996,40.83347999932414,0 -77.80518000018871,40.83339999923982,0 -77.80526999970208,40.8332499989065,0 -77.80534000002228,40.83313999880886,0 -77.80539000025099,40.83305999899396,0 -77.80548999981011,40.83290999925074,0 -77.80557000017605,40.83276999936547,0 -77.80565999968942,40.83264999893726,0 -77.80578000023834,40.83247999914823,0 -77.80584999966023,40.83237999938859,0 -77.80589999988894,40.83229999933636,0 -77.80601000039209,40.83214999923308,0 -77.80607999981399,40.83203999934952,0 -77.80613000004269,40.83197999884177,0 -77.80623999964756,40.83180999937392,0 -77.80637000024221,40.83161999873328,0 -77.80646999980132,40.83148999923323,0 -77.80653000007578,40.83139999906408,0 -77.80661000044174,40.83128999929563,0 -77.80672000004658,40.83112999918308,0 -77.80680000041254,40.83101999896667,0 -77.80659000035024,40.83093999931258,0 -77.80639000033369,40.83085999888224,0 -77.8061500001342,40.83076999921732,0 -77.80595000011763,40.8310599987575,0 -77.80582999956873,40.83123999921694,0 -77.80574000005537,40.83137999893437,0 -77.80566999973516,40.83147999884289,0 -77.80559000026754,40.83159999934963,0 -77.80549999985585,40.83172999931364,0 -77.8052499996106,40.83204999897572,0 -77.80520000028021,40.83211999903576,0 -77.80480000024711,40.83194999924723,0 -77.80462000032206,40.83177999902283,0 -77.80449999977314,40.83168999924731,0 -77.80443000035126,40.83163999879055,0 -77.80438000012253,40.83157999928023,0 -77.80436000003107,40.83155999920481,0 -77.80433999993956,40.83152999874059,0 -77.80432999989382,40.83149999894238,0 -77.80427999966513,40.83135999879867,0 -77.80450999981888,40.83093999931258,0 -77.80473999997265,40.83054999876698,0 -77.80491999989771,40.83021999876193,0 -77.80492999994344,40.830199998956,0 -77.80499000021793,40.8300899992359,0 -77.80512999996,40.82983999937873,0 -77.8052499996106,40.82961999924125,0 -77.8054399995814,40.8292899993658,0 -77.80548999981011,40.82920999898386,0 -77.80562000040476,40.82897999938741,0 -77.80574000005537,40.82879999891027,0 -77.80582999956873,40.82867999877391,0 -77.80583999961448,40.82866999931916,0 -77.80600000034636,40.82848999936002,0 -77.80610999995122,40.82835999916117,0 -77.80626999978477,40.82822999938718,0 -77.80652000003003,40.82801999890022,0 -77.80668999990935,40.82790999896235,0 -77.80696000024609,40.82772999897942,0 -77.80739000041642,40.82744999879006,0 -77.80750000002125,40.82737999923772,0 -77.80771000008355,40.82722999888004,0 -77.80842999978377,40.82669999915858,0 -77.80886999999981,40.82635999922319,0 -77.80920999975844,40.82610999889833,0 -77.80933000030736,40.82602999875848,0 -77.80944999995796,40.8259399993355,0 -77.80961999983728,40.82580999889591,0 -77.81012000032779,40.82542999939167,0 -77.8106299999657,40.82504999906965,0 -77.81084000002799,40.82488999885506,0 -77.81088000021097,40.82485999877184,0 -77.81112000041048,40.82465999922991,0 -77.81188000029368,40.82404999887309,0 -77.81205000017299,40.8239199988073,0 -77.81208000031022,40.82389999914056,0 -77.81242000006884,40.82361999909475,0 -77.81300000002699,40.8231399991793,0 -77.81307000034718,40.82308999907329,0 -77.81334999983135,40.82286999897488,0 -77.81408999962305,40.82225999914919,0 -77.81446999956465,40.82195999940567,0 -77.81449999970188,40.8219299993567,0 -77.81466000043378,40.82179999921426,0 -77.8149800001009,40.82152999899323,0 -77.81505000042111,40.82146999917252,0 -77.81523000034616,40.82131999904336,0 -77.8152899997223,40.82126999892493,0 -77.81533999995102,40.82121999876883,0 -77.81548999973884,40.82107999935478,0 -77.81549999978459,40.82106999875411,0 -77.81557000010478,40.82099999926565,0 -77.81578000016708,40.82079999896047,0 -77.81678000024976,40.81978999915204,0 -77.81691999999185,40.81963999930256,0 -77.81720000037434,40.8193599989479,0 -77.81741999958406,40.81913999939395,0 -77.81763999969208,40.8189299993554,0 -77.81778000033249,40.81878999918692,0 -77.81781999961714,40.81874999879316,0 -77.8179300001203,40.81864999940282,0 -77.81807999990814,40.81852999925557,0 -77.81815000022833,40.81845999912611,0 -77.81837000033636,40.81829999932975,0 -77.8185900004444,40.81814999883019,0 -77.81845999984972,40.81805999891148,0 -77.81834000019913,40.81795999916083,0 -77.81831000006191,40.81791999894639,0 -77.81830000001617,40.81786999898438,0 -77.81827999992467,40.81780999925216,0 -77.81827999992467,40.81777999936569,0 -77.81827999992467,40.81771999887221,0 -77.81827999992467,40.81766999875945,0 -77.81830000001617,40.81755999933047,0 -77.81833000015338,40.81739999940279,0 -77.81839999957528,40.81721999876798,0 -77.81839999957528,40.81720999894501,0 -77.81847999994122,40.81706999922554,0 -77.81861999968329,40.81687999918223,0 -77.81878000041519,40.81665999888166,0 -77.81891000011153,40.81642999927058,0 -77.81902999976214,40.81618999888541,0 -77.8190499998536,40.8161199990061,0 -77.8190499998536,40.81608999903523,0 -77.81905999989935,40.81602999905273,0 -77.81906999994511,40.81594999899168,0 -77.81905999989935,40.81590999892499,0 -77.81903999980787,40.81579999929706,0 -77.81901999971639,40.81572999900627,0 -77.81897000038599,40.81558999888288,0 -77.81885999988282,40.81528999888619,0 -77.81880999965411,40.81505999928446,0 -77.81879999960836,40.81497999873359,0 -77.8189000000658,40.8149999990503,0</coordinates>
        </LineString>
        <LineString>
          <extrude>0</extrude>
          <tessellate>1</tessellate><altitudeMode>clampToGround</altitudeMode>
          <coordinates> -77.88752999958841,40.78190999924538,0 -77.88737999980056,40.78216999913445,0 -77.88749000030374,40.78196999878688,0 -77.88752999958841,40.78190999924538,0</coordinates>
        </LineString>
        <LineString>
          <extrude>0</extrude>
          <tessellate>1</tessellate><altitudeMode>clampToGround</altitudeMode>
          <coordinates> -77.88765000013731,40.78172999893525,0 -77.88755999972562,40.78185999935935,0 -77.88752999958841,40.78190999924538,0</coordinates>
        </LineString>
        <LineString>
          <extrude>0</extrude>
          <tessellate>1</tessellate><altitudeMode>clampToGround</altitudeMode>
          <coordinates> -77.89012999980343,40.78022999892114,0 -77.89013999984917,40.78023999887469,0 -77.89015999994066,40.78023999887468,0 -77.89016999998641,40.78023999887468,0 -77.89018000003215,40.78024999882672,0 -77.89019000007789,40.78024999882672,0 -77.89021000016939,40.78025999877726,0 -77.89022000021512,40.78025999877726,0 -77.89023000026086,40.78026999940645,0 -77.8902400003066,40.78026999940645,0 -77.89025000035235,40.78027999935397,0 -77.89025000035235,40.78028999929999,0 -77.89026000039809,40.78028999929997,0 -77.89026000039809,40.78029999924448,0 -77.89027000044382,40.78030999918749,0 -77.89027999959126,40.78031999912898,0 -77.89028999963701,40.78032999906899,0 -77.89028999963701,40.78033999900747,0 -77.89028999963701,40.78034999894444,0 -77.89028999963701,40.78035999887992,0 -77.89029999968275,40.7803699988139,0 -77.89029999968275,40.78037999874635,0 -77.89029999968275,40.78038999935748,0 -77.89028999963701,40.78039999928694,0 -77.89028999963701,40.78040999921489,0 -77.89028999963701,40.78041999914132,0 -77.89028999963701,40.78042999906626,0 -77.89027999959126,40.7804399989897,0 -77.89027999959126,40.78044999891162,0 -77.89027000044382,40.78044999891162,0 -77.89027000044382,40.78045999883204,0 -77.89026000039809,40.78046999875095,0 -77.89025000035235,40.78047999934854,0 -77.8902400003066,40.78047999934853,0 -77.89023000026086,40.78048999926444,0 -77.89023000026086,40.78049999917884,0 -77.89021000016939,40.78049999917884,0 -77.89020000012363,40.78050999909173,0 -77.89019000007789,40.78051999900313,0 -77.89018000003215,40.78051999900313,0 -77.89016999998641,40.78051999900313,0 -77.89015999994066,40.780529998913,0 -77.89013999984917,40.780529998913,0 -77.89012999980343,40.780529998913,0 -77.8901199997577,40.780529998913,0 -77.89009999966621,40.780529998913,0 -77.89008999962047,40.780529998913,0 -77.89007999957474,40.780529998913,0 -77.89006000038155,40.780529998913,0 -77.8900500003358,40.78052999891299,0 -77.89004000029007,40.780529998913,0 -77.89002000019858,40.78051999900312,0 -77.89001000015283,40.78051999900313,0 -77.89000000010709,40.78050999909173,0 -77.88999000006136,40.78050999909173,0 -77.88998000001561,40.78049999917884,0 -77.88996999996986,40.78049999917884,0 -77.88995999992412,40.78048999926444,0 -77.88994999987838,40.78047999934853,0 -77.88993999983263,40.78046999875095,0 -77.8899299997869,40.78046999875095,0 -77.88987999955818,40.78046999875095,0 -77.88985000031926,40.78046999875095,0 -77.88982000018204,40.78046999875095,0 -77.88968999958738,40.78051999900313,0 -77.88944000024046,40.7805999989202,0 -77.88928999955429,40.78066999885366,0 -77.88907000034459,40.78076999901932,0 -77.88885000023656,40.78087999889155,0 -77.88875999982487,40.78092999883516,0 -77.88867000031151,40.78097999874105,0 -77.88850999957963,40.78107999912022,0 -77.88830999956308,40.78118999915934,0 -77.88819999995823,40.78125999915122,0 -77.88816999982099,40.7812899992223,0 -77.88804000012465,40.78139999891365,0 -77.88789000033682,40.78153999906123,0 -77.88779999992514,40.78162999885447,0 -77.88765000013731,40.78172999893525,0 -77.88770000036604,40.78157999875764,0 -77.88794999971297,40.78129999901626,0 -77.88814999972951,40.78111999909365,0 -77.88852999967109,40.78087999889155,0 -77.88856999985407,40.78084999931552,0 -77.88894999979567,40.78065999896486,0 -77.88924000022389,40.78053999882138,0 -77.88937999996598,40.78048999926444,0 -77.88941000010321,40.78047999934853,0 -77.88952999975382,40.78043999898969,0 -77.88966000034847,40.78040999921489,0 -77.88975999990758,40.78038999935748,0 -77.88983000022778,40.78037999874635,0 -77.88986000036502,40.78036999881388,0 -77.88987999955818,40.78035999887992,0 -77.88990999969542,40.78032999906899,0 -77.88991999974115,40.78031999912899,0 -77.8899299997869,40.78030999918749,0 -77.8899299997869,40.78029999924448,0 -77.88993999983263,40.78028999929998,0 -77.88994999987838,40.78027999935397,0 -77.88995999992412,40.78027999935397,0 -77.88996999996986,40.78026999940646,0 -77.88998000001561,40.78025999877726,0 -77.88999000006136,40.78025999877725,0 -77.89000000010709,40.78024999882672,0 -77.89001000015283,40.78024999882672,0 -77.89002000019858,40.78023999887469,0 -77.89004000029007,40.78023999887469,0 -77.8900500003358,40.78023999887468,0 -77.89007000042729,40.78022999892115,0 -77.89007999957474,40.78022999892114,0 -77.89008999962047,40.78022999892114,0 -77.89009999966621,40.78022999892114,0 -77.8901199997577,40.78022999892114,0 -77.89012999980343,40.78022999892114,0</coordinates>
        </LineString>
        <LineString>
          <extrude>0</extrude>
          <tessellate>1</tessellate><altitudeMode>clampToGround</altitudeMode>
          <coordinates> -77.88737999980056,40.78216999913445,0 -77.88720999992127,40.78245999890886,0 -77.88709000027066,40.78269999884351,0 -77.88704000004196,40.78276999928463,0 -77.88693999958451,40.78291999881537,0 -77.88682999997967,40.78303999874019,0 -77.88671000032906,40.78311999902311,0 -77.88643999999233,40.78331999930877,0 -77.88631000029599,40.78338999909644,0 -77.88614000041669,40.78324999876715,0 -77.88598999973053,40.78315999912842,0 -77.88578999971399,40.78302999920819,0 -77.8856499999719,40.7829499988169,0 -77.88562999988042,40.7829299990441,0 -77.88536999958941,40.78279999935392,0 -77.88508000005952,40.78266999872907,0 -77.88481999976852,40.78255999910039,0 -77.88478999963128,40.78254999881593,0 -77.88407999997679,40.78227999872882,0 -77.88394000023472,40.78221999878719,0 -77.88351000006442,40.78205999935791,0 -77.88330000000212,40.78196999878688,0 -77.8828199996031,40.78177999891916,0 -77.88276000022697,40.78174999906935,0 -77.8826299996323,40.78169999906287,0 -77.88250999998171,40.78163999927747,0 -77.88239000033111,40.78156999900584,0 -77.88228999987368,40.78151999886384,0 -77.88217000022308,40.78144999914598,0 -77.8820799998114,40.78137999935433,0 -77.88191999997782,40.78127999874661,0 -77.88173000000702,40.78113999873125,0 -77.88158000021919,40.78101999877477,0 -77.88143000043137,40.78087999889155,0 -77.881249999608,40.78070999907401,0 -77.88117000014036,40.78062999928942,0 -77.88091999989511,40.78037999874635,0 -77.88073999997005,40.7801999990515,0 -77.88061000027372,40.78007999875719,0 -77.88047999967905,40.77995999892638,0 -77.88013999992043,40.77963999899784,0 -77.88005999955449,40.7797099992627,0 -77.87957000000804,40.7801199993329,0 -77.87908999960902,40.78051999900313,0 -77.87881000012484,40.78075999914556,0 -77.87791999964699,40.78150999910302,0 -77.87785000022512,40.78155999925254,0 -77.87735999978035,40.78197999915869,0 -77.87667000021735,40.78255999910039,0 -77.87624000004705,40.78291999881537,0 -77.87615999968111,40.78297999880486,0 -77.87609000025923,40.78303999874019,0 -77.87592000037991,40.78317999883196,0 -77.87567000013466,40.78338999909644,0 -77.87555999963148,40.78348999924812,0 -77.87514999955266,40.78384999936377,0 -77.8750399999478,40.78393999874768,0 -77.87471000023491,40.78421999892294,0 -77.87441999980669,40.78446999929653,0 -77.87436999957797,40.78450999926893,0 -77.87410000013955,40.78473999932312,0 -77.87357000041014,40.78518999919551,0 -77.87325999989041,40.7854599990157,0 -77.87319999961596,40.78550999891232,0 -77.87301999969091,40.78565999905651,0 -77.87287999994882,40.7857799987919,0 -77.87262999970356,40.78597999922933,0 -77.87240000044811,40.78616999932506,0 -77.87228999994494,40.78625999896592,0 -77.8721600002486,40.78636999926814,0 -77.87189999995761,40.78658999932608,0 -77.87164999971235,40.78678999936457,0 -77.87160000038195,40.78682999930004,0 -77.87141999955857,40.78697999918338,0 -77.8714000003654,40.78698999880078,0 -77.87134000009095,40.7870299992959,0 -77.87128999986221,40.78708999897319,0 -77.87124999967925,40.78711999913158,0 -77.87120000034886,40.78716999913866,0 -77.87102999957122,40.78726999904001,0 -77.87050999988756,40.7876699991799,0 -77.86996000006664,40.78809999934666,0 -77.86965000044525,40.78834999939735,0 -77.86946999962187,40.78847999910618,0 -77.8694500004287,40.78849999924806,0 -77.86933999992554,40.78857999907525,0 -77.8686899996472,40.78909999934333,0 -77.86834999988858,40.78934999902982,0 -77.86753999977667,40.78995999877652,0 -77.86682000007644,40.79050999910689,0 -77.86638999990613,40.79082999903289,0 -77.86614999970662,40.79100999916371,0 -77.86518999980689,40.79172999888787,0 -77.86497999974461,40.79189999906252,0 -77.86490000027698,40.79195999910024,0 -77.86445000001518,40.79230999937321,0 -77.86440999983222,40.7923399992136,0 -77.86411000025656,40.79255999921585,0 -77.86391000024001,40.79270999907762,0 -77.86340999974949,40.79308999897911,0 -77.86300999971643,40.79337999935562,0 -77.86277000041521,40.79355999937438,0 -77.86232000015343,40.79388999882137,0 -77.86166999987509,40.79436999886023,0 -77.8615999995549,40.7944199988489,0 -77.86152000008725,40.79447999932971,0 -77.86147999990429,40.79450999886964,0 -77.86076000020407,40.79505999891445,0 -77.86043999963863,40.79529999887857,0 -77.86037000021672,40.79534999884691,0 -77.86014000006296,40.79552999896518,0 -77.859839999589,40.79575999893498,0 -77.85982000039581,40.79576999927041,0 -77.85952999996759,40.79598999878803,0 -77.85921000030045,40.79622999879044,0 -77.85918000016322,40.79625999889974,0 -77.85897000010094,40.79640999924295,0 -77.85866999962697,40.79663999888421,0 -77.85830999977686,40.79690999907255,0 -77.8580799996231,40.79707999890478,0 -77.85800000015547,40.79714999914918,0 -77.85774999991021,40.79733999924622,0 -77.8576500003511,40.79740999921652,0 -77.85691999970682,40.79796999904148,0 -77.85616999986937,40.79852999890263,0 -77.85587000029372,40.79875999935921,0 -77.85572999965332,40.79886999935501,0 -77.8550099999531,40.79941999931987,0 -77.85481999998228,40.79956999932308,0 -77.85420999988692,40.80005999878463,0 -77.85400999987039,40.80020999938164,0 -77.85395999964166,40.80024999939294,0 -77.85339999977502,40.80068999928607,0 -77.85311000024511,40.80091999905861,0 -77.85270000016628,40.8012199987467,0 -77.85233000027043,40.80149999881897,0 -77.85216000039111,40.80161999916835,0 -77.85199999965923,40.80172999918469,0 -77.85182999977991,40.8018399990187,0 -77.85163999980911,40.8019599987534,0 -77.85145999988406,40.80206999888627,0 -77.85133000018773,40.80213999930864,0 -77.85123999977604,40.80217999883683,0 -77.85117000035414,40.80221999902092,0 -77.85100999962226,40.80227999925188,0 -77.85086999988019,40.802309999347,0 -77.85037000028798,40.80250999895473,0 -77.85000000039214,40.80262999883804,0 -77.84976000019262,40.80272999925509,0 -77.8496599997352,40.80275999914679,0 -77.84914000005152,40.80295999875849,0 -77.84827999971088,40.80326999931153,0 -77.84818000015179,40.80330999883873,0 -77.84803000036396,40.80336999876427,0 -77.84781000025595,40.80343999917552,0 -77.84765000042236,40.8034999989836,0 -77.84744000036007,40.80357999909661,0 -77.84701000018977,40.80373999903334,0 -77.84658000001946,40.8038999992643,0 -77.84636999995716,40.80396999911657,0 -77.8449499997499,40.80449999890507,0 -77.84423000004968,40.80475999874212,0 -77.8440199999874,40.80483999937623,0 -77.84397999980442,40.80484999902375,0 -77.84376999974214,40.80492999886945,0 -77.84333999957182,40.80508999895141,0 -77.84313000040785,40.80515999890851,0 -77.84291000029984,40.80523999906046,0 -77.84286000007111,40.80525999891342,0 -77.84275999961368,40.80529999928114,0 -77.84252000031249,40.80538999883047,0 -77.84232000029594,40.80545999915112,0 -77.84203999991347,40.80555999938391,0 -77.84070000007213,40.80605999896765,0 -77.84052000014708,40.80611999912688,0 -77.83984999977724,40.80636999931993,0 -77.83977000030963,40.80639999892623,0 -77.83951000001863,40.80649999910251,0 -77.83934000013933,40.8065699989323,0 -77.83879000031841,40.80679999872726,0 -77.83851999998166,40.80691999901337,0 -77.83811999994859,40.80710999902258,0 -77.83782000037294,40.80724999936116,0 -77.8374100002941,40.80742999916829,0 -77.83720000023183,40.8075299991524,0 -77.83637000002842,40.80790999921341,0 -77.83626000042358,40.80795999920262,0 -77.83620000014912,40.80797999891576,0 -77.83587000043623,40.8081399991237,0 -77.83553999982504,40.80828999913827,0 -77.83526000034087,40.80840999876979,0 -77.83509999960897,40.80848999908353,0 -77.83464000019977,40.80869999885323,0 -77.83432999968004,40.80884999896176,0 -77.83375999976765,40.80911999911865,0 -77.83318999985525,40.80940999881889,0 -77.83276999973069,40.80961999907674,0 -77.83271000035455,40.80963999896951,0 -77.83260999989712,40.80969999929152,0 -77.83196999966452,40.8100199991862,0 -77.83187000010541,40.81007999916459,0 -77.83177999969374,40.81011999934672,0 -77.83142999988937,40.81029999884794,0 -77.83127000005578,40.81037999892285,0 -77.83097999962756,40.81055999907861,0 -77.83082999983974,40.81069999893767,0 -77.83073000028061,40.81063999884,0 -77.83061999977747,40.81055999907861,0 -77.83054000030982,40.81048999937823,0 -77.83048000003537,40.81044999873922,0 -77.83039999966944,40.81041999892409,0 -77.83035000033902,40.81040999875607,0 -77.83025999992734,40.81039999926643,0 -77.82971000010643,40.81036999874875,0 -77.82957000036434,40.81036999874875,0 -77.82947999995265,40.81035999925313,0 -77.8291300001483,40.81035999925314,0 -77.82883999972007,40.81034999907601,0 -77.82841000044807,40.81033999889746,0 -77.8283700002651,40.81033999889746,0 -77.82801999956241,40.81032999939727,0 -77.82770999994102,40.81031999921567,0 -77.82720000030308,40.81029999884794,0 -77.82657000011623,40.81027999915409,0 -77.82620000022037,40.81026999896499,0 -77.82598000011235,40.81026999896498,0 -77.82589999974641,40.81025999877436,0 -77.82573999991284,40.81025999877437,0 -77.82540000015422,40.8102499992621,0 -77.82481000015034,40.81022999887333,0 -77.82455999990508,40.81021999935655,0 -77.82425000028368,40.8102099991584,0 -77.82386000029635,40.81018999875752,0 -77.82374999979318,40.81017999923471,0 -77.82338999994307,40.8101399990888,0 -77.82291000044236,40.81009999891871,0 -77.82276999980195,40.81007999916459,0 -77.82268000028859,40.81007999916459,0 -77.8223299995859,40.81006999894533,0 -77.82223000002679,40.81007999916459,0 -77.82208000023896,40.81006999894534,0 -77.82198999982727,40.81006999894533,0 -77.82175999967352,40.81006999894533,0 -77.82149000023507,40.81005999940445,0 -77.82130000026429,40.81003999895839,0 -77.82128000017278,40.81003999895839,0 -77.82105000001903,40.80998999917665,0 -77.82096999965307,40.80994999891615,0 -77.82089000018546,40.80991999887495,0 -77.82064999998595,40.80977999872996,0 -77.82060999980297,40.80975999887939,0 -77.82046000001515,40.80966999913729,0 -77.82038999969495,40.80961999907674,0 -77.8203500004103,40.80959999917795,0 -77.82028000009009,40.80955999936228,0 -77.820140000348,40.80947999897867,0 -77.82009000011931,40.8094499994049,0 -77.8197600004064,40.80926999895773,0 -77.81902999976214,40.80888999920543,0 -77.81895000029451,40.80908999938213,0 -77.81889000002006,40.80922999894312,0 -77.81881999969984,40.80942999877495,0 -77.81874000023221,40.8096799987369,0 -77.81870000004923,40.80981999909289,0 -77.81859999959183,40.81015999882482,0 -77.81855000026142,40.81038999909538,0 -77.81851000007845,40.81054999893163,0 -77.81847999994122,40.81071999918483,0 -77.81844999980399,40.81083999918129,0 -77.81841999966676,40.81090999919236,0 -77.81839000042785,40.81101999876909,0 -77.81839000042785,40.81102999884523,0 -77.81836000029062,40.81118999917792,0 -77.81836000029062,40.81136999917608,0 -77.81837000033636,40.81145999933197,0 -77.81839000042785,40.81155999936198,0 -77.81841999966676,40.81165999924134,0 -77.81843999975824,40.81173999903624,0 -77.81847999994122,40.81190999896015,0 -77.8185000000327,40.81198999913357,0 -77.81853000016993,40.81208999904474,0 -77.81861999968329,40.81225999875176,0 -77.81866999991202,40.81231999874432,0 -77.81880999965411,40.81246999882831,0 -77.81916000035679,40.812759998845,0 -77.81917000040252,40.81276999933874,0 -77.8192599999159,40.81289999882139,0 -77.8192599999159,40.81291999908525,0 -77.81930000009886,40.81305999940393,0 -77.81930000009886,40.81309999914933,0 -77.81930000009886,40.81313999887061,0 -77.81926999996163,40.81330999928671,0 -77.81920999968719,40.81344999878243,0 -77.81918000044826,40.81350999905861,0 -77.81913000021954,40.81359999903122,0 -77.81907999999085,40.81366999884998,0 -77.81892000015726,40.81391999915379,0 -77.81885999988282,40.81403999880179,0 -77.81882999974559,40.81410999883621,0 -77.81881999969984,40.81415999891268,0 -77.81878999956261,40.8143899989151,0 -77.81878999956261,40.81482999888533,0 -77.81879999960836,40.81497999873359,0</coordinates>
        </LineString>
        <LineString>
          <extrude>0</extrude>
          <tessellate>1</tessellate><altitudeMode>clampToGround</altitudeMode>
          <coordinates> -77.87558999976871,40.76215999904451,0 -77.87582999996823,40.76238999891594,0 -77.87614999963536,40.76269999905122,0 -77.87650000033803,40.76301999892534,0 -77.87686000018816,40.76336999929867,0 -77.87710000038766,40.76361999921448,0 -77.8771100004334,40.76361999921448,0 -77.87715999976382,40.76366999922087,0 -77.87728000031271,40.76378999921884,0 -77.87739999996332,40.76389999931015,0 -77.87745000019203,40.76395999878839,0 -77.87757999988837,40.76406999927871,0 -77.87789999955552,40.76437999906248,0 -77.87808000037889,40.76426999908523,0 -77.87860000006256,40.76397999882921,0 -77.8787299997589,40.76389999931015,0 -77.87945000035745,40.76349999890959,0 -77.87964000032825,40.76367999894549,0 -77.87980000016181,40.76383999909737,0 -77.87999000013262,40.76400999921937,0 -77.88009999973747,40.76411999894655,0 -77.88024000037787,40.76425999876901,0 -77.88031999984548,40.76433999921552,0 -77.88038000011994,40.76440999927208,0 -77.88051999986203,40.76454999916402,0 -77.88084999957492,40.76486999897597,0 -77.88110999986593,40.76512999887937,0 -77.88125999965374,40.76526999929578,0 -77.88140000029414,40.76540999873685,0 -77.88155000008197,40.7655599993659,0 -77.88193000002356,40.7659299987443,0 -77.88208999985714,40.7660899989224,0 -77.88209999990288,40.76609999896329,0 -77.88216000017734,40.76615999917684,0 -77.88241000042258,40.76640999880335,0 -77.88246999979873,40.76641999879605,0 -77.88278000031843,40.76627999876116,0 -77.88288999992331,40.76619999928916,0 -77.88306999984836,40.7661299990768,0 -77.88328999995639,40.76603999937588,0 -77.88346999988144,40.76596999899501,0 -77.88354000020163,40.7659299987443,0 -77.88364999980649,40.76585999892794,0 -77.88366999989798,40.76584999885097,0 -77.88385999986876,40.76573999926561,0 -77.88392000014325,40.76577999895036,0 -77.88394000023472,40.76579999912386,0 -77.88395000028046,40.76581999929139,0 -77.88413000020553,40.76598999911138,0 -77.88424999985611,40.76611999904049,0 -77.88460999970623,40.76646999873704,0 -77.88466999998069,40.76653999927164,0 -77.88482999981426,40.76668999939128,0 -77.88530000016755,40.76713999907943,0 -77.88544999995536,40.76727999934369,0 -77.88555000041279,40.76737999925471,0 -77.88570000020061,40.76751999901336,0 -77.88575000042933,40.76756999880705,0 -77.88583999994272,40.76766999896202,0 -77.88596999963906,40.76779999900652,0 -77.88597999968479,40.76780999879008,0 -77.88607000009647,40.76790999926421,0 -77.88612000032518,40.76795999876451,0 -77.88625000002152,40.76810999908072,0 -77.88641999990084,40.76832999906804,0 -77.88645000003807,40.76835999885528,0 -77.88659999982589,40.76856999902763,0 -77.88668000019183,40.76869999935253,0 -77.8867899997967,40.76886999928894,0 -77.88692000039136,40.76906999893749,0 -77.88697999976749,40.76918999939012,0 -77.88707000017918,40.76936999898249,0 -77.88712000040789,40.76948999889336,0 -77.88721999996702,40.76972999874537,0 -77.88725000010423,40.76978999908319,0 -77.88732000042442,40.76997999922855,0 -77.88732000042442,40.76998999936442,0 -77.88739999989207,40.77024999896607,0 -77.88747000021226,40.77048999879437,0 -77.88751000039522,40.77066999894715,0 -77.88755999972562,40.77097999923889,0 -77.8875999999086,40.77125999893963,0 -77.88760999995435,40.77146999879119,0 -77.88760999995435,40.77161999934789,0 -77.88760999995435,40.77178999929735,0 -77.8875999999086,40.77195999881186,0 -77.8875999999086,40.77220999906852,0 -77.88756999977137,40.77240999886875,0 -77.88753999963414,40.77256999909176,0 -77.88752000044099,40.77268999934638,0 -77.88745000012077,40.77295999895672,0 -77.88745000012077,40.77302999877737,0 -77.8874600001665,40.77305999916388,0 -77.88747000021226,40.77308999885652,0 -77.88748000025801,40.77312999887916,0 -77.88750000034948,40.77315999922046,0 -77.88751000039522,40.77318999886795,0 -77.88752999958841,40.77321999918222,0 -77.88754999967988,40.7732599991266,0 -77.88757999981712,40.77328999872895,0 -77.88762000000008,40.77331999899804,0 -77.88763000004582,40.77333999894311,0 -77.88767000022879,40.77335999888223,0 -77.8877199995592,40.77338999911972,0 -77.88776999978792,40.77341999934362,0 -77.8878099999709,40.77342999896176,0 -77.88785000015386,40.77344999887372,0 -77.88788000029108,40.77345999916759,0 -77.88846000024922,40.77349999896748,0 -77.88880000000785,40.77352999914177,0 -77.88890999961271,40.77354999902368,0 -77.88893999974992,40.77354999902368,0 -77.88906000029884,40.77356999889951,0 -77.88917999994945,40.77359999904219,0 -77.88927000036114,40.77361999890301,0 -77.88947000037767,40.77368999938888,0 -77.8896700003942,40.77375999912073,0 -77.88988999960392,40.77384999925068,0 -77.8899299997869,40.77386999903624,0 -77.89012999980343,40.7739599990172,0 -77.89050999974503,40.77413999929363,0 -77.89088999968664,40.77431999908239,0 -77.8920499996029,40.77486999900567,0 -77.89205999964864,40.77486999900567,0 -77.8921900002433,40.77492999878369,0 -77.8922599996652,40.77492999878369,0 -77.89262000041361,40.77508999906066,0 -77.8928100003844,40.77518999878298,0 -77.89324999970215,40.77543999913092,0 -77.89335000015957,40.77550999905976,0 -77.89345999976445,40.7755899988881,0 -77.89358000031335,40.77568999921835,0 -77.8936399996895,40.77575999888376,0 -77.89378000032988,40.775909999279,0 -77.89400999958534,40.77615999895834,0 -77.89416000027148,40.77630999913066,0 -77.89427999992209,40.77643999927821,0 -77.89470000004667,40.77688999892325,0 -77.89472000013814,40.77695999936507,0 -77.89487999997172,40.77716999888737,0 -77.89494000024615,40.77723999903409,0 -77.89516000035418,40.7774599994038,0 -77.89530000009628,40.77760999936184,0 -77.89543999983836,40.77774999933455,0 -77.89557999958043,40.77789999931797,0 -77.89559999967194,40.77791999924482,0 -77.89572000022083,40.77803999935978,0 -77.89582999982569,40.77814999899123,0 -77.89608000007097,40.77841999886044,0 -77.89633000031621,40.77867999880582,0 -77.89647000005829,40.77881999924441,0 -77.89671000025781,40.77907999898467,0 -77.89714999957555,40.77954999922905,0 -77.89732000035318,40.77973999935364,0 -77.89738999977504,40.77979999881469,0 -77.89757999974586,40.78000999888225,0 -77.89767000015753,40.78010999936129,0 -77.89793000044853,40.78038999935747,0 -77.89797999977893,40.78044999891162,0 -77.89812000041934,40.7805999989202,0 -77.8983999999035,40.78088999874725,0 -77.8984700002237,40.7809699988989,0 -77.89873999966213,40.78124999935124,0 -77.89889000034829,40.78140999937123,0 -77.89902000004463,40.78153999906123,0 -77.89914999974096,40.78168999932912,0 -77.89918999992393,40.78172999893526,0 -77.89929000038136,40.78183999925832,0 -77.89946000026067,40.78201999927035,0 -77.89971999965334,40.78226999908245,0 -77.89976999988205,40.78232999897891,0 -77.89994999980711,40.78249999873144,0 -77.90027000037257,40.78281999916585,0 -77.90100000011854,40.78356999898899,0 -77.90110999972337,40.78368999909979,0 -77.9012500003638,40.78381999908857,0 -77.90167999963579,40.78425999904596,0 -77.90181000023044,40.7843999992868,0 -77.90209999976037,40.78468999884679,0 -77.90209999976037,40.78469999880906,0 -77.90229999977689,40.78489999909804,0 -77.90238000014284,40.78497999918108,0 -77.90251999988492,40.78511999926446,0 -77.9026799997185,40.78528999935768,0 -77.90300000028395,40.78559999876742,0 -77.90315000007178,40.78573999890417,0 -77.90342000040852,40.78600999920899,0 -77.90358000024209,40.78616999932506,0 -77.90371999998416,40.78631999933884,0 -77.9040100004124,40.78659999900221,0 -77.90415000015449,40.78674999940507,0 -77.90471000002114,40.78732999918058,0 -77.9049400001749,40.78755999899054,0 -77.90525999984204,40.78787999885,0 -77.90551000008729,40.78813999917316,0 -77.9055800004075,40.78821999875389,0 -77.90574000024107,40.78839999915855,0 -77.9058199997087,40.78843999880432,0 -77.9063400002907,40.78901999878233,0 -77.90628000001622,40.78905999873479,0 -77.90537000034521,40.78949999934216,0 -77.9047700002956,40.78979999895029,0 -77.90375000012141,40.79028999911333,0 -77.90371999998416,40.79029999891249,0 -77.90364999966397,40.79033999877397,0 -77.90362000042505,40.79034999924572,0 -77.90359000028782,40.79036999882438,0 -77.90327999976812,40.7905099991069,0 -77.90323000043772,40.79052999931748,0 -77.90307999975157,40.79060999873933,0 -77.90303000042117,40.79062999891981,0 -77.9024200003258,40.79090999877342,0 -77.9023199998684,40.79095999932744,0 -77.90167999963579,40.79128999877508,0 -77.90141000019734,40.79142999915818,0 -77.90102000021002,40.79162999890188,0 -77.89970999960761,40.7922899990187,0 -77.899589999957,40.79219999938909,0 -77.89955999981979,40.79215999928781,0 -77.8994200000777,40.79200999886358,0 -77.89916999983244,40.79173999915025,0 -77.89911999960373,40.7916899991836,0 -77.89908000031907,40.79164999877513,0 -77.89902000004463,40.79160999902262,0 -77.89902000004463,40.79159999874069,0 -77.89890000039402,40.79151999915138,0 -77.89887000025678,40.7914899989405,0 -77.89860999996579,40.79130999875074,0 -77.89850000036093,40.79122999881202,0 -77.89844000008648,40.79117999914143,0 -77.898419999995,40.79116999879475,0 -77.89829000029866,40.79103999891134,0 -77.8982800002529,40.79103999891134,0 -77.89814999965824,40.79089999906619,0 -77.89806000014488,40.79080999891266,0 -77.89798999982469,40.79073999878448,0 -77.89786000012833,40.79060999873933,0 -77.89765000006606,40.79037999929157,0 -77.89759999983734,40.79032999898091,0 -77.89753000041546,40.79029999891249,0 -77.89746000009526,40.79023999873493,0 -77.89732000035318,40.79010999907111,0 -77.89712000033663,40.78990999882969,0 -77.89709000019941,40.78987999925165,0 -77.89694000041158,40.7897299991176,0 -77.89679999977119,40.78958999923088,0 -77.89675000044079,40.78952999909195,0 -77.89654000037849,40.78929999930386,0 -77.89653000033275,40.78928999935417,0 -77.89642999987531,40.78921999898383,0 -77.89627000004175,40.78910999932163,0 -77.8960700000252,40.78899999879705,0 -77.89594000032888,40.78891999879574,0 -77.89585999996294,40.78888999877042,0 -77.895779999597,40.7888599987315,0 -77.89576999955125,40.7888599987315,0 -77.89576000040381,40.788869998746,0 -77.89574000031233,40.78886999874599,0 -77.8957300002666,40.78886999874599,0 -77.89572000022083,40.78886999874599,0 -77.89571000017509,40.78886999874599,0 -77.89570000012935,40.78886999874599,0 -77.89569000008362,40.78886999874599,0 -77.89566999999212,40.788869998746,0 -77.89565999994639,40.788869998746,0 -77.89564999990064,40.7888599987315,0 -77.89563999985491,40.7888599987315,0 -77.89562999980915,40.7888599987315,0 -77.89561999976341,40.78884999939569,0 -77.89560999971768,40.78884999939569,0 -77.89559999967194,40.78883999937818,0 -77.89558999962618,40.78883999937819,0 -77.89557999958043,40.78882999935922,0 -77.89557000043301,40.7888199993387,0 -77.89546999997559,40.78883999937819,0 -77.89532000018777,40.7888599987315,0 -77.89507999998825,40.78890999878883,0 -77.89506999994251,40.78890999878883,0 -77.89490000006319,40.78895999880846,0 -77.89481999969723,40.78899999879705,0 -77.89469000000089,40.78905999873481,0 -77.89443999975566,40.78920999902209,0 -77.89419000040871,40.78933999908767,0 -77.8939500002092,40.78946999889874,0 -77.89383999970602,40.78952999909195,0 -77.89375000019265,40.7895699987372,0 -77.89373000010117,40.78957999932487,0 -77.89361999959799,40.78961999894,0 -77.89353000008462,40.78963999873854,0 -77.89346999981018,40.78965999921112,0 -77.89329999993086,40.78967999899761,0 -77.89312000000581,40.78967999899761,0 -77.89296000017224,40.78965999921113,0 -77.8928100003844,40.78962999883998,0 -77.89262000041361,40.7895699987372,0 -77.89253000000193,40.78953999900548,0 -77.89242000039707,40.78950999926027,0 -77.89236000012261,40.78950999926028,0 -77.89228999980241,40.78949999934216,0 -77.89220000028905,40.78950999926027,0 -77.8921900002433,40.78950999926027,0 -77.89208999978588,40.78952999909194,0 -77.89184000043895,40.78955999882812,0 -77.89167999970705,40.78958999923088,0 -77.89164000042238,40.78948999874246,0 -77.89160000023942,40.78936999890968,0 -77.89152999991923,40.78919999905884,0 -77.89142000031437,40.78896999880789,0 -77.8913099998112,40.78875999918411,0 -77.89113999993188,40.78846999903296,0 -77.89098000009831,40.78824999908193,0 -77.89092999986958,40.78817999897557,0 -77.89077000003603,40.78797999904243,0 -77.89060000015672,40.78777999918708,0 -77.89046000041465,40.78763999927003,0 -77.88989999964966,40.78705999880123,0 -77.88957999998253,40.78672999873613,0 -77.889339999783,40.78647999938821,0 -77.88876999987062,40.78590999877064,0 -77.88821000000397,40.78532999883621,0 -77.88787000024534,40.78496999926097,0 -77.88765000013731,40.78474999927784,0 -77.88751000039522,40.78459999911886,0 -77.88708000022493,40.78416999873527,0 -77.88693999958451,40.78401999930687,0 -77.88677999975094,40.78385999877231,0 -77.88631000029599,40.78338999909644,0</coordinates>
        </LineString>
      </MultiGeometry>
    </Placemark>
    <Placemark id="ID_00039">
      <name>CC</name>
      <snippet></snippet>
      <description><![CDATA[<html xmlns:fo="http://www.w3.org/1999/XSL/Format" xmlns:msxsl="urn:schemas-microsoft-com:xslt">
<head>
<META http-equiv="Content-Type" content="text/html">
<meta http-equiv="content-type" content="text/html; charset=UTF-8">
</head>
<body style="margin:0px 0px 0px 0px;overflow:auto;background:#FFFFFF;">
<table style="font-family:Arial,Verdana,Times;font-size:12px;text-align:left;width:100%;border-collapse:collapse;padding:3px 3px 3px 3px">
<tr style="text-align:center;font-weight:bold;background:#9CBCE2">
<td>CC</td>
</tr>
<tr>
<td>
<table style="font-family:Arial,Verdana,Times;font-size:12px;text-align:left;width:100%;border-spacing:0px; padding:3px 3px 3px 3px">
<tr>
<td>shape_id</td>
<td>20</td>
</tr>
<tr bgcolor="#D4E4F3">
<td>route_id</td>
<td>70</td>
</tr>
<tr>
<td>agency_id</td>
<td>CATA</td>
</tr>
<tr bgcolor="#D4E4F3">
<td>route_short_name</td>
<td>CC</td>
</tr>
<tr>
<td>route_long_name</td>
<td>College Avenue Connector</td>
</tr>
<tr bgcolor="#D4E4F3">
<td>route_desc</td>
<td>&lt;Null&gt;</td>
</tr>
<tr>
<td>route_type</td>
<td>3</td>
</tr>
<tr bgcolor="#D4E4F3">
<td>route_url</td>
<td>&lt;Null&gt;</td>
</tr>
<tr>
<td>route_sort_order</td>
<td>&lt;Null&gt;</td>
</tr>
<tr bgcolor="#D4E4F3">
<td>continuous_pickup</td>
<td>&lt;Null&gt;</td>
</tr>
<tr>
<td>continuous_drop_off</td>
<td>&lt;Null&gt;</td>
</tr>
<tr bgcolor="#D4E4F3">
<td>route_type_text</td>
<td>Bus</td>
</tr>
<tr>
<td>ColorCode</td>
<td>000099</td>
</tr>
<tr bgcolor="#D4E4F3">
<td>Shape__Length</td>
<td>17201.874912</td>
</tr>
<tr>
<td>GlobalID</td>
<td>{6094C21B-811F-486B-A23F-34D506098CD5}</td>
</tr>
</table>
</td>
</tr>
</table>
</body><script type="text/javascript">
				function changeImage(attElement, nameElement) {
				document.getElementById('imageAttachment').src = attElement;
				document.getElementById('imageName').innerHTML = nameElement;}
			</script></html>
]]></description>
      <styleUrl>#LineStyle00</styleUrl>
      <MultiGeometry>
        <LineString>
          <extrude>0</extrude>
          <tessellate>1</tessellate><altitudeMode>clampToGround</altitudeMode>
          <coordinates> -77.8599600001379,40.79369999905155,0 -77.86031999998801,40.79342999872972,0 -77.86069999992962,40.79312999920015,0 -77.86080000038703,40.79304999873395,0 -77.86084999971743,40.79300999914481,0 -77.86088999990041,40.79297999892704,0 -77.86100999955102,40.79289999896019,0 -77.8612899999335,40.79270999907762,0 -77.86147999990429,40.79256999935318,0 -77.86161999964636,40.79245999911973,0 -77.86181999966291,40.79230999937321,0 -77.86194000021183,40.79222999927917,0 -77.86203999977094,40.79214999908872,0 -77.86244999984977,40.79183999897059,0 -77.86261999972909,40.79170999903879,0 -77.86291000015731,40.79149999923899,0 -77.86296000038602,40.79145999939618,0 -77.86319999968721,40.79127999912509,0 -77.86331000019038,40.7911899988065,0 -77.86347000002397,40.79106999932555,0 -77.86378999969109,40.79083999875067,0 -77.86443999996943,40.79034999924572,0 -77.86474999959083,40.79011999889731,0 -77.86499999983607,40.78992999922102,0 -77.86509000024776,40.7898699993893,0 -77.86530000031004,40.78970999934621,0 -77.86536999973194,40.78964999931566,0 -77.86566000016018,40.78942999919325,0 -77.8662400001183,40.78898999880221,0 -77.8667899999392,40.78855999895745,0 -77.8673799999431,40.78810999879544,0 -77.86748000040052,40.78803999922167,0 -77.86838000002579,40.78733999874531,0 -77.86864000031679,40.78712999872789,0 -77.86910999977175,40.78675999905715,0 -77.86924000036643,40.78665999906799,0 -77.86957000007931,40.78639999907163,0 -77.86962000030802,40.78636999926814,0 -77.86972999991288,40.78635999887721,0 -77.86984000041605,40.78637999897743,0 -77.86988999974645,40.7864199991598,0 -77.87020000026615,40.7866399990521,0 -77.87056000011626,40.78690999909863,0 -77.87072999999558,40.7870399989058,0 -77.87081000036152,40.78709999925418,0 -77.8708299995547,40.78712999872789,0 -77.87087999978341,40.78715999886822,0 -77.87090999992064,40.78718999899499,0 -77.87102999957122,40.78726999904001,0 -77.87050999988756,40.7876699991799,0 -77.86996000006664,40.78809999934666,0 -77.86965000044525,40.78834999939735,0 -77.86946999962187,40.78847999910618,0 -77.8694500004287,40.78849999924806,0 -77.86933999992554,40.78857999907525,0 -77.86897000002968,40.78886999874599,0 -77.8686899996472,40.78909999934333,0 -77.86834999988858,40.78934999902982,0 -77.86819000005501,40.78947999882131,0 -77.86753999977667,40.78995999877652,0 -77.86682000007644,40.79050999910689,0 -77.86638999990613,40.79082999903289,0 -77.86614999970662,40.79100999916371,0 -77.86518999980689,40.79172999888787,0 -77.86497999974461,40.79189999906252,0 -77.86490000027698,40.79195999910024,0 -77.86450000024389,40.79226999933824,0 -77.86445000001518,40.79230999937321,0 -77.86440999983222,40.7923399992136,0 -77.86411000025656,40.79255999921585,0 -77.86391000024001,40.79270999907762,0 -77.86354000034416,40.79298999900112,0 -77.86340999974949,40.79308999897911,0 -77.86339999970376,40.79308999897911,0 -77.86328000005317,40.79317999876246,0 -77.86300999971643,40.79337999935562,0 -77.86277000041521,40.79355999937438,0 -77.86259999963758,40.79367999911576,0 -77.86232000015343,40.79388999882137,0 -77.86225999987897,40.79393999917151,0 -77.86208999999965,40.79405999890616,0 -77.86192000012034,40.79418999899735,0 -77.86166999987509,40.79436999886023,0 -77.8615999995549,40.7944199988489,0 -77.86152000008725,40.79447999932971,0 -77.86147999990429,40.79450999886964,0 -77.86076000020407,40.79505999891445,0 -77.86043999963863,40.79529999887857,0 -77.86037000021672,40.79534999884691,0 -77.86014000006296,40.79552999896518,0 -77.859839999589,40.79575999893498,0 -77.85982000039581,40.79576999927041,0 -77.85952999996759,40.79598999878803,0 -77.85921000030045,40.79622999879044,0 -77.85918000016322,40.79625999889974,0 -77.85897000010094,40.79640999924295,0 -77.85866999962697,40.79663999888421,0 -77.85830999977686,40.79690999907255,0 -77.8580799996231,40.79707999890478,0 -77.85800000015547,40.79714999914918,0 -77.85774999991021,40.79733999924622,0 -77.8576500003511,40.79740999921652,0 -77.85691999970682,40.79796999904148,0 -77.85616999986937,40.79852999890263,0 -77.85587000029372,40.79875999935921,0 -77.85572999965332,40.79886999935501,0 -77.8550099999531,40.79941999931987,0 -77.85481999998228,40.79956999932308,0 -77.85420999988692,40.80005999878463,0 -77.85400999987039,40.80020999938164,0 -77.85395999964166,40.80024999939294,0 -77.85339999977502,40.80068999928607,0 -77.85311000024511,40.80091999905861,0 -77.85270000016628,40.8012199987467,0 -77.85233000027043,40.80149999881897,0 -77.85216000039111,40.80161999916835,0 -77.85199999965923,40.80172999918469,0 -77.85182999977991,40.8018399990187,0 -77.85163999980911,40.8019599987534,0 -77.85145999988406,40.80206999888627,0 -77.85133000018773,40.80213999930864,0 -77.85123999977604,40.80217999883683,0 -77.85117000035414,40.80221999902092,0 -77.85100999962226,40.80227999925188,0 -77.85086999988019,40.802309999347,0 -77.85037000028798,40.80250999895473,0 -77.85000000039214,40.80262999883804,0 -77.84976000019262,40.80272999925509,0 -77.8496599997352,40.80275999914679,0 -77.84914000005152,40.80295999875849,0 -77.84827999971088,40.80326999931153,0 -77.84818000015179,40.80330999883873,0 -77.84803000036396,40.80336999876427,0 -77.84781000025595,40.80343999917552,0 -77.84765000042236,40.8034999989836,0 -77.84744000036007,40.80357999909661,0 -77.84701000018977,40.80373999903334,0 -77.84658000001946,40.8038999992643,0 -77.84636999995716,40.80396999911657,0 -77.8449499997499,40.80449999890507,0 -77.84423000004968,40.80475999874212,0 -77.8440199999874,40.80483999937623,0 -77.84397999980442,40.80484999902375,0 -77.84376999974214,40.80492999886945,0 -77.84333999957182,40.80508999895141,0 -77.84313000040785,40.80515999890851,0 -77.84291000029984,40.80523999906046,0 -77.84286000007111,40.80525999891342,0 -77.84275999961368,40.80529999928114,0 -77.84252000031249,40.80538999883047,0 -77.84232000029594,40.80545999915112,0 -77.84203999991347,40.80555999938391,0 -77.84070000007213,40.80605999896765,0 -77.84052000014708,40.80611999912688,0 -77.83984999977724,40.80636999931993,0 -77.83977000030963,40.80639999892623,0 -77.83951000001863,40.80649999910251,0 -77.83934000013933,40.8065699989323,0 -77.83879000031841,40.80679999872726,0 -77.83811999994859,40.80710999902258,0 -77.83782000037294,40.80724999936116,0 -77.8374100002941,40.80742999916829,0 -77.83720000023183,40.8075299991524,0 -77.83637000002842,40.80790999921341,0 -77.83626000042358,40.80795999920262,0 -77.83620000014912,40.80797999891576,0 -77.83587000043623,40.8081399991237,0 -77.83553999982504,40.80828999913827,0 -77.83526000034087,40.80840999876979,0 -77.83509999960897,40.80848999908353,0 -77.83464000019977,40.80869999885323,0 -77.83432999968004,40.80884999896176,0 -77.83375999976765,40.80911999911865,0 -77.83318999985525,40.80940999881889,0 -77.83276999973069,40.80961999907674,0 -77.83271000035455,40.80963999896951,0 -77.83260999989712,40.80969999929152,0 -77.83196999966452,40.8100199991862,0 -77.83187000010541,40.81007999916459,0 -77.83177999969374,40.81011999934672,0 -77.83142999988937,40.81029999884794,0 -77.83127000005578,40.81037999892285,0 -77.83097999962756,40.81055999907861,0 -77.83082999983974,40.81069999893767,0 -77.83046999998962,40.81092999937621,0 -77.82991000012298,40.81126999885965,0 -77.82947999995265,40.81153999936802,0 -77.82939000043929,40.81159999933183,0 -77.82931000007335,40.81164999926017,0 -77.82915000023978,40.81173999903624,0 -77.82873000011521,40.81200999899188,0 -77.82861999961204,40.81206999921054,0 -77.82851000000718,40.81213999928372,0 -77.82839000035659,40.81220999928306,0 -77.82826999980767,40.81228999909479,0 -77.82788999986609,40.81250999892939,0 -77.82757000019893,40.81271999889459,0 -77.82723000044032,40.81292999887498,0 -77.82711999993714,40.81298999894157,0 -77.82696000010357,40.81301999895452,0 -77.82671999990406,40.81316999881572,0 -77.82617000008315,40.8134999993563,0 -77.82599000015809,40.81360999939834,0 -77.82562000026225,40.81383999926786,0 -77.82543000029145,40.81394999874617,0 -77.82525000036638,40.81405999940194,0 -77.8250600003956,40.81417999879672,0 -77.82468999960142,40.81439999916314,0 -77.82431999970555,40.81462999901336,0 -77.82424000023795,40.81468999890229,0 -77.8241399997805,40.81474999873692,0 -77.82405000026715,40.81479999901095,0 -77.8236800003713,40.81502999883421,0 -77.82350000044622,40.81513999905902,0 -77.82336999985156,40.81521999873708,0 -77.82331999962287,40.81524999910144,0 -77.82312999965208,40.81535999896143,0 -77.82297999986423,40.81545999923217,0 -77.82279999993918,40.81556999874402,0 -77.82232000043848,40.81585999880768,0 -77.82195999969004,40.81607999904192,0 -77.82177999976498,40.81618999888541,0 -77.8215899997942,40.81630999918655,0 -77.82121999989833,40.81652999928812,0 -77.82067000007743,40.816869999308,0 -77.82048000010663,40.8169799992013,0 -77.81993000028572,40.81731999895432,0 -77.81946999997818,40.81760999884628,0 -77.8192599999159,40.81772999929814,0 -77.8189000000658,40.81795999916083,0 -77.81873000018648,40.81806999928618,0 -77.8185900004444,40.81814999883019,0 -77.81837000033636,40.81829999932975,0 -77.81815000022833,40.81845999912611,0 -77.81807999990814,40.81852999925557,0 -77.8179300001203,40.81864999940282,0 -77.81781999961714,40.81874999879316,0 -77.81778000033249,40.81878999918692,0 -77.81763999969208,40.8189299993554,0 -77.81741999958406,40.81913999939395,0 -77.81720000037434,40.8193599989479,0 -77.81691999999185,40.81963999930256,0 -77.81678000024976,40.81978999915204,0 -77.81578000016708,40.82079999896047,0 -77.81557000010478,40.82099999926565,0 -77.81549999978459,40.82106999875411,0 -77.81548999973884,40.82107999935478,0 -77.81533999995102,40.82121999876883,0 -77.8152899997223,40.82126999892493,0 -77.81523000034616,40.82131999904336,0 -77.81505000042111,40.82146999917252,0 -77.8149800001009,40.82152999899323,0 -77.81466000043378,40.82179999921426,0 -77.81449999970188,40.8219299993567,0 -77.81446999956465,40.82195999940567,0 -77.81408999962305,40.82225999914919,0 -77.81334999983135,40.82286999897488,0 -77.81307000034718,40.82308999907329,0 -77.81300000002699,40.8231399991793,0 -77.81242000006884,40.82361999909475,0 -77.81208000031022,40.82389999914056,0 -77.81205000017299,40.8239199988073,0 -77.81188000029368,40.82404999887309,0 -77.81112000041048,40.82465999922991,0 -77.81088000021097,40.82485999877184,0 -77.81084000002799,40.82488999885506,0 -77.8106299999657,40.82504999906965,0 -77.81012000032779,40.82542999939167,0 -77.80961999983728,40.82580999889591,0 -77.80944999995796,40.8259399993355,0 -77.80933000030736,40.82602999875848,0 -77.80920999975844,40.82610999889833,0 -77.80886999999981,40.82635999922319,0 -77.80842999978377,40.82669999915858,0 -77.80771000008355,40.82722999888004,0 -77.80750000002125,40.82737999923772,0 -77.80739000041642,40.82744999879006,0 -77.80696000024609,40.82772999897942,0 -77.80668999990935,40.82790999896235,0 -77.80652000003003,40.82801999890022,0 -77.80626999978477,40.82822999938718,0 -77.80610999995122,40.82835999916117,0 -77.80600000034636,40.82848999936002,0 -77.80583999961448,40.82866999931916,0 -77.80582999956873,40.82867999877391,0 -77.80574000005537,40.82879999891027,0 -77.80562000040476,40.82897999938741,0 -77.80548999981011,40.82920999898386,0 -77.8054399995814,40.8292899993658,0 -77.8052499996106,40.82961999924125,0 -77.80512999996,40.82983999937873,0 -77.80499000021793,40.8300899992359,0 -77.80492999994344,40.830199998956,0 -77.80491999989771,40.83021999876193,0 -77.80473999997265,40.83054999876698,0 -77.80450999981888,40.83093999931258,0 -77.80427999966513,40.83135999879867,0 -77.80432999989382,40.83149999894238,0 -77.80433999993956,40.83152999874059,0 -77.80436000003107,40.83155999920481,0 -77.80438000012253,40.83157999928023,0 -77.80443000035126,40.83163999879055,0 -77.80449999977314,40.83168999924731,0 -77.80462000032206,40.83177999902283,0 -77.80480000024711,40.83194999924723,0 -77.80520000028021,40.83211999903576,0 -77.8052499996106,40.83204999897572,0 -77.80549999985585,40.83172999931364,0 -77.80559000026754,40.83159999934963,0 -77.80566999973516,40.83147999884289,0 -77.80574000005537,40.83137999893437,0 -77.80582999956873,40.83123999921694,0 -77.80595000011763,40.8310599987575,0 -77.8061500001342,40.83076999921732,0 -77.80639000033369,40.83085999888224,0 -77.80659000035024,40.83093999931258,0 -77.80680000041254,40.83101999896667,0 -77.80672000004658,40.83112999918308,0 -77.80661000044174,40.83128999929563,0 -77.80653000007578,40.83139999906408,0 -77.80646999980132,40.83148999923323,0 -77.80637000024221,40.83161999873328,0 -77.80623999964756,40.83180999937392,0 -77.80613000004269,40.83197999884177,0 -77.80601000039209,40.83214999923308,0 -77.80589999988894,40.83229999933636,0 -77.80584999966023,40.83237999938859,0 -77.80578000023834,40.83247999914823,0 -77.80565999968942,40.83264999893726,0 -77.80557000017605,40.83276999936547,0 -77.80548999981011,40.83290999925074,0 -77.80539000025099,40.83305999899396,0 -77.80534000002228,40.83313999880886,0 -77.80524733341083,40.83327297138916,0 -77.80514559740826,40.83344446307611,0 -77.80506686097195,40.83356971732294,0 -77.8050383008341,40.83363746401362,0 -77.80504761277035,40.83370922207568,0 -77.8051481315557,40.83384063706223,0 -77.8052050838464,40.833895033343,0 -77.80533690442782,40.8340279208094,0 -77.80545868543761,40.83411731998093,0 -77.80563194709973,40.83419495530822,0 -77.8058899998432,40.83429999887079,0 -77.80616000017993,40.83439999913288,0 -77.80603999963101,40.83454999890338,0 -77.80602000043785,40.83459999920453,0 -77.80601000039209,40.83465999938025,0 -77.80600000034636,40.83469999901413,0 -77.80602999958528,40.83474999920218,0 -77.80604999967674,40.83476999899497,0 -77.80613000004269,40.83484999878553,0 -77.80665999977212,40.83533999938905,0 -77.80679000036679,40.83546999881645,0 -77.80692000006313,40.83559999934826,0 -77.80694000015461,40.83560999911719,0 -77.80704999975947,40.83576999929306,0 -77.80723999973026,40.83560999911719,0 -77.80739999956384,40.83551999910345,0 -77.80753000015849,40.83542999896753,0 -77.80780999964264,40.83523999918551,0 -77.8079600003288,40.83514999934911,0 -77.80824999985872,40.83495999876469,0 -77.80842999978377,40.83484999878553,0 -77.8087700004407,40.83461999904262,0 -77.80878999963387,40.83460999912435,0 -77.80904999992487,40.83441999903125,0 -77.8093400003531,40.83422999907332,0 -77.80944999995796,40.83413999922519,0 -77.80945109500429,40.83414509607296,0 -77.80970762689998,40.83393228892096,0 -77.80997838900808,40.83366391697905,0 -77.81006748840953,40.83372794507389,0 -77.81013869426883,40.83378647114632,0 -77.80999962967296,40.83392396021382,0 -77.8099100002655,40.83400999922878,0 -77.80967936679944,40.83421962187963,0 -77.8095827916182,40.83414857394579,0 -77.80950820719511,40.83408935221007,0 -77.80960723387876,40.83400705285196,0 -77.8097755188742,40.83386841802788,0 -77.80987288097964,40.83377383328718,0 -77.80999526386069,40.83365477738555,0 -77.80999999977887,40.83364999926781,0 -77.81014000041927,40.83351999899028,0 -77.81042999994918,40.83322999933482,0 -77.81048000017789,40.83318999881404,0 -77.8105300004066,40.83313999880885,0 -77.81068000019444,40.83298999924664,0 -77.81082999998226,40.83284999885061,0 -77.81098999981583,40.83268999910412,0 -77.81124000006109,40.83246999890719,0 -77.81128000024407,40.83242999928724,0 -77.81151000039782,40.83219999930522,0 -77.81187000024792,40.83186999935582,0 -77.81187000024792,40.83185999902278,0 -77.81193999966983,40.83177999902281,0 -77.81206000021874,40.83186999935581,0 -77.81231999961142,40.8319999987905,0 -77.8126900004056,40.83215999884274,0 -77.81350999966493,40.83253999920352,0 -77.81361000012234,40.83257999875705,0 -77.81369999963572,40.83263999940148,0 -77.81382000018463,40.83269999931198,0 -77.81387999956077,40.832739998769,0 -77.81399000006395,40.83281999897001,0 -77.81409999966881,40.83290999925074,0 -77.81438000005129,40.83316999922428,0 -77.81452999983912,40.83330999894461,0 -77.8146699995812,40.83345999914223,0 -77.81434999991406,40.83363999920323,0 -77.81429999968535,40.83367999877282,0 -77.8142899996396,40.83367999877282,0 -77.81380000009315,40.83397999919341,0 -77.81373999981869,40.83400999922878,0 -77.81336999992283,40.83424999902302,0 -77.8126700003141,40.83466999929102,0 -77.81209000035597,40.83503999900559,0 -77.81179999992774,40.83521999885486,0 -77.81153999963675,40.83538999909442,0 -77.8113399996202,40.83551999910345,0 -77.81123000001533,40.83557999912622,0 -77.81069000024019,40.83589999923652,0 -77.8105999998285,40.83595999891536,0 -77.81005000000758,40.83630999890471,0 -77.81003999996184,40.83631999924618,0 -77.80967000006599,40.83652999927263,0 -77.80961999983728,40.83655999883372,0 -77.80949000014094,40.83664999879489,0 -77.80938999968349,40.83670999915417,0 -77.8091999997127,40.83680999917926,0 -77.80912000024507,40.83686999939374,0 -77.80901999978765,40.83692999887431,0 -77.80894000032002,40.83698999898019,0 -77.80866999998328,40.83713999900732,0 -77.80822999976721,40.83742999923005,0 -77.80819999963001,40.83743999940258,0 -77.80801999970494,40.83755999931646,0 -77.80765999985483,40.8377999991722,0 -77.8075800003872,40.8378499990611,0 -77.80734000018769,40.83799999918113,0 -77.80716000026264,40.8381099993706,0 -77.80697000029183,40.83821999937751,0 -77.80660000039597,40.83843999884377,0 -77.80654000012153,40.83847999891542,0 -77.80632000001351,40.83862999896915,0 -77.80624999969331,40.83867999891162,0 -77.80603999963101,40.83880999926512,0 -77.80593000002617,40.83887999898396,0 -77.80576000014685,40.83897999913368,0 -77.80538000020526,40.83920999938123,0 -77.80525999965634,40.83928999925068,0 -77.80519000023445,40.83932999880941,0 -77.80484999957751,40.8395199991022,0 -77.8045600000476,40.83924999898823,0 -77.80425000042619,40.83897999913368,0 -77.80347999959895,40.83828999903975,0 -77.8032999996739,40.83809999929911,0 -77.8029900000525,40.83778999905398,0 -77.80292999977804,40.83773999911984,0 -77.80275999989873,40.83757999894121,0 -77.80248000041456,40.83731999927148,0 -77.8022500002608,40.83709999880674,0 -77.80165000021118,40.83652999927263,0 -77.80150000042335,40.83638999887583,0 -77.80107000025303,40.83601999921956,0 -77.80133999969145,40.83566999905849,0 -77.80147000028612,40.83548999907169,0 -77.80154999975375,40.83538999909442,0 -77.80176999986176,40.83509999878308,0 -77.80201000006129,40.83478999878177,0 -77.80243000018585,40.83421999909623,0 -77.80218999998634,40.83410999924863,0 -77.80196999987831,40.83404999925484,0 -77.80169000039413,40.83399999921852,0 -77.8016800003484,40.83404999925484,0 -77.80166000025692,40.83408999925675,0 -77.80161000002821,40.83417999917274,0 -77.80156999984523,40.83421999909622,0 -77.801539999708,40.83426999896664,0 -77.8014900003776,40.83431999879932,0 -77.8014900003776,40.83432999876132,0 -77.80133999969145,40.83445999880994,0 -77.80128000031532,40.83451999911235,0 -77.80111999958343,40.83441999903125,0 -77.80100999997858,40.83431999879932,0 -77.80098999988709,40.83430999883581,0 -77.8007799998248,40.83409999925344,0 -77.80065000012846,40.8339599991623,0 -77.80064000008272,40.83394999914451,0 -77.80057999980826,40.83389999903276,0 -77.80052999957955,40.83383999884887,0 -77.80075999973333,40.83370999894391,0 -77.80072000044866,40.83366999939241,0</coordinates>
        </LineString>
      </MultiGeometry>
    </Placemark>
    <Placemark id="ID_00040">
      <name>CC</name>
      <snippet></snippet>
      <description><![CDATA[<html xmlns:fo="http://www.w3.org/1999/XSL/Format" xmlns:msxsl="urn:schemas-microsoft-com:xslt">
<head>
<META http-equiv="Content-Type" content="text/html">
<meta http-equiv="content-type" content="text/html; charset=UTF-8">
</head>
<body style="margin:0px 0px 0px 0px;overflow:auto;background:#FFFFFF;">
<table style="font-family:Arial,Verdana,Times;font-size:12px;text-align:left;width:100%;border-collapse:collapse;padding:3px 3px 3px 3px">
<tr style="text-align:center;font-weight:bold;background:#9CBCE2">
<td>CC</td>
</tr>
<tr>
<td>
<table style="font-family:Arial,Verdana,Times;font-size:12px;text-align:left;width:100%;border-spacing:0px; padding:3px 3px 3px 3px">
<tr>
<td>shape_id</td>
<td>22</td>
</tr>
<tr bgcolor="#D4E4F3">
<td>route_id</td>
<td>70</td>
</tr>
<tr>
<td>agency_id</td>
<td>CATA</td>
</tr>
<tr bgcolor="#D4E4F3">
<td>route_short_name</td>
<td>CC</td>
</tr>
<tr>
<td>route_long_name</td>
<td>College Avenue Connector</td>
</tr>
<tr bgcolor="#D4E4F3">
<td>route_desc</td>
<td>&lt;Null&gt;</td>
</tr>
<tr>
<td>route_type</td>
<td>3</td>
</tr>
<tr bgcolor="#D4E4F3">
<td>route_url</td>
<td>&lt;Null&gt;</td>
</tr>
<tr>
<td>route_sort_order</td>
<td>&lt;Null&gt;</td>
</tr>
<tr bgcolor="#D4E4F3">
<td>continuous_pickup</td>
<td>&lt;Null&gt;</td>
</tr>
<tr>
<td>continuous_drop_off</td>
<td>&lt;Null&gt;</td>
</tr>
<tr bgcolor="#D4E4F3">
<td>route_type_text</td>
<td>Bus</td>
</tr>
<tr>
<td>ColorCode</td>
<td>000099</td>
</tr>
<tr bgcolor="#D4E4F3">
<td>Shape__Length</td>
<td>13962.421416</td>
</tr>
<tr>
<td>GlobalID</td>
<td>{34FB56FE-9ABE-43D0-92F1-19845E2F77F1}</td>
</tr>
</table>
</td>
</tr>
</table>
</body><script type="text/javascript">
				function changeImage(attElement, nameElement) {
				document.getElementById('imageAttachment').src = attElement;
				document.getElementById('imageName').innerHTML = nameElement;}
			</script></html>
]]></description>
      <styleUrl>#LineStyle00</styleUrl>
      <MultiGeometry>
        <LineString>
          <extrude>0</extrude>
          <tessellate>1</tessellate><altitudeMode>clampToGround</altitudeMode>
          <coordinates> -77.86147999990429,40.79450999886964,0 -77.86076000020407,40.79505999891445,0 -77.86043999963863,40.79529999887857,0 -77.86037000021672,40.79534999884691,0 -77.86014000006296,40.79552999896518,0 -77.859839999589,40.79575999893498,0 -77.85982000039581,40.79576999927041,0 -77.85952999996759,40.79598999878803,0 -77.85921000030045,40.79622999879044,0 -77.85918000016322,40.79625999889974,0 -77.85897000010094,40.79640999924295,0 -77.85866999962697,40.79663999888421,0 -77.85830999977686,40.79690999907255,0 -77.8580799996231,40.79707999890478,0 -77.85800000015547,40.79714999914918,0 -77.85774999991021,40.79733999924622,0 -77.8576500003511,40.79740999921652,0 -77.85691999970682,40.79796999904148,0 -77.85616999986937,40.79852999890263,0 -77.85587000029372,40.79875999935921,0 -77.85572999965332,40.79886999935501,0 -77.8550099999531,40.79941999931987,0 -77.85481999998228,40.79956999932308,0 -77.85420999988692,40.80005999878463,0 -77.85400999987039,40.80020999938164,0 -77.85395999964166,40.80024999939294,0 -77.85339999977502,40.80068999928607,0 -77.85311000024511,40.80091999905861,0 -77.85270000016628,40.8012199987467,0 -77.85233000027043,40.80149999881897,0 -77.85216000039111,40.80161999916835,0 -77.85199999965923,40.80172999918469,0 -77.85182999977991,40.8018399990187,0 -77.85163999980911,40.8019599987534,0 -77.85145999988406,40.80206999888627,0 -77.85133000018773,40.80213999930864,0 -77.85123999977604,40.80217999883683,0 -77.85117000035414,40.80221999902092,0 -77.85100999962226,40.80227999925188,0 -77.85086999988019,40.802309999347,0 -77.85037000028798,40.80250999895473,0 -77.85000000039214,40.80262999883804,0 -77.84976000019262,40.80272999925509,0 -77.8496599997352,40.80275999914679,0 -77.84914000005152,40.80295999875849,0 -77.84827999971088,40.80326999931153,0 -77.84818000015179,40.80330999883873,0 -77.84803000036396,40.80336999876427,0 -77.84781000025595,40.80343999917552,0 -77.84765000042236,40.8034999989836,0 -77.84744000036007,40.80357999909661,0 -77.84701000018977,40.80373999903334,0 -77.84658000001946,40.8038999992643,0 -77.84636999995716,40.80396999911657,0 -77.8449499997499,40.80449999890507,0 -77.84423000004968,40.80475999874212,0 -77.8440199999874,40.80483999937623,0 -77.84397999980442,40.80484999902375,0 -77.84376999974214,40.80492999886945,0 -77.84333999957182,40.80508999895141,0 -77.84313000040785,40.80515999890851,0 -77.84291000029984,40.80523999906046,0 -77.84286000007111,40.80525999891342,0 -77.84275999961368,40.80529999928114,0 -77.84252000031249,40.80538999883047,0 -77.84232000029594,40.80545999915112,0 -77.84203999991347,40.80555999938391,0 -77.84070000007213,40.80605999896765,0 -77.84052000014708,40.80611999912688,0 -77.83984999977724,40.80636999931993,0 -77.83977000030963,40.80639999892623,0 -77.83951000001863,40.80649999910251,0 -77.83934000013933,40.8065699989323,0 -77.83879000031841,40.80679999872726,0 -77.83811999994859,40.80710999902258,0 -77.83782000037294,40.80724999936116,0 -77.8374100002941,40.80742999916829,0 -77.83720000023183,40.8075299991524,0 -77.83637000002842,40.80790999921341,0 -77.83626000042358,40.80795999920262,0 -77.83620000014912,40.80797999891576,0 -77.83587000043623,40.8081399991237,0 -77.83553999982504,40.80828999913827,0 -77.83526000034087,40.80840999876979,0 -77.83509999960897,40.80848999908353,0 -77.83464000019977,40.80869999885323,0 -77.83432999968004,40.80884999896176,0 -77.83375999976765,40.80911999911865,0 -77.83318999985525,40.80940999881889,0 -77.83276999973069,40.80961999907674,0 -77.83271000035455,40.80963999896951,0 -77.83260999989712,40.80969999929152,0 -77.83196999966452,40.8100199991862,0 -77.83187000010541,40.81007999916459,0 -77.83177999969374,40.81011999934672,0 -77.83142999988937,40.81029999884794,0 -77.83127000005578,40.81037999892285,0 -77.83097999962756,40.81055999907861,0 -77.83082999983974,40.81069999893767,0 -77.83046999998962,40.81092999937621,0 -77.82991000012298,40.81126999885965,0 -77.82947999995265,40.81153999936802,0 -77.82939000043929,40.81159999933183,0 -77.82931000007335,40.81164999926017,0 -77.82915000023978,40.81173999903624,0 -77.82873000011521,40.81200999899188,0 -77.82861999961204,40.81206999921054,0 -77.82851000000718,40.81213999928372,0 -77.82839000035659,40.81220999928306,0 -77.82826999980767,40.81228999909479,0 -77.82788999986609,40.81250999892939,0 -77.82757000019893,40.81271999889459,0 -77.82723000044032,40.81292999887498,0 -77.82711999993714,40.81298999894157,0 -77.82696000010357,40.81301999895452,0 -77.82671999990406,40.81316999881572,0 -77.82617000008315,40.8134999993563,0 -77.82599000015809,40.81360999939834,0 -77.82562000026225,40.81383999926786,0 -77.82543000029145,40.81394999874617,0 -77.82525000036638,40.81405999940194,0 -77.8250600003956,40.81417999879672,0 -77.82468999960142,40.81439999916314,0 -77.82431999970555,40.81462999901336,0 -77.82424000023795,40.81468999890229,0 -77.8241399997805,40.81474999873692,0 -77.82405000026715,40.81479999901095,0 -77.8236800003713,40.81502999883421,0 -77.82350000044622,40.81513999905902,0 -77.82336999985156,40.81521999873708,0 -77.82331999962287,40.81524999910144,0 -77.82312999965208,40.81535999896143,0 -77.82297999986423,40.81545999923217,0 -77.82279999993918,40.81556999874402,0 -77.82232000043848,40.81585999880768,0 -77.82195999969004,40.81607999904192,0 -77.82177999976498,40.81618999888541,0 -77.8215899997942,40.81630999918655,0 -77.82121999989833,40.81652999928812,0 -77.82067000007743,40.816869999308,0 -77.82048000010663,40.8169799992013,0 -77.81993000028572,40.81731999895432,0 -77.81946999997818,40.81760999884628,0 -77.8192599999159,40.81772999929814,0 -77.8189000000658,40.81795999916083,0 -77.81873000018648,40.81806999928618,0 -77.8185900004444,40.81814999883019,0 -77.81837000033636,40.81829999932975,0 -77.81815000022833,40.81845999912611,0 -77.81807999990814,40.81852999925557,0 -77.8179300001203,40.81864999940282,0 -77.81781999961714,40.81874999879316,0 -77.81778000033249,40.81878999918692,0 -77.81763999969208,40.8189299993554,0 -77.81741999958406,40.81913999939395,0 -77.81720000037434,40.8193599989479,0 -77.81691999999185,40.81963999930256,0 -77.81678000024976,40.81978999915204,0 -77.81578000016708,40.82079999896047,0 -77.81557000010478,40.82099999926565,0 -77.81549999978459,40.82106999875411,0 -77.81548999973884,40.82107999935478,0 -77.81533999995102,40.82121999876883,0 -77.8152899997223,40.82126999892493,0 -77.81523000034616,40.82131999904336,0 -77.81505000042111,40.82146999917252,0 -77.8149800001009,40.82152999899323,0 -77.81466000043378,40.82179999921426,0 -77.81449999970188,40.8219299993567,0 -77.81446999956465,40.82195999940567,0 -77.81408999962305,40.82225999914919,0 -77.81334999983135,40.82286999897488,0 -77.81307000034718,40.82308999907329,0 -77.81300000002699,40.8231399991793,0 -77.81242000006884,40.82361999909475,0 -77.81208000031022,40.82389999914056,0 -77.81205000017299,40.8239199988073,0 -77.81188000029368,40.82404999887309,0 -77.81112000041048,40.82465999922991,0 -77.81088000021097,40.82485999877184,0 -77.81084000002799,40.82488999885506,0 -77.8106299999657,40.82504999906965,0 -77.81012000032779,40.82542999939167,0 -77.80961999983728,40.82580999889591,0 -77.80944999995796,40.8259399993355,0 -77.80933000030736,40.82602999875848,0 -77.80920999975844,40.82610999889833,0 -77.80886999999981,40.82635999922319,0 -77.80842999978377,40.82669999915858,0 -77.80771000008355,40.82722999888004,0 -77.80750000002125,40.82737999923772,0 -77.80739000041642,40.82744999879006,0 -77.80696000024609,40.82772999897942,0 -77.80668999990935,40.82790999896235,0 -77.80652000003003,40.82801999890022,0 -77.80626999978477,40.82822999938718,0 -77.80610999995122,40.82835999916117,0 -77.80600000034636,40.82848999936002,0 -77.80583999961448,40.82866999931916,0 -77.80582999956873,40.82867999877391,0 -77.80574000005537,40.82879999891027,0 -77.80562000040476,40.82897999938741,0 -77.80548999981011,40.82920999898386,0 -77.8054399995814,40.8292899993658,0 -77.8052499996106,40.82961999924125,0 -77.80512999996,40.82983999937873,0 -77.80499000021793,40.8300899992359,0 -77.80492999994344,40.830199998956,0 -77.80491999989771,40.83021999876193,0 -77.80473999997265,40.83054999876698,0 -77.80450999981888,40.83093999931258,0 -77.80427999966513,40.83135999879867,0 -77.80432999989382,40.83149999894238,0 -77.80433999993956,40.83152999874059,0 -77.80436000003107,40.83155999920481,0 -77.80438000012253,40.83157999928023,0 -77.80443000035126,40.83163999879055,0 -77.80449999977314,40.83168999924731,0 -77.80462000032206,40.83177999902283,0 -77.80480000024711,40.83194999924723,0 -77.80520000028021,40.83211999903576,0 -77.8052499996106,40.83204999897572,0 -77.80549999985585,40.83172999931364,0 -77.80559000026754,40.83159999934963,0 -77.80566999973516,40.83147999884289,0 -77.80574000005537,40.83137999893437,0 -77.80582999956873,40.83123999921694,0 -77.80595000011763,40.8310599987575,0 -77.8061500001342,40.83076999921732,0 -77.80639000033369,40.83085999888224,0 -77.80659000035024,40.83093999931258,0 -77.80680000041254,40.83101999896667,0 -77.80672000004658,40.83112999918308,0 -77.80661000044174,40.83128999929563,0 -77.80653000007578,40.83139999906408,0 -77.80646999980132,40.83148999923323,0 -77.80637000024221,40.83161999873328,0 -77.80623999964756,40.83180999937392,0 -77.80613000004269,40.83197999884177,0 -77.80601000039209,40.83214999923308,0 -77.80589999988894,40.83229999933636,0 -77.80584999966023,40.83237999938859,0 -77.80578000023834,40.83247999914823,0 -77.80565999968942,40.83264999893726,0 -77.80557000017605,40.83276999936547,0 -77.80548999981011,40.83290999925074,0 -77.80539000025099,40.83305999899396,0 -77.80534000002228,40.83313999880886,0 -77.80524733341083,40.83327297138916,0 -77.80514559740826,40.83344446307611,0 -77.80506686097195,40.83356971732294,0 -77.8050383008341,40.83363746401362,0 -77.80504761277035,40.83370922207568,0 -77.8051481315557,40.83384063706223,0 -77.8052050838464,40.833895033343,0 -77.80533690442782,40.8340279208094,0 -77.80545868543761,40.83411731998093,0 -77.80563194709973,40.83419495530822,0 -77.8058899998432,40.83429999887079,0 -77.80616000017993,40.83439999913288,0 -77.80603999963101,40.83454999890338,0 -77.80602000043785,40.83459999920453,0 -77.80601000039209,40.83465999938025,0 -77.80600000034636,40.83469999901413,0 -77.80602999958528,40.83474999920218,0 -77.80604999967674,40.83476999899497,0 -77.80613000004269,40.83484999878553,0 -77.80665999977212,40.83533999938905,0 -77.80679000036679,40.83546999881645,0 -77.80692000006313,40.83559999934826,0 -77.80694000015461,40.83560999911719,0 -77.80704999975947,40.83576999929306,0 -77.80723999973026,40.83560999911719,0 -77.80739999956384,40.83551999910345,0 -77.80753000015849,40.83542999896753,0 -77.80780999964264,40.83523999918551,0 -77.8079600003288,40.83514999934911,0 -77.80824999985872,40.83495999876469,0 -77.80842999978377,40.83484999878553,0 -77.8087700004407,40.83461999904262,0 -77.80878999963387,40.83460999912435,0 -77.80904999992487,40.83441999903125,0 -77.8093400003531,40.83422999907332,0 -77.80944999995796,40.83413999922519,0 -77.80945109500429,40.83414509607296,0 -77.80970762689998,40.83393228892096,0 -77.80997838900808,40.83366391697905,0 -77.81006748840953,40.83372794507389,0 -77.81013869426883,40.83378647114632,0 -77.80999962967296,40.83392396021382,0 -77.8099100002655,40.83400999922878,0 -77.80967936679944,40.83421962187963,0 -77.8095827916182,40.83414857394579,0 -77.80950820719511,40.83408935221007,0 -77.80960723387876,40.83400705285196,0 -77.8097755188742,40.83386841802788,0 -77.80987288097964,40.83377383328718,0 -77.80999526386069,40.83365477738555,0 -77.80999999977887,40.83364999926781,0 -77.81014000041927,40.83351999899028,0 -77.81042999994918,40.83322999933482,0 -77.81048000017789,40.83318999881404,0 -77.8105300004066,40.83313999880885,0 -77.81068000019444,40.83298999924664,0 -77.81082999998226,40.83284999885061,0 -77.81098999981583,40.83268999910412,0 -77.81124000006109,40.83246999890719,0 -77.81128000024407,40.83242999928724,0 -77.81151000039782,40.83219999930522,0 -77.81187000024792,40.83186999935582,0 -77.81187000024792,40.83185999902278,0 -77.81193999966983,40.83177999902281,0 -77.81206000021874,40.83186999935581,0 -77.81231999961142,40.8319999987905,0 -77.8126900004056,40.83215999884274,0 -77.81350999966493,40.83253999920352,0 -77.81361000012234,40.83257999875705,0 -77.81369999963572,40.83263999940148,0 -77.81382000018463,40.83269999931198,0 -77.81387999956077,40.832739998769,0 -77.81399000006395,40.83281999897001,0 -77.81409999966881,40.83290999925074,0 -77.81438000005129,40.83316999922428,0 -77.81452999983912,40.83330999894461,0 -77.8146699995812,40.83345999914223,0 -77.81434999991406,40.83363999920323,0 -77.81429999968535,40.83367999877282,0 -77.8142899996396,40.83367999877282,0 -77.81380000009315,40.83397999919341,0 -77.81373999981869,40.83400999922878,0 -77.81336999992283,40.83424999902302,0 -77.8126700003141,40.83466999929102,0 -77.81209000035597,40.83503999900559,0 -77.81179999992774,40.83521999885486,0 -77.81153999963675,40.83538999909442,0 -77.8113399996202,40.83551999910345,0 -77.81123000001533,40.83557999912622,0 -77.81069000024019,40.83589999923652,0 -77.8105999998285,40.83595999891536,0 -77.81005000000758,40.83630999890471,0 -77.81003999996184,40.83631999924618,0 -77.80967000006599,40.83652999927263,0 -77.80961999983728,40.83655999883372,0 -77.80949000014094,40.83664999879489,0 -77.80938999968349,40.83670999915417,0 -77.8091999997127,40.83680999917926,0 -77.80912000024507,40.83686999939374,0 -77.80901999978765,40.83692999887431,0 -77.80894000032002,40.83698999898019,0 -77.80866999998328,40.83713999900732,0 -77.80822999976721,40.83742999923005,0 -77.80819999963001,40.83743999940258,0 -77.80801999970494,40.83755999931646,0 -77.80765999985483,40.8377999991722,0 -77.8075800003872,40.8378499990611,0 -77.80734000018769,40.83799999918113,0 -77.80716000026264,40.8381099993706,0 -77.80697000029183,40.83821999937751,0 -77.80660000039597,40.83843999884377,0 -77.80654000012153,40.83847999891542,0 -77.80632000001351,40.83862999896915,0 -77.80624999969331,40.83867999891162,0 -77.80603999963101,40.83880999926512,0 -77.80593000002617,40.83887999898396,0 -77.80576000014685,40.83897999913368,0 -77.80538000020526,40.83920999938123,0 -77.80525999965634,40.83928999925068,0 -77.80519000023445,40.83932999880941,0 -77.80484999957751,40.8395199991022,0 -77.8045600000476,40.83924999898823,0 -77.80425000042619,40.83897999913368,0 -77.80347999959895,40.83828999903975,0 -77.8032999996739,40.83809999929911,0 -77.8029900000525,40.83778999905398,0 -77.80292999977804,40.83773999911984,0 -77.80275999989873,40.83757999894121,0 -77.80248000041456,40.83731999927148,0 -77.8022500002608,40.83709999880674,0 -77.80165000021118,40.83652999927263,0 -77.80150000042335,40.83638999887583,0 -77.80107000025303,40.83601999921956,0 -77.80133999969145,40.83566999905849,0 -77.80147000028612,40.83548999907169,0 -77.80154999975375,40.83538999909442,0 -77.80176999986176,40.83509999878308,0 -77.80201000006129,40.83478999878177,0 -77.80243000018585,40.83421999909623,0 -77.80218999998634,40.83410999924863,0 -77.80196999987831,40.83404999925484,0 -77.80169000039413,40.83399999921852,0 -77.8016800003484,40.83404999925484,0 -77.80166000025692,40.83408999925675,0 -77.80161000002821,40.83417999917274,0 -77.80156999984523,40.83421999909622,0 -77.801539999708,40.83426999896664,0 -77.8014900003776,40.83431999879932,0 -77.8014900003776,40.83432999876132,0 -77.80133999969145,40.83445999880994,0 -77.80128000031532,40.83451999911235,0 -77.80111999958343,40.83441999903125,0 -77.80100999997858,40.83431999879932,0 -77.80098999988709,40.83430999883581,0 -77.8007799998248,40.83409999925344,0 -77.80065000012846,40.8339599991623,0 -77.80064000008272,40.83394999914451,0 -77.80057999980826,40.83389999903276,0 -77.80052999957955,40.83383999884887,0 -77.80075999973333,40.83370999894391,0 -77.80072000044866,40.83366999939241,0</coordinates>
        </LineString>
      </MultiGeometry>
    </Placemark>
    <Placemark id="ID_00041">
      <name>H</name>
      <snippet></snippet>
      <description><![CDATA[<html xmlns:fo="http://www.w3.org/1999/XSL/Format" xmlns:msxsl="urn:schemas-microsoft-com:xslt">
<head>
<META http-equiv="Content-Type" content="text/html">
<meta http-equiv="content-type" content="text/html; charset=UTF-8">
</head>
<body style="margin:0px 0px 0px 0px;overflow:auto;background:#FFFFFF;">
<table style="font-family:Arial,Verdana,Times;font-size:12px;text-align:left;width:100%;border-collapse:collapse;padding:3px 3px 3px 3px">
<tr style="text-align:center;font-weight:bold;background:#9CBCE2">
<td>H</td>
</tr>
<tr>
<td>
<table style="font-family:Arial,Verdana,Times;font-size:12px;text-align:left;width:100%;border-spacing:0px; padding:3px 3px 3px 3px">
<tr>
<td>shape_id</td>
<td>26</td>
</tr>
<tr bgcolor="#D4E4F3">
<td>route_id</td>
<td>72</td>
</tr>
<tr>
<td>agency_id</td>
<td>CATA</td>
</tr>
<tr bgcolor="#D4E4F3">
<td>route_short_name</td>
<td>H</td>
</tr>
<tr>
<td>route_long_name</td>
<td>H - Toftrees</td>
</tr>
<tr bgcolor="#D4E4F3">
<td>route_desc</td>
<td>&lt;Null&gt;</td>
</tr>
<tr>
<td>route_type</td>
<td>3</td>
</tr>
<tr bgcolor="#D4E4F3">
<td>route_url</td>
<td>&lt;Null&gt;</td>
</tr>
<tr>
<td>route_sort_order</td>
<td>&lt;Null&gt;</td>
</tr>
<tr bgcolor="#D4E4F3">
<td>continuous_pickup</td>
<td>&lt;Null&gt;</td>
</tr>
<tr>
<td>continuous_drop_off</td>
<td>&lt;Null&gt;</td>
</tr>
<tr bgcolor="#D4E4F3">
<td>route_type_text</td>
<td>Bus</td>
</tr>
<tr>
<td>ColorCode</td>
<td>9966FF</td>
</tr>
<tr bgcolor="#D4E4F3">
<td>Shape__Length</td>
<td>20513.468661</td>
</tr>
<tr>
<td>GlobalID</td>
<td>{4C0AEE13-BD53-4EF8-B6F0-FE680A816AAF}</td>
</tr>
</table>
</td>
</tr>
</table>
</body><script type="text/javascript">
				function changeImage(attElement, nameElement) {
				document.getElementById('imageAttachment').src = attElement;
				document.getElementById('imageName').innerHTML = nameElement;}
			</script></html>
]]></description>
      <styleUrl>#LineStyle00</styleUrl>
      <MultiGeometry>
        <LineString>
          <extrude>0</extrude>
          <tessellate>1</tessellate><altitudeMode>clampToGround</altitudeMode>
          <coordinates> -77.88634999958063,40.82425999901631,0 -77.88634000043321,40.82428999937092,0</coordinates>
        </LineString>
        <LineString>
          <extrude>0</extrude>
          <tessellate>1</tessellate><altitudeMode>clampToGround</altitudeMode>
          <coordinates> -77.90223000035502,40.80950999921883,0 -77.90177000004748,40.8094499994049,0 -77.90167999963579,40.80943999909071,0 -77.90152999984795,40.80942999877495,0 -77.90131999978567,40.80939999917857,0 -77.90127999960269,40.80939999917859,0 -77.90107999958617,40.80936999888872,0 -77.90100000011854,40.80935999924235,0 -77.90089999966112,40.80941999913766,0 -77.90076999996478,40.80949999891362,0 -77.90054999985674,40.80963999896951,0 -77.90048999958228,40.80949999891362,0 -77.90041000011466,40.80924999895345,0 -77.90040000006893,40.80918999890443,0 -77.90037999997742,40.80908999938214,0 -77.90036999993168,40.80900999911182,0 -77.90036999993168,40.80893999913616,0 -77.90036999993168,40.80889999892266,0 -77.90041000011466,40.8086299992305,0 -77.900539999811,40.80853999931559,0 -77.9012500003638,40.8086299992305,0 -77.901709999773,40.80867999935708,0 -77.90217000008055,40.8087299987661,0 -77.90288999978077,40.80881999910319,0 -77.90359000028782,40.80889999892266,0 -77.90402999960557,40.80895999923389,0 -77.90408999988001,40.80895999923389,0 -77.90441000044549,40.80899999873131,0 -77.9046099995637,40.80901999881094,0 -77.90504999977976,40.8090699993236,0 -77.90548999999582,40.80911999911865,0 -77.90559999960065,40.80912999880118,0 -77.90570000005809,40.80918999890443,0 -77.90573000019531,40.80920999892679,0 -77.9060799999997,40.80923999928903,0 -77.90622999978751,40.80925999929627,0 -77.9063200001992,40.80926999895773,0 -77.90661999977485,40.8092999992928,0 -77.90676999956268,40.809319999282,0 -77.90710000017387,40.80935999924235,0 -77.90728000009895,40.80937999921348,0 -77.90747000006974,40.80940999881888,0 -77.9079599996162,40.80945999903773,0 -77.90798999975341,40.80945999903773,0 -77.9080800001651,40.80946999934893,0 -77.90806000007362,40.80960999878811,0 -77.90805000002788,40.8096799987369,0 -77.90802999993639,40.80978999899291,0 -77.90801999989064,40.80983999892538,0 -77.90798999975341,40.80993999935718,0 -77.90794000042301,40.81004999918216,0 -77.90790000024005,40.81012999887852,0 -77.90789000019431,40.81012999887852,0 -77.9077699996454,40.81022999887333,0 -77.90771000026926,40.81029999884794,0 -77.90761999985756,40.81036999874875,0 -77.90753000034421,40.81042999909066,0 -77.90752000029845,40.81042999909065,0 -77.90740999979529,40.81047999922072,0 -77.90701999980794,40.81061999924864,0 -77.90699999971646,40.81061999924864,0 -77.90687000002012,40.81064999897335,0 -77.90665999995782,40.81072999930615,0 -77.90658999963763,40.81075999898113,0 -77.90645999994129,40.81081999897036,0 -77.90635000033643,40.81089999909818,0 -77.90623999983326,40.81097999912957,0 -77.90598000044058,40.81121999932483,0 -77.90577000037828,40.81143999930786,0 -77.90552000013304,40.81169999915086,0 -77.90544999981284,40.81177999889758,0 -77.90502999968827,40.81220999928307,0 -77.90502999968827,40.81221999917985,0 -77.90488999994619,40.81235999893585,0 -77.9048699998547,40.81238999923367,0 -77.90482999967173,40.81242999938299,0 -77.90480999958024,40.81248999922184,0 -77.9047700002956,40.81257999921829,0 -77.90474000015836,40.8126799989201,0 -77.90465999979241,40.81299999940065,0 -77.90461999960944,40.81309999914933,0 -77.90457000027904,40.8132099991747,0 -77.90454000014182,40.81325999924954,0 -77.9044899999131,40.81331999901766,0 -77.90442999963865,40.81338999913185,0 -77.90417000024597,40.81364999881219,0 -77.90406999978855,40.81372999892719,0 -77.90387999981775,40.81385999924834,0 -77.90385999972627,40.81387999922288,0 -77.90312999998029,40.81426999922022,0 -77.90273999999296,40.81446999881768,0 -77.90255000002216,40.81457999929111,0 -77.9024699996562,40.81461999879998,0 -77.9023500000056,40.81468999890229,0 -77.90225000044649,40.81474999873694,0 -77.90198000010976,40.81490999893723,0 -77.90161000021391,40.81513999905902,0 -77.9015399998937,40.81518999903911,0 -77.90147999961926,40.81525999921985,0 -77.90141000019734,40.8153099991095,0 -77.90112999981488,40.8154799994042,0 -77.90093999984408,40.81558999888287,0 -77.90078000001051,40.81566999937804,0 -77.9007299997818,40.81568999880687,0 -77.90068999959884,40.81570999890957,0 -77.90041000011466,40.81583999875023,0 -77.90022000014386,40.81591999894393,0 -77.90006000031029,40.81598999903428,0 -77.89998999999008,40.81602999905273,0 -77.89970999960761,40.8161599989462,0 -77.89967000032294,40.81621999881111,0 -77.89964000018573,40.81624999940306,0 -77.89962000009425,40.81627999930159,0 -77.89962000009425,40.81630999918654,0 -77.89962000009425,40.81634999901209,0 -77.89962000009425,40.81639999876005,0 -77.89964000018573,40.81644999915023,0 -77.8997799999278,40.81660999932963,0 -77.89990999962413,40.81678999890025,0 -77.89997999994435,40.8168999989262,0 -77.90006000031029,40.81701999930267,0 -77.90027000037257,40.81752999933092,0 -77.90046000034337,40.81796999887073,0 -77.90059000003971,40.8183099989884,0 -77.90065000031417,40.81848999938486,0 -77.90071999973605,40.81865999900869,0 -77.90074999987328,40.81873999920082,0 -77.90079000005625,40.81882999887673,0 -77.90086000037645,40.81899999898891,0 -77.90091999975259,40.81914999892599,0 -77.90093999984408,40.81917999887271,0 -77.90100000011854,40.81931999889784,0 -77.90110999972337,40.81952999906139,0 -77.90116999999786,40.8196999987392,0 -77.90138000006014,40.82020999923743,0 -77.90140000015161,40.82024999875073,0 -77.90145000038032,40.82038999923682,0 -77.90149999971074,40.82053999874987,0 -77.90157000003093,40.82072999918707,0 -77.90161000021391,40.82087999929085,0 -77.90163000030539,40.82097999939822,0 -77.90169999972727,40.82120999886902,0 -77.9017299998645,40.82129999927242,0 -77.90173999991025,40.82133999880827,0 -77.90173999991025,40.82135999924689,0 -77.90179000013896,40.82151999914017,0 -77.90182000027619,40.82165999898508,0 -77.90182012244706,40.82165596438215,0 -77.9021881990499,40.82203165386036,0 -77.90236369122884,40.82216917477962,0 -77.90271603922939,40.82243070696968,0 -77.9033058002814,40.82282548929977,0 -77.9040461593992,40.82324412079687,0 -77.90472866970769,40.8234079983708,0 -77.9054221322761,40.82346897124255,0 -77.90658568502931,40.82346080912673,0 -77.90657882998539,40.82273597293548,0 -77.90888046466026,40.82270025690363,0 -77.90961341627026,40.82272396381281,0 -77.90960939091946,40.82327093411441,0 -77.90947145909917,40.82346290896656,0 -77.90924296272517,40.82351701601775,0 -77.90540513255766,40.82351592633159,0 -77.90472172662885,40.82345324997463,0 -77.90402990707908,40.82328122804892,0 -77.90321379213505,40.82283226337025,0 -77.9026718484056,40.82246312276606,0 -77.90212759331094,40.82206012636587,0 -77.90212999989757,40.82205999924433,0 -77.9021099998061,40.82203999901675,0 -77.90197000006403,40.82188999881711,0 -77.90182000027619,40.82165999898508,0 -77.90180000018471,40.82162999880039,0 -77.90171999981877,40.82154999937458,0 -77.90162000025964,40.82159999928197,0 -77.90151999980222,40.82163999931666,0 -77.90149999971074,40.82163999931666,0 -77.90138000006014,40.82168999915616,0 -77.90109999967764,40.82176999909292,0 -77.90088999961536,40.82182999932206,0 -77.90087999956963,40.82182999932206,0 -77.90084000028497,40.82183999912837,0 -77.90067000040565,40.82189999929412,0 -77.90066000035992,40.8219099990899,0 -77.90052999976525,40.82195999940567,0 -77.90025000028108,40.82208999923454,0 -77.90010999964069,40.82217999912364,0 -77.89993999976137,40.82228999904888,0 -77.89992999971564,40.82229999878584,0 -77.89972999969908,40.82247999923162,0 -77.89960000000275,40.82255999889531,0 -77.89952999968254,40.82260999940083,0 -77.89937999989473,40.82268999890771,0 -77.89926000024413,40.82276999899788,0 -77.8992300001069,40.82277999934225,0 -77.89911999960373,40.82283999933747,0 -77.89898999990739,40.82287999930414,0 -77.89882000002807,40.82293999920893,0 -77.89862000001153,40.82298999874823,0 -77.89860999996579,40.82299999905947,0 -77.89859999992005,40.8229799991153,0 -77.89857999982856,40.8229799991153,0 -77.89853999964559,40.82298999874824,0 -77.898419999995,40.82301999899753,0 -77.89824000006992,40.82304999923328,0 -77.8980199999619,40.8230799987757,0 -77.89785000008258,40.82309999936943,0 -77.89714000042812,40.82319999884889,0 -77.89680999981692,40.82324999887197,0 -77.89655999957166,40.82328999927115,0 -77.89653000033275,40.82328999927115,0 -77.89638999969235,40.82330999912179,0 -77.89629000013323,40.82331999938476,0 -77.89546999997559,40.82343999902373,0 -77.89490000006319,40.82353999935007,0 -77.89483999978874,40.82354999889859,0 -77.89431000005932,40.82368999921702,0 -77.89409999999704,40.82374999906883,0 -77.89399000039218,40.82376999878075,0 -77.89393000011772,40.82378999916643,0 -77.89376000023842,40.8238199990539,0 -77.89375000019265,40.8238199990539,0 -77.89364999973523,40.82383999874472,0 -77.89353000008462,40.82384999892776,0 -77.89349999994742,40.82384999892776,0 -77.89296000017224,40.82382999923993,0 -77.89291999998927,40.82410999907896,0 -77.89288999985203,40.82440999929413,0 -77.8928799998063,40.82461999897721,0 -77.8928799998063,40.8247899992047,0 -77.89288999985203,40.82503999906752,0 -77.89301000040095,40.82571999917432,0 -77.89302000044668,40.82580999889591,0 -77.89303999963987,40.82591999891839,0 -77.89303999963987,40.8259399993355,0 -77.89303999963987,40.82609999905605,0 -77.89303999963987,40.82611999873911,0 -77.89301000040095,40.82625999907041,0 -77.89300000035522,40.82628999920006,0 -77.89291999998927,40.8264599992252,0 -77.89283999962332,40.82658999907037,0 -77.89275000010996,40.82669999915858,0 -77.89260000032215,40.82681999879956,0 -77.89240000030559,40.82695999901257,0 -77.8921900002433,40.82707999886281,0 -77.89195000004378,40.82720999885204,0 -77.89142000031437,40.82744999879004,0 -77.89110999979466,40.82756999911306,0 -77.89088999968664,40.82764999875464,0 -77.89009999966621,40.82786999931047,0 -77.88961000011976,40.82802999913267,0 -77.88914999981222,40.82822999938718,0 -77.88884000019083,40.82837999884234,0 -77.88867000031151,40.82846999903227,0 -77.88863000012853,40.82848999936002,0 -77.88846000024922,40.82859999901549,0 -77.88825000018694,40.82873999886927,0 -77.88789000033682,40.82899999888159,0 -77.8874300000293,40.82940999907796,0 -77.88700999990472,40.82979999885188,0 -77.88697999976749,40.82982999873946,0 -77.88693000043709,40.82987999920167,0 -77.88659999982589,40.83018999905079,0 -77.88642999994657,40.83038999890787,0 -77.8864099998551,40.83040999933621,0 -77.88586000003419,40.83113999894651,0 -77.88577999966824,40.83125999938888,0 -77.88563999992616,40.83140999878681,0 -77.88555999956021,40.83147999884289,0 -77.88538999968091,40.83161999873328,0 -77.88521999980159,40.83172999931364,0 -77.88516000042546,40.83177999902283,0 -77.88496999955633,40.83189999898654,0 -77.88475000034663,40.8319999987905,0 -77.88471000016366,40.83201999873314,0 -77.88463999984344,40.83203999934952,0 -77.88450000010137,40.83209999912327,0 -77.88445999991839,40.83210999874041,0 -77.88429000003909,40.83215999884274,0 -77.88409000002255,40.8321899990219,0 -77.88390000005174,40.8322099989073,0 -77.88379000044689,40.83220999890729,0 -77.88373000017243,40.8322099989073,0 -77.88366999989798,40.8322099989073,0 -77.88359999957777,40.8322099989073,0 -77.88350000001867,40.83219999930522,0 -77.88348999997292,40.83219999930522,0 -77.88336000027658,40.83217999873712,0 -77.88325999981915,40.83214999923308,0 -77.88287999987755,40.83206999890333,0 -77.88268999990676,40.83200999910243,0 -77.88259000034765,40.8319899991567,0 -77.88247999984446,40.831959998887,0 -77.88221000040606,40.83184999936791,0 -77.88215000013159,40.83181999903486,0 -77.88221999955347,40.83173999898658,0 -77.88227999982793,40.83164999915679,0 -77.88230999996517,40.83157999928023,0 -77.88228999987368,40.8314599987373,0 -77.88221000040606,40.83136999920713,0 -77.88216000017734,40.83130999877278,0 -77.88208999985714,40.83121999903899,0 -77.88181000037297,40.83092999883927,0 -77.88170999991554,40.83082999878096,0 -77.88132999997394,40.83037999903132,0 -77.8810599996372,40.83007999931411,0 -77.88096000007808,40.82994999883385,0 -77.88095000003234,40.82992999894645,0 -77.88087999971215,40.82981999877846,0 -77.88085999962065,40.82975999898062,0 -77.880820000336,40.82969999912854,0 -77.88070999983285,40.82938999902772,0 -77.88063000036522,40.82909999898085,0 -77.88063000036522,40.82906999876299,0 -77.88061000027372,40.8289499991152,0 -77.88061000027372,40.82888999920987,0 -77.88062000031947,40.82878999879391,0 -77.88063000036522,40.82870999916821,0 -77.88064999955837,40.82863999890676,0 -77.8806799996956,40.82852999931762,0 -77.88076000006156,40.82831999910098,0 -77.88081000029027,40.82823999890827,0 -77.88084999957492,40.82816999883042,0 -77.88089999980363,40.82807999891301,0 -77.88102000035255,40.82785999905389,0 -77.88110999986593,40.82768999921897,0 -77.88111999991166,40.82766999932969,0 -77.88121000032334,40.82752999925611,0 -77.88130999988246,40.82736999890724,0 -77.881249999608,40.82732999892961,0 -77.88118000018612,40.82728999892787,0 -77.88111999991166,40.82725999925065,0 -77.88110999986593,40.827249998902,0 -77.88104999959147,40.82718999881799,0 -77.88101000030682,40.82714999873181,0 -77.88097000012384,40.82709999893003,0 -77.88093999998661,40.82704999909055,0 -77.88089999980363,40.82697999911597,0 -77.88087999971215,40.82691999878767,0 -77.88084999957492,40.82684999935563,0 -77.88081000029027,40.82677999916996,0 -77.88080000024452,40.82674999926198,0 -77.88073999997005,40.82667999897074,0 -77.88069999978708,40.82663999925664,0 -77.88064000041095,40.82659999883872,0 -77.8805800001365,40.82656999884934,0 -77.8804899997248,40.82652999906891,0 -77.88040000021144,40.82650999882978,0 -77.88028999970827,40.82648999926439,0 -77.88025000042362,40.8264899992644,0 -77.88027999966253,40.8263799988278,0 -77.88031999984548,40.82626999888855,0 -77.88033999993698,40.82617999911148,0 -77.88036000002846,40.82613999909584,0 -77.88038000011994,40.82608999921231,0 -77.88043000034867,40.82597999879199,0 -77.8804400003944,40.82596999893016,0 -77.88046999963332,40.82590999904749,0 -77.88049999977056,40.82585999899054,0 -77.88057000009074,40.82576999933683,0 -77.88063000036522,40.8256899987868,0 -77.88065999960412,40.82566999897411,0 -77.88077000010729,40.82555999921668,0 -77.88087999971215,40.82546999915581,0 -77.88104000044402,40.82535999906665,0 -77.88109999982018,40.8253099992748,0 -77.88137000015692,40.82513999902072,0 -77.88154000003622,40.82501999905882,0 -77.88166999973257,40.82495999899645,0 -77.88184999965762,40.82486999880111,0 -77.88198000025227,40.82480999928281,0 -77.88202999958267,40.82478999920469,0 -77.88217000022308,40.82473999898309,0 -77.8822699997822,40.82470999883203,0 -77.88241999957003,40.82466999928927,0 -77.88250999998171,40.82464999916898,0 -77.88286999983181,40.82455999923274,0 -77.8833900004138,40.82441999939124,0 -77.88341999965272,40.82441999939124,0 -77.88356000029312,40.8243699988907,0 -77.88364999980649,40.82433999925199,0 -77.88376000030966,40.82429999880633,0 -77.88386999991452,40.82424999889506,0 -77.88397000037195,40.82418999881585,0 -77.88403999979381,40.82414999895946,0 -77.8841999996274,40.82405999902448,0 -77.88427999999334,40.82399999877338,0 -77.88457000042158,40.82380999886632,0 -77.88462999979771,40.82376999878075,0 -77.88464999988921,40.82375999926541,0 -77.88469000007217,40.8237399988707,0 -77.8847200002094,40.82372999935082,0 -77.88483999985999,40.82367999900983,0 -77.88496999955633,40.82362999931098,0 -77.88497999960207,40.82362999931096,0 -77.88516000042546,40.82357999889458,0 -77.88518999966436,40.8235699993506,0 -77.8852700000303,40.82354999889859,0 -77.88542999986389,40.82350999933599,0 -77.88543999990962,40.82350999933599,0 -77.88562999988042,40.82348999886588,0 -77.88566000001764,40.82348999886588,0 -77.88578999971399,40.82347999930834,0 -77.88590000021716,40.82347999930834,0 -77.88591000026291,40.82347999930834,0 -77.88609000018796,40.82347999930833,0 -77.88621999988429,40.82348999886588,0 -77.88631000029599,40.82350999933599,0 -77.88650000026679,40.82353999935007,0 -77.88647000012955,40.82369999874292,0 -77.88643999999233,40.82378999916643,0 -77.8864099998551,40.82388999896509,0 -77.88638999976361,40.82402999924561,0 -77.88635999962638,40.82412999936214,0 -77.88634999958063,40.82425999901631,0 -77.88646000008382,40.82414999895946,0 -77.88649000022104,40.82410999907896,0 -77.88652000035826,40.82399999877337,0 -77.88653000040401,40.8239699989673,0 -77.88653999955143,40.82396999896731,0 -77.88655999964293,40.82391999880729,0 -77.88659999982589,40.82380999886632,0 -77.88664000000887,40.82371999914969,0 -77.88664000000887,40.82370999894707,0 -77.88668000019183,40.8235699993506,0 -77.88670000028333,40.82351999888902,0 -77.88669000023758,40.82351999888903,0 -77.8866700001461,40.82351999888903,0 -77.88661999991739,40.82350999933599,0 -77.88653000040401,40.82348999886588,0 -77.88632000034174,40.82344999926703,0 -77.88619999979282,40.82342999877885,0 -77.88599999977626,40.82341999921225,0 -77.88598999973053,40.82340999896441,0 -77.88591000026291,40.8234099989644,0 -77.88575000042933,40.82341999921225,0 -77.8855799996517,40.82342999877885,0 -77.8855300003213,40.82342999877885,0 -77.88544999995536,40.82344999926703,0 -77.88535000039624,40.82345999882912,0 -77.88521999980159,40.82348999886588,0 -77.88510000015098,40.82351999888902,0 -77.88507000001377,40.82352999912027,0 -77.88497999960207,40.82354999889859,0 -77.88484999990574,40.82359999933753,0 -77.88463999984344,40.82368999921702,0 -77.88444999987266,40.82342999877885,0 -77.88440999968969,40.82338999914388,0 -77.88436000035929,40.82332999896642,0 -77.88431000013058,40.82325999914395,0 -77.88421999971889,40.82318999924761,0 -77.88421999971889,40.82317999896505,0 -77.88420999967313,40.82317999896505,0 -77.88420999967313,40.82316999936075,0 -77.8841999996274,40.82315999907522,0 -77.8841999996274,40.82314999878811,0 -77.88418999958166,40.8231399991793,0 -77.88418000043424,40.8231399991793,0 -77.88418000043424,40.82312999888922,0 -77.88417000038849,40.82312999888922,0 -77.88417000038849,40.82311999927741,0 -77.884150000297,40.82311999927741,0 -77.884150000297,40.82310999898427,0 -77.88414000025126,40.82310999898426,0 -77.88413000020553,40.82310999898426,0 -77.88412000015977,40.82310999898426,0 -77.88411000011403,40.82309999936943,0 -77.8841000000683,40.82309999936943,0 -77.88409000002255,40.82309999936943,0 -77.88407999997679,40.82309999936943,0 -77.88406999993106,40.82309999936943,0 -77.88405999988532,40.82309999936943,0 -77.88404999983959,40.82309999936943,0 -77.88404999983959,40.82310999898427,0 -77.88403999979381,40.82310999898427,0 -77.88402999974808,40.82310999898427,0 -77.88401999970235,40.82310999898427,0 -77.88400999965661,40.82310999898427,0 -77.88400999965661,40.82311999927741,0 -77.88399999961085,40.82311999927742,0 -77.88398999956512,40.82312999888922,0 -77.88398000041768,40.82312999888923,0 -77.88398000041768,40.8231399991793,0 -77.88397000037195,40.8231399991793,0 -77.88396000032621,40.82314999878811,0 -77.88396000032621,40.82315999907521,0 -77.88395000028046,40.82315999907521,0 -77.88395000028046,40.82316999936075,0 -77.88395000028046,40.82317999896505,0 -77.88394000023472,40.82317999896505,0 -77.88394000023472,40.82318999924761,0 -77.88394000023472,40.82319999884889,0 -77.88394000023472,40.82320999912844,0 -77.88394000023472,40.82321999940645,0 -77.88394000023472,40.82322999900319,0 -77.88395000028046,40.82323999927823,0 -77.88395000028046,40.82324999887197,0 -77.88396000032621,40.82325999914394,0</coordinates>
        </LineString>
        <LineString>
          <extrude>0</extrude>
          <tessellate>1</tessellate><altitudeMode>clampToGround</altitudeMode>
          <coordinates> -77.88387999996027,40.82329999885731,0 -77.88396000032621,40.82325999914394,0 -77.88397000037195,40.82326999873467,0 -77.88398000041768,40.82327999900368,0 -77.88398999956512,40.82328999927115,0 -77.88399999961085,40.82328999927116,0 -77.88400999965661,40.82328999927115,0 -77.88400999965661,40.82329999885731,0 -77.88401999970235,40.82329999885731,0 -77.88402999974808,40.82329999885731,0 -77.88403999979381,40.82330999912179,0 -77.88404999983959,40.82330999912179,0 -77.88405999988532,40.82330999912179,0 -77.88406999993106,40.82330999912179,0 -77.88407999997679,40.82330999912179,0 -77.88430000008483,40.82342999877883,0 -77.88437000040503,40.82347999930834,0 -77.88457000042158,40.82371999914969,0 -77.88422999976464,40.82393999914773,0 -77.88393000018898,40.82413999882169,0 -77.88372000012669,40.82423999877237,0 -77.88351000006442,40.82430999891999,0 -77.88333000013937,40.82435999878603,0 -77.88283999969458,40.82448999934893,0 -77.88270999999824,40.82451999891972,0 -77.88241999957003,40.82458999877186,0 -77.88238000028537,40.82459999884184,0 -77.88221000040606,40.82464999916898,0 -77.88204999967417,40.82469999877864,0 -77.88199000029803,40.82472999893423,0 -77.88189999988633,40.82475999907624,0 -77.88178000023575,40.82481999931956,0 -77.88177000018999,40.82481999931954,0 -77.88163999959534,40.82487999882887,0 -77.88158000021919,40.8249199989247,0 -77.88151999994476,40.82495999899646,0 -77.88140000029414,40.82501999905882,0 -77.88118000018612,40.82516999897725,0 -77.88095000003234,40.82532999919604,0 -77.88085999962065,40.82538999892367,0 -77.88083000038175,40.82540999882081,0 -77.88075000001582,40.82546999915582,0 -77.88065999960412,40.82554999929146,0 -77.88061000027372,40.82560999882003,0 -77.88056000004499,40.82565999906548,0 -77.8804400003944,40.82580999889591,0 -77.88037000007421,40.82591999891839,0 -77.880299999754,40.82602999875848,0 -77.880299999754,40.82603999929107,0 -77.88026999961677,40.8261299992581,0 -77.88024000037787,40.82619999877041,0 -77.88022000028639,40.82627999938492,0 -77.88018000010341,40.82641999937847,0 -77.88017000005767,40.82647999879965,0 -77.88025000042362,40.8264899992644,0 -77.88025000042362,40.82651999928995,0 -77.88021000024065,40.8266499990175,0 -77.88018000010341,40.82673999883642,0 -77.88010999978322,40.82687999921833,0 -77.88004000036133,40.82699999921335,0 -77.87997000004111,40.82709999893005,0 -77.87988999967517,40.82718999881799,0 -77.87981000020757,40.82726999891796,0 -77.87970999975012,40.82736999890724,0 -77.87960000014527,40.82744999879005,0 -77.87949999968784,40.82751999894825,0 -77.87938000003726,40.82757999873369,0 -77.8792700004324,40.82763999914458,0 -77.87916999997496,40.82768999921897,0 -77.87905000032437,40.82773999925562,0 -77.87895999991268,40.8277699993955,0 -77.87884000026209,40.82780999910769,0 -77.87882000017058,40.82780999910769,0 -77.87873999980465,40.82783999921588,0 -77.87864000024553,40.82785999905389,0 -77.87856999992535,40.82786999931047,0 -77.87848999955941,40.82787999888587,0 -77.87812999970929,40.82792999877922,0 -77.87803000015018,40.82794999926984,0 -77.87748000032926,40.82801999890022,0 -77.87743000010055,40.82802999913267,0 -77.87726000022123,40.82805999914136,0 -77.87719999994678,40.82806999936779,0 -77.87710000038766,40.82809999935837,0 -77.87702000002172,40.82812999933532,0 -77.87697999983874,40.82813999887151,0 -77.87692999961004,40.82816999883043,0 -77.87686000018816,40.8281999987757,0 -77.87678999986795,40.82823999890827,0 -77.87671000040032,40.82830999891227,0 -77.87663000003438,40.82838999902056,0 -77.87652999957696,40.82845999886615,0 -77.87646000015506,40.82842999903845,0 -77.87621999995557,40.82831999910098,0 -77.87585000005971,40.82815999929877,0 -77.87425999997312,40.82744999879005,0 -77.87376000038093,40.82723999923164,0 -77.87338999958675,40.82705999878958,0 -77.87318999957022,40.82696999940488,0 -77.87301999969091,40.826889998943,0 -77.87217000029433,40.82650999882978,0 -77.871780000307,40.82633999893281,0 -77.87088999982915,40.8259099990475,0 -77.87064999962963,40.82575999876356,0 -77.87043999956734,40.8256299993306,0 -77.87008999976297,40.82538999892367,0 -77.86989999979218,40.82523999882306,0 -77.86986999965495,40.82521999887465,0 -77.86970999982138,40.82507999906689,0 -77.86954999998783,40.8249199989247,0 -77.86919000013769,40.82454999915673,0 -77.86899000012117,40.82430999891999,0 -77.86879000010462,40.82406999917431,0 -77.86854999990511,40.82379999935703,0 -77.8684700004375,40.82370999894707,0 -77.86827999956837,40.82347999930834,0 -77.86815999991776,40.82333999922634,0 -77.86804000026717,40.82319999884889,0 -77.86789999962677,40.82304999923326,0 -77.8678300002049,40.82296999880106,0 -77.86777999997618,40.8229199992467,0 -77.86774999983896,40.82287999930414,0 -77.86766000032559,40.82279999934669,0 -77.86746000030905,40.82261999908955,0 -77.86710999960636,40.8223399990782,0 -77.8670700003217,40.82231999893499,0 -77.86654999973972,40.82195999940568,0 -77.8661699997981,40.82173999895797,0 -77.8650500000648,40.82106999875411,0 -77.86484000000253,40.82094999890595,0 -77.86449000019815,40.82073999915922,0 -77.86382999987407,40.82035999915753,0 -77.86349000011543,40.82016999902013,0 -77.86323999987019,40.82002999874952,0 -77.86310000012811,40.81995999884334,0 -77.86291000015731,40.81984999913283,0 -77.86231000010767,40.81953999921446,0 -77.861530000133,40.81912999918059,0 -77.86094000012912,40.81882999887673,0 -77.86075000015833,40.8187199993318,0 -77.86069999992962,40.8186999987769,0 -77.86035000012525,40.81852999925556,0 -77.86033000003376,40.81851999895028,0 -77.85958000019632,40.81823999930658,0 -77.85929999981381,40.8180999990415,0 -77.85927999972235,40.81808999935117,0 -77.85904999956857,40.81795999916081,0 -77.85888999973501,40.81784999885306,0 -77.85872999990143,40.81773999904274,0 -77.85859000015935,40.81761999928879,0 -77.85844000037152,40.81747999907496,0 -77.85824000035497,40.81726999921992,0 -77.85805000038418,40.81702999915427,0 -77.85794999992676,40.8168999989262,0 -77.85786000041338,40.81675999923232,0 -77.85779000009319,40.81660999932963,0 -77.85775999995596,40.81653999921365,0 -77.8576500003511,40.81626999933692,0 -77.8575599999394,40.81607999904192,0 -77.85754999989366,40.81605999905078,0 -77.85745000033455,40.81590999892499,0 -77.85732999978563,40.81576999918146,0 -77.85713999981485,40.815569998744,0 -77.85705000030148,40.81548999880808,0 -77.85642000011462,40.81489999876606,0 -77.85623000014382,40.81472999902471,0 -77.85603000012729,40.81450999907276,0 -77.85539999994043,40.81385999924834,0 -77.85533999966597,40.81379999928869,0 -77.85525000015261,40.81370999890751,0 -77.8550800002733,40.81352999913865,0 -77.85476999975359,40.81321999892072,0 -77.85449000026942,40.81292999887499,0 -77.85394999959593,40.81237999936251,0 -77.85380999985385,40.81222999907506,0 -77.85388000017404,40.81218999880516,0 -77.85396999968741,40.81211999878472,0 -77.85434999962901,40.81173999903624,0 -77.85468000024021,40.81137999919941,0 -77.8547999998908,40.81125999881974,0 -77.85514999969517,40.81089999909818,0 -77.85546000021488,40.81057999936792,0 -77.85554999972825,40.81047999922072,0 -77.85585000020222,40.81015999882482,0 -77.85590999957837,40.81009999891871,0 -77.85614999977788,40.80985999875183,0 -77.85656999990245,40.80941999913767,0 -77.85672999973602,40.80925999929627,0 -77.85720000008929,40.80877999881734,0 -77.8572999996484,40.80866999892684,0 -77.85754999989366,40.80840999876979,0 -77.85772999981872,40.80818999893958,0 -77.85824000035497,40.80765999938237,0 -77.85828999968537,40.80761999907724,0 -77.85843000032578,40.8074799988392,0 -77.85848999970192,40.80741999922962,0 -77.85873999994718,40.80715999893459,0 -77.85917000011749,40.80670999905025,0 -77.85923000039195,40.80664999874443,0 -77.85957000015057,40.80629999927923,0 -77.85970999989266,40.8061599989763,0 -77.85984999963475,40.80600999890682,0 -77.85991999995494,40.8059399991663,0 -77.86022999957633,40.80561999931525,0 -77.86061999956367,40.80521999920153,0 -77.86067999983811,40.80515999890851,0 -77.86074000011259,40.80509999924124,0 -77.86086999980893,40.80494999881576,0 -77.86105999977973,40.80474999908103,0 -77.86111000000842,40.8046999993932,0 -77.86146999985856,40.80430999890308,0 -77.86148999995004,40.80428999876384,0 -77.86203999977094,40.8037099989046,0 -77.86234000024491,40.80338999918077,0 -77.8624099996668,40.80331999939672,0 -77.86249000003275,40.8032399989703,0 -77.86268000000354,40.80303999884241,0 -77.86279999965414,40.80290999908207,0 -77.86311000017385,40.80257999891301,0 -77.86317999959573,40.80250999895473,0 -77.86368000008626,40.80198999899314,0 -77.86375000040644,40.80191999909263,0 -77.86399999975339,40.80164999888175,0 -77.86406000002783,40.8015899987613,0 -77.86411000025656,40.80153999873285,0 -77.86453000038111,40.80110999924515,0 -77.86454999957429,40.80108999882162,0 -77.86472000035192,40.8009199990586,0 -77.86488000018551,40.80074999886011,0 -77.86489000023124,40.80073999927487,0 -77.86494999960738,40.80066999873605,0 -77.86547000018936,40.80012999928678,0 -77.86553999961126,40.80000999896367,0 -77.86556999974849,40.79995999910503,0 -77.8655999998857,40.79986999899257,0 -77.86560999993146,40.79982999875228,0 -77.86564000006868,40.79967999933665,0 -77.86564000006868,40.79961999879544,0 -77.86565000011444,40.79947999936184,0 -77.86566000016018,40.79932999915528,0 -77.86567000020591,40.79924999935987,0 -77.86570000034314,40.79907999896449,0 -77.86573999962781,40.79890999881373,0 -77.86573999962781,40.79888999908738,0 -77.86575999971927,40.79880999876167,0 -77.86579999990225,40.79871999913006,0 -77.86585000013096,40.79863999927958,0 -77.86590000035967,40.79856999924625,0 -77.86598999987304,40.79847999928926,0 -77.86604000010178,40.79841999902345,0 -77.86606000019324,40.79840999908722,0 -77.86611999956939,40.79835999938346,0 -77.8663799998604,40.79817999877802,0 -77.8664300000891,40.79813999887936,0 -77.86651999960247,40.79806999899886,0 -77.86657999987693,40.79802999903398,0 -77.86677999989347,40.79787999895105,0 -77.86717999992655,40.79756999906568,0 -77.86749000044627,40.79733999924622,0 -77.8677599998847,40.79713999902165,0 -77.86803000022142,40.79694999903221,0 -77.86808999959757,40.79689999890886,0 -77.86814999987203,40.796859998919,0 -77.86820000010074,40.7968199989051,0 -77.86823000023797,40.79678999904887,0 -77.86827000042095,40.79674999899274,0 -77.86831999975135,40.79668999920346,0 -77.86833999984282,40.79666999880826,0 -77.86835999993433,40.79664999908707,0 -77.86839000007154,40.79660999894664,0 -77.86839000007154,40.79659999873773,0 -77.86841000016302,40.79654999903077,0 -77.86844000030027,40.79647999883375,0 -77.86860000013384,40.79650999883008,0 -77.86867999960145,40.79651999905252,0 -77.86873999987591,40.79653999881284,0 -77.86884000033335,40.79654999903076,0 -77.86888999966372,40.79655999924718,0 -77.86895999998394,40.79655999924719,0 -77.8690200002584,40.79655999924719,0 -77.86909999972602,40.79655999924719,0 -77.86916000000049,40.79653999881284,0 -77.86922000027494,40.79652999927346,0 -77.86927999965107,40.79651999905252,0 -77.86933999992554,40.7964999992862,0 -77.86940000019999,40.79647999883375,0 -77.86946999962187,40.79644999882383,0 -77.86952999989633,40.7964199988004,0 -77.86960000021654,40.7963699989579,0 -77.86965000044525,40.79632999932877,0 -77.86981000027882,40.79619999934766,0 -77.86992999992943,40.79611999918041,0 -77.87018000017467,40.79592999899189,0 -77.87041000032845,40.79574999927814,0 -77.87047999975032,40.79568999926506,0 -77.87022000035765,40.79553999933525,0 -77.87010999985448,40.79546999875329,0 -77.87005999962577,40.79543999896708,0 -77.86989999979218,40.79533999912832,0 -77.86977000009584,40.79522999940373,0 -77.86963000035377,40.79512999924867,0 -77.8695199998506,40.79503999938834,0 -77.86941000024572,40.79494999940601,0 -77.8693299998798,40.79486999909262,0 -77.86924000036643,40.79477999887983,0 -77.86908999968028,40.79461999910708,0 -77.86900000016691,40.79450999886964,0 -77.86866000040828,40.79410999912829,0 -77.86843000025452,40.79382999916754,0 -77.86838000002579,40.79377999873452,0 -77.86809999964332,40.7934999987423,0 -77.86804000026717,40.79343999873602,0 -77.86794999985548,40.79335999932345,0 -77.86793999980975,40.79334999930509,0 -77.8678300002049,40.79326999910398,0 -77.86763000018834,40.79312999920015,0 -77.86740000003456,40.79297999892704,0 -77.86704000018447,40.79275999895628,0 -77.86690000044239,40.79268999884363,0 -77.86683000012218,40.79264999903754,0 -77.86654999973972,40.79248999889234,0 -77.86611999956939,40.79224999897163,0 -77.86571000038887,40.79201999908377,0 -77.86566000016018,40.79194999887104,0 -77.86552999956552,40.79187999926458,0 -77.86548000023512,40.79184999921635,0 -77.86528000021858,40.79186999902333,0 -77.86524000003561,40.79187999926458,0 -77.86520999989837,40.79187999926458,0 -77.86512000038499,40.79188999882427,0 -77.86506000011056,40.79189999906252,0 -77.86497999974461,40.79189999906252,0 -77.86490000027698,40.79195999910024,0 -77.86445000001518,40.79230999937321,0 -77.86440999983222,40.7923399992136,0 -77.86411000025656,40.79255999921585,0 -77.86391000024001,40.79270999907762,0 -77.86340999974949,40.79308999897911,0 -77.86300999971643,40.79337999935562,0 -77.86277000041521,40.79355999937438,0 -77.86232000015343,40.79388999882137,0 -77.86166999987509,40.79436999886023,0 -77.8615999995549,40.7944199988489,0 -77.86152000008725,40.79447999932971,0 -77.86154900039958,40.7945589990412,0</coordinates>
        </LineString>
      </MultiGeometry>
    </Placemark>
    <Placemark id="ID_00042">
      <name>H</name>
      <snippet></snippet>
      <description><![CDATA[<html xmlns:fo="http://www.w3.org/1999/XSL/Format" xmlns:msxsl="urn:schemas-microsoft-com:xslt">
<head>
<META http-equiv="Content-Type" content="text/html">
<meta http-equiv="content-type" content="text/html; charset=UTF-8">
</head>
<body style="margin:0px 0px 0px 0px;overflow:auto;background:#FFFFFF;">
<table style="font-family:Arial,Verdana,Times;font-size:12px;text-align:left;width:100%;border-collapse:collapse;padding:3px 3px 3px 3px">
<tr style="text-align:center;font-weight:bold;background:#9CBCE2">
<td>H</td>
</tr>
<tr>
<td>
<table style="font-family:Arial,Verdana,Times;font-size:12px;text-align:left;width:100%;border-spacing:0px; padding:3px 3px 3px 3px">
<tr>
<td>shape_id</td>
<td>29</td>
</tr>
<tr bgcolor="#D4E4F3">
<td>route_id</td>
<td>72</td>
</tr>
<tr>
<td>agency_id</td>
<td>CATA</td>
</tr>
<tr bgcolor="#D4E4F3">
<td>route_short_name</td>
<td>H</td>
</tr>
<tr>
<td>route_long_name</td>
<td>H - Toftrees</td>
</tr>
<tr bgcolor="#D4E4F3">
<td>route_desc</td>
<td>&lt;Null&gt;</td>
</tr>
<tr>
<td>route_type</td>
<td>3</td>
</tr>
<tr bgcolor="#D4E4F3">
<td>route_url</td>
<td>&lt;Null&gt;</td>
</tr>
<tr>
<td>route_sort_order</td>
<td>&lt;Null&gt;</td>
</tr>
<tr bgcolor="#D4E4F3">
<td>continuous_pickup</td>
<td>&lt;Null&gt;</td>
</tr>
<tr>
<td>continuous_drop_off</td>
<td>&lt;Null&gt;</td>
</tr>
<tr bgcolor="#D4E4F3">
<td>route_type_text</td>
<td>Bus</td>
</tr>
<tr>
<td>ColorCode</td>
<td>9966FF</td>
</tr>
<tr bgcolor="#D4E4F3">
<td>Shape__Length</td>
<td>18346.525542</td>
</tr>
<tr>
<td>GlobalID</td>
<td>{FE77FB3D-B963-475A-AB08-C46EFE0D0C9E}</td>
</tr>
</table>
</td>
</tr>
</table>
</body><script type="text/javascript">
				function changeImage(attElement, nameElement) {
				document.getElementById('imageAttachment').src = attElement;
				document.getElementById('imageName').innerHTML = nameElement;}
			</script></html>
]]></description>
      <styleUrl>#LineStyle00</styleUrl>
      <MultiGeometry>
        <LineString>
          <extrude>0</extrude>
          <tessellate>1</tessellate><altitudeMode>clampToGround</altitudeMode>
          <coordinates> -77.88634999958063,40.82425999901631,0 -77.88634000043321,40.82428999937092,0</coordinates>
        </LineString>
        <LineString>
          <extrude>0</extrude>
          <tessellate>1</tessellate><altitudeMode>clampToGround</altitudeMode>
          <coordinates> -77.90223000035502,40.80950999921883,0 -77.90177000004748,40.8094499994049,0 -77.90167999963579,40.80943999909071,0 -77.90152999984795,40.80942999877495,0 -77.90131999978567,40.80939999917857,0 -77.90127999960269,40.80939999917859,0 -77.90115999995211,40.80937999921348,0 -77.90100000011854,40.80935999924235,0 -77.90089999966112,40.80941999913766,0 -77.90076999996478,40.80949999891362,0 -77.90054999985674,40.80963999896951,0 -77.90048999958228,40.80949999891362,0 -77.90041000011466,40.80924999895345,0 -77.90040000006893,40.80918999890443,0 -77.90037999997742,40.80908999938214,0 -77.90036999993168,40.80900999911182,0 -77.90036999993168,40.80893999913616,0 -77.90036999993168,40.80889999892266,0 -77.90041000011466,40.8086299992305,0 -77.900539999811,40.80853999931559,0 -77.9012500003638,40.8086299992305,0 -77.901709999773,40.80867999935708,0 -77.90217000008055,40.8087299987661,0 -77.90288999978077,40.80881999910319,0 -77.90359000028782,40.80889999892266,0 -77.90402999960557,40.80895999923389,0 -77.90408999988001,40.80895999923389,0 -77.90441000044549,40.80899999873131,0 -77.9046099995637,40.80901999881094,0 -77.90504999977976,40.8090699993236,0 -77.90548999999582,40.80911999911865,0 -77.90559999960065,40.80912999880118,0 -77.90570000005809,40.80918999890443,0 -77.90573000019531,40.80920999892679,0 -77.9060799999997,40.80923999928903,0 -77.90622999978751,40.80925999929627,0 -77.9063200001992,40.80926999895773,0 -77.90661999977485,40.8092999992928,0 -77.90676999956268,40.809319999282,0 -77.90710000017387,40.80935999924235,0 -77.90728000009895,40.80937999921348,0 -77.90747000006974,40.80940999881888,0 -77.9079599996162,40.80945999903773,0 -77.90798999975341,40.80945999903773,0 -77.9080800001651,40.80946999934893,0 -77.90806000007362,40.80960999878811,0 -77.90805000002788,40.8096799987369,0 -77.90802999993639,40.80978999899291,0 -77.90801999989064,40.80983999892538,0 -77.90798999975341,40.80993999935718,0 -77.90794000042301,40.81004999918216,0 -77.90790000024005,40.81012999887852,0 -77.90789000019431,40.81012999887852,0 -77.9077699996454,40.81022999887333,0 -77.90771000026926,40.81029999884794,0 -77.90761999985756,40.81036999874875,0 -77.90753000034421,40.81042999909066,0 -77.90752000029845,40.81042999909065,0 -77.90740999979529,40.81047999922072,0 -77.90701999980794,40.81061999924864,0 -77.90699999971646,40.81061999924864,0 -77.90687000002012,40.81064999897335,0 -77.90665999995782,40.81072999930615,0 -77.90658999963763,40.81075999898113,0 -77.90645999994129,40.81081999897036,0 -77.90635000033643,40.81089999909818,0 -77.90623999983326,40.81097999912957,0 -77.90598000044058,40.81121999932483,0 -77.90577000037828,40.81143999930786,0 -77.90552000013304,40.81169999915086,0 -77.90544999981284,40.81177999889758,0 -77.90502999968827,40.81220999928307,0 -77.90502999968827,40.81221999917985,0 -77.90488999994619,40.81235999893585,0 -77.9048699998547,40.81238999923367,0 -77.90482999967173,40.81242999938299,0 -77.90480999958024,40.81248999922184,0 -77.9047700002956,40.81257999921829,0 -77.90474000015836,40.8126799989201,0 -77.90465999979241,40.81299999940065,0 -77.90461999960944,40.81309999914933,0 -77.90457000027904,40.8132099991747,0 -77.90454000014182,40.81325999924954,0 -77.9044899999131,40.81331999901766,0 -77.90442999963865,40.81338999913185,0 -77.90417000024597,40.81364999881219,0 -77.90406999978855,40.81372999892719,0 -77.90387999981775,40.81385999924834,0 -77.90385999972627,40.81387999922288,0 -77.90312999998029,40.81426999922022,0 -77.90273999999296,40.81446999881768,0 -77.90255000002216,40.81457999929111,0 -77.9024699996562,40.81461999879998,0 -77.9023500000056,40.81468999890229,0 -77.90225000044649,40.81474999873694,0 -77.90198000010976,40.81490999893723,0 -77.90161000021391,40.81513999905902,0 -77.9015399998937,40.81518999903911,0 -77.90147999961926,40.81525999921985,0 -77.90141000019734,40.8153099991095,0 -77.90112999981488,40.8154799994042,0 -77.90093999984408,40.81558999888287,0 -77.90078000001051,40.81566999937804,0 -77.9007299997818,40.81568999880687,0 -77.90068999959884,40.81570999890957,0 -77.90041000011466,40.81583999875023,0 -77.90022000014386,40.81591999894393,0 -77.90006000031029,40.81599999904117,0 -77.89998999999008,40.81602999905273,0 -77.89986000029376,40.81608999903523,0 -77.89970999960761,40.8161599989462,0 -77.89943000012343,40.81629999922639,0 -77.89954999977404,40.81645999908776,0 -77.89960000000275,40.81654999913763,0 -77.89969000041444,40.81667999937176,0 -77.89969000041444,40.81668999927463,0 -77.89972999969908,40.81675999923232,0 -77.89976999988205,40.81684999887518,0 -77.8998000000193,40.8169099987959,0 -77.89989000043097,40.81710999927265,0 -77.90000000003585,40.81738999892708,0 -77.90026000032684,40.81799999935112,0 -77.90045000029762,40.81852999925557,0 -77.90056999994823,40.8187999987717,0 -77.90068999959884,40.81906999922835,0 -77.90090999970685,40.81953999921446,0 -77.90110999972337,40.82001999935014,0 -77.90139000010588,40.82068999928334,0 -77.90167999963579,40.82136999912408,0 -77.90174999995598,40.82154999937458,0 -77.90108999963191,40.82174999877785,0 -77.90087000042219,40.82181999883443,0 -77.90086000037645,40.82181999883444,0 -77.90061000013119,40.82189999929413,0 -77.90049999962802,40.82193999914796,0 -77.90043000020614,40.82196999919239,0 -77.90040000006893,40.82197999897761,0 -77.90022000014386,40.82206999901597,0 -77.90009000044753,40.82216999936859,0 -77.89993999976137,40.82228999904888,0 -77.89992999971564,40.82229999878584,0 -77.89964000018573,40.82250999903186,0 -77.89957999991127,40.82254999919755,0 -77.89948000035214,40.82261999908954,0 -77.89926000024413,40.82273999931522,0 -77.89912999964946,40.82279999934668,0 -77.89897999986165,40.82285999932384,0 -77.89879999993659,40.8229199992467,0 -77.89872999961639,40.82293999920893,0 -77.89859999992005,40.8229799991153,0 -77.89857999982856,40.8229799991153,0 -77.89853999964559,40.82298999874824,0 -77.898419999995,40.82301999899753,0 -77.89824000006992,40.82304999923328,0 -77.8980199999619,40.8230799987757,0 -77.89785000008258,40.82309999936943,0 -77.89714000042812,40.82319999884889,0 -77.89680999981692,40.82324999887197,0 -77.89655999957166,40.82328999927115,0 -77.89653000033275,40.82328999927115,0 -77.89638999969235,40.82330999912179,0 -77.89629000013323,40.82331999938476,0 -77.89546999997559,40.82343999902373,0 -77.89490000006319,40.82353999935007,0 -77.89483999978874,40.82354999889859,0 -77.89431000005932,40.82368999921702,0 -77.89409999999704,40.82374999906883,0 -77.89399000039218,40.82376999878075,0 -77.89393000011772,40.82378999916643,0 -77.89376000023842,40.8238199990539,0 -77.89375000019265,40.8238199990539,0 -77.89364999973523,40.82383999874472,0 -77.89353000008462,40.82384999892776,0 -77.89349999994742,40.82384999892776,0 -77.89296000017224,40.82382999923993,0 -77.89291999998927,40.82410999907896,0 -77.89288999985203,40.82440999929413,0 -77.8928799998063,40.82461999897721,0 -77.8928799998063,40.8247899992047,0 -77.89288999985203,40.82503999906752,0 -77.89301000040095,40.82571999917432,0 -77.89302000044668,40.82580999889591,0 -77.89303999963987,40.82591999891839,0 -77.89303999963987,40.8259399993355,0 -77.89303999963987,40.82609999905605,0 -77.89303999963987,40.82611999873911,0 -77.89301000040095,40.82625999907041,0 -77.89300000035522,40.82628999920006,0 -77.89291999998927,40.8264599992252,0 -77.89283999962332,40.82658999907037,0 -77.89275000010996,40.82669999915858,0 -77.89260000032215,40.82681999879956,0 -77.89240000030559,40.82695999901257,0 -77.8921900002433,40.82707999886281,0 -77.89195000004378,40.82720999885204,0 -77.89142000031437,40.82744999879004,0 -77.89110999979466,40.82756999911306,0 -77.89088999968664,40.82764999875464,0 -77.89009999966621,40.82786999931047,0 -77.88961000011976,40.82802999913267,0 -77.88914999981222,40.82822999938718,0 -77.88884000019083,40.82837999884234,0 -77.88867000031151,40.82846999903227,0 -77.88863000012853,40.82848999936002,0 -77.88846000024922,40.82859999901549,0 -77.88825000018694,40.82873999886927,0 -77.88789000033682,40.82899999888159,0 -77.8874300000293,40.82940999907796,0 -77.88700999990472,40.82979999885188,0 -77.88697999976749,40.82982999873946,0 -77.88693000043709,40.82987999920167,0 -77.88659999982589,40.83018999905079,0 -77.88642999994657,40.83038999890787,0 -77.8864099998551,40.83040999933621,0 -77.88586000003419,40.83113999894651,0 -77.88577999966824,40.83125999938888,0 -77.88563999992616,40.83140999878681,0 -77.88555999956021,40.83147999884289,0 -77.88538999968091,40.83161999873328,0 -77.88521999980159,40.83172999931364,0 -77.88516000042546,40.83177999902283,0 -77.88496999955633,40.83189999898654,0 -77.88475000034663,40.8319999987905,0 -77.88471000016366,40.83201999873314,0 -77.88463999984344,40.83203999934952,0 -77.88450000010137,40.83209999912327,0 -77.88445999991839,40.83210999874041,0 -77.88429000003909,40.83215999884274,0 -77.88409000002255,40.8321899990219,0 -77.88390000005174,40.8322099989073,0 -77.88379000044689,40.83220999890729,0 -77.88373000017243,40.8322099989073,0 -77.88366999989798,40.8322099989073,0 -77.88359999957777,40.8322099989073,0 -77.88350000001867,40.83219999930522,0 -77.88348999997292,40.83219999930522,0 -77.88336000027658,40.83217999873712,0 -77.88325999981915,40.83214999923308,0 -77.88287999987755,40.83206999890333,0 -77.88268999990676,40.83200999910243,0 -77.88259000034765,40.8319899991567,0 -77.88247999984446,40.831959998887,0 -77.88221000040606,40.83184999936791,0 -77.88215000013159,40.83181999903486,0 -77.88221999955347,40.83173999898658,0 -77.88227999982793,40.83164999915679,0 -77.88230999996517,40.83157999928023,0 -77.88228999987368,40.8314599987373,0 -77.88221000040606,40.83136999920713,0 -77.88216000017734,40.83130999877278,0 -77.88208999985714,40.83121999903899,0 -77.88181000037297,40.83092999883927,0 -77.88170999991554,40.83082999878096,0 -77.88132999997394,40.83037999903132,0 -77.8810599996372,40.83007999931411,0 -77.88096000007808,40.82994999883385,0 -77.88095000003234,40.82992999894645,0 -77.88087999971215,40.82981999877846,0 -77.88085999962065,40.82975999898062,0 -77.880820000336,40.82969999912854,0 -77.88070999983285,40.82938999902772,0 -77.88063000036522,40.82909999898085,0 -77.88063000036522,40.82906999876299,0 -77.88061000027372,40.8289499991152,0 -77.88061000027372,40.82888999920987,0 -77.88062000031947,40.82878999879391,0 -77.88063000036522,40.82870999916821,0 -77.88064999955837,40.82863999890676,0 -77.8806799996956,40.82852999931762,0 -77.88076000006156,40.82831999910098,0 -77.88081000029027,40.82823999890827,0 -77.88084999957492,40.82816999883042,0 -77.88089999980363,40.82807999891301,0 -77.88102000035255,40.82785999905389,0 -77.88110999986593,40.82768999921897,0 -77.88111999991166,40.82766999932969,0 -77.88121000032334,40.82752999925611,0 -77.88130999988246,40.82736999890724,0 -77.881249999608,40.82732999892961,0 -77.88118000018612,40.82728999892787,0 -77.88111999991166,40.82725999925065,0 -77.88110999986593,40.827249998902,0 -77.88104999959147,40.82718999881799,0 -77.88101000030682,40.82714999873181,0 -77.88097000012384,40.82709999893003,0 -77.88093999998661,40.82704999909055,0 -77.88089999980363,40.82697999911597,0 -77.88087999971215,40.82691999878767,0 -77.88084999957492,40.82684999935563,0 -77.88081000029027,40.82677999916996,0 -77.88080000024452,40.82674999926198,0 -77.88073999997005,40.82667999897074,0 -77.88069999978708,40.82663999925664,0 -77.88064000041095,40.82659999883872,0 -77.8805800001365,40.82656999884934,0 -77.8804899997248,40.82652999906891,0 -77.88040000021144,40.82650999882978,0 -77.88028999970827,40.82648999926439,0 -77.88025000042362,40.8264899992644,0 -77.88027999966253,40.8263799988278,0 -77.88031999984548,40.82626999888855,0 -77.88033999993698,40.82617999911148,0 -77.88036000002846,40.82613999909584,0 -77.88038000011994,40.82608999921231,0 -77.88043000034867,40.82597999879199,0 -77.8804400003944,40.82596999893016,0 -77.88046999963332,40.82590999904749,0 -77.88049999977056,40.82585999899054,0 -77.88057000009074,40.82576999933683,0 -77.88063000036522,40.8256899987868,0 -77.88065999960412,40.82566999897411,0 -77.88077000010729,40.82555999921668,0 -77.88087999971215,40.82546999915581,0 -77.88104000044402,40.82535999906665,0 -77.88109999982018,40.8253099992748,0 -77.88137000015692,40.82513999902072,0 -77.88154000003622,40.82501999905882,0 -77.88166999973257,40.82495999899645,0 -77.88184999965762,40.82486999880111,0 -77.88198000025227,40.82480999928281,0 -77.88202999958267,40.82478999920469,0 -77.88217000022308,40.82473999898309,0 -77.8822699997822,40.82470999883203,0 -77.88241999957003,40.82466999928927,0 -77.88250999998171,40.82464999916898,0 -77.88286999983181,40.82455999923274,0 -77.8833900004138,40.82441999939124,0 -77.88341999965272,40.82441999939124,0 -77.88356000029312,40.8243699988907,0 -77.88364999980649,40.82433999925199,0 -77.88376000030966,40.82429999880633,0 -77.88386999991452,40.82424999889506,0 -77.88397000037195,40.82418999881585,0 -77.88403999979381,40.82414999895946,0 -77.8841999996274,40.82405999902448,0 -77.88427999999334,40.82399999877338,0 -77.88457000042158,40.82380999886632,0 -77.88462999979771,40.82376999878075,0 -77.88464999988921,40.82375999926541,0 -77.88469000007217,40.8237399988707,0 -77.8847200002094,40.82372999935082,0 -77.88483999985999,40.82367999900983,0 -77.88496999955633,40.82362999931098,0 -77.88497999960207,40.82362999931096,0 -77.88516000042546,40.82357999889458,0 -77.88518999966436,40.8235699993506,0 -77.8852700000303,40.82354999889859,0 -77.88542999986389,40.82350999933599,0 -77.88543999990962,40.82350999933599,0 -77.88562999988042,40.82348999886588,0 -77.88566000001764,40.82348999886588,0 -77.88578999971399,40.82347999930834,0 -77.88590000021716,40.82347999930834,0 -77.88591000026291,40.82347999930834,0 -77.88609000018796,40.82347999930833,0 -77.88621999988429,40.82348999886588,0 -77.88631000029599,40.82350999933599,0 -77.88650000026679,40.82353999935007,0 -77.88647000012955,40.82369999874292,0 -77.88643999999233,40.82378999916643,0 -77.8864099998551,40.82388999896509,0 -77.88638999976361,40.82402999924561,0 -77.88635999962638,40.82412999936214,0 -77.88634999958063,40.82425999901631,0 -77.88646000008382,40.82414999895946,0 -77.88649000022104,40.82410999907896,0 -77.88652000035826,40.82399999877337,0 -77.88653000040401,40.8239699989673,0 -77.88653999955143,40.82396999896731,0 -77.88655999964293,40.82391999880729,0 -77.88659999982589,40.82380999886632,0 -77.88664000000887,40.82371999914969,0 -77.88664000000887,40.82370999894707,0 -77.88668000019183,40.8235699993506,0 -77.88670000028333,40.82351999888902,0 -77.88669000023758,40.82351999888903,0 -77.8866700001461,40.82351999888903,0 -77.88661999991739,40.82350999933599,0 -77.88653000040401,40.82348999886588,0 -77.88632000034174,40.82344999926703,0 -77.88619999979282,40.82342999877885,0 -77.88599999977626,40.82341999921225,0 -77.88598999973053,40.82340999896441,0 -77.88591000026291,40.8234099989644,0 -77.88575000042933,40.82341999921225,0 -77.8855799996517,40.82342999877885,0 -77.8855300003213,40.82342999877885,0 -77.88544999995536,40.82344999926703,0 -77.88535000039624,40.82345999882912,0 -77.88521999980159,40.82348999886588,0 -77.88510000015098,40.82351999888902,0 -77.88507000001377,40.82352999912027,0 -77.88497999960207,40.82354999889859,0 -77.88484999990574,40.82359999933753,0 -77.88463999984344,40.82368999921702,0 -77.88444999987266,40.82342999877885,0 -77.88440999968969,40.82338999914388,0 -77.88436000035929,40.82332999896642,0 -77.88431000013058,40.82325999914395,0 -77.88421999971889,40.82318999924761,0 -77.88421999971889,40.82317999896505,0 -77.88420999967313,40.82317999896505,0 -77.88420999967313,40.82316999936075,0 -77.8841999996274,40.82315999907522,0 -77.8841999996274,40.82314999878811,0 -77.88418999958166,40.8231399991793,0 -77.88418000043424,40.8231399991793,0 -77.88418000043424,40.82312999888922,0 -77.88417000038849,40.82312999888922,0 -77.88417000038849,40.82311999927741,0 -77.884150000297,40.82311999927741,0 -77.884150000297,40.82310999898427,0 -77.88414000025126,40.82310999898426,0 -77.88413000020553,40.82310999898426,0 -77.88412000015977,40.82310999898426,0 -77.88411000011403,40.82309999936943,0 -77.8841000000683,40.82309999936943,0 -77.88409000002255,40.82309999936943,0 -77.88407999997679,40.82309999936943,0 -77.88406999993106,40.82309999936943,0 -77.88405999988532,40.82309999936943,0 -77.88404999983959,40.82309999936943,0 -77.88404999983959,40.82310999898427,0 -77.88403999979381,40.82310999898427,0 -77.88402999974808,40.82310999898427,0 -77.88401999970235,40.82310999898427,0 -77.88400999965661,40.82310999898427,0 -77.88400999965661,40.82311999927741,0 -77.88399999961085,40.82311999927742,0 -77.88398999956512,40.82312999888922,0 -77.88398000041768,40.82312999888923,0 -77.88398000041768,40.8231399991793,0 -77.88397000037195,40.8231399991793,0 -77.88396000032621,40.82314999878811,0 -77.88396000032621,40.82315999907521,0 -77.88395000028046,40.82315999907521,0 -77.88395000028046,40.82316999936075,0 -77.88395000028046,40.82317999896505,0 -77.88394000023472,40.82317999896505,0 -77.88394000023472,40.82318999924761,0 -77.88394000023472,40.82319999884889,0 -77.88394000023472,40.82320999912844,0 -77.88394000023472,40.82321999940645,0 -77.88394000023472,40.82322999900319,0 -77.88395000028046,40.82323999927823,0 -77.88395000028046,40.82324999887197,0 -77.88396000032621,40.82325999914394,0</coordinates>
        </LineString>
        <LineString>
          <extrude>0</extrude>
          <tessellate>1</tessellate><altitudeMode>clampToGround</altitudeMode>
          <coordinates> -77.88387999996027,40.82329999885731,0 -77.88396000032621,40.82325999914394,0 -77.88397000037195,40.82326999873467,0 -77.88398000041768,40.82327999900368,0 -77.88398999956512,40.82328999927115,0 -77.88399999961085,40.82328999927116,0 -77.88400999965661,40.82328999927115,0 -77.88400999965661,40.82329999885731,0 -77.88401999970235,40.82329999885731,0 -77.88402999974808,40.82329999885731,0 -77.88403999979381,40.82330999912179,0 -77.88404999983959,40.82330999912179,0 -77.88405999988532,40.82330999912179,0 -77.88406999993106,40.82330999912179,0 -77.88407999997679,40.82330999912179,0 -77.88430000008483,40.82342999877883,0 -77.88437000040503,40.82347999930834,0 -77.88457000042158,40.82371999914969,0 -77.88422999976464,40.82393999914773,0 -77.88393000018898,40.82413999882169,0 -77.88372000012669,40.82423999877237,0 -77.88351000006442,40.82430999891999,0 -77.88333000013937,40.82435999878603,0 -77.88283999969458,40.82448999934893,0 -77.88270999999824,40.82451999891972,0 -77.88241999957003,40.82458999877186,0 -77.88238000028537,40.82459999884184,0 -77.88221000040606,40.82464999916898,0 -77.88204999967417,40.82469999877864,0 -77.88199000029803,40.82472999893423,0 -77.88189999988633,40.82475999907624,0 -77.88178000023575,40.82481999931956,0 -77.88177000018999,40.82481999931954,0 -77.88163999959534,40.82487999882887,0 -77.88158000021919,40.8249199989247,0 -77.88151999994476,40.82495999899646,0 -77.88140000029414,40.82501999905882,0 -77.88118000018612,40.82516999897725,0 -77.88095000003234,40.82532999919604,0 -77.88085999962065,40.82538999892367,0 -77.88083000038175,40.82540999882081,0 -77.88075000001582,40.82546999915582,0 -77.88065999960412,40.82554999929146,0 -77.88061000027372,40.82560999882003,0 -77.88056000004499,40.82565999906548,0 -77.8804400003944,40.82580999889591,0 -77.88037000007421,40.82591999891839,0 -77.880299999754,40.82602999875848,0 -77.880299999754,40.82603999929107,0 -77.88026999961677,40.8261299992581,0 -77.88024000037787,40.82619999877041,0 -77.88022000028639,40.82627999938492,0 -77.88018000010341,40.82641999937847,0 -77.88017000005767,40.82647999879965,0 -77.88025000042362,40.8264899992644,0 -77.88025000042362,40.82651999928995,0 -77.88021000024065,40.8266499990175,0 -77.88018000010341,40.82673999883642,0 -77.88010999978322,40.82687999921833,0 -77.88004000036133,40.82699999921335,0 -77.87997000004111,40.82709999893005,0 -77.87988999967517,40.82718999881799,0 -77.87981000020757,40.82726999891796,0 -77.87970999975012,40.82736999890724,0 -77.87960000014527,40.82744999879005,0 -77.87949999968784,40.82751999894825,0 -77.87938000003726,40.82757999873369,0 -77.8792700004324,40.82763999914458,0 -77.87916999997496,40.82768999921897,0 -77.87905000032437,40.82773999925562,0 -77.87895999991268,40.8277699993955,0 -77.87884000026209,40.82780999910769,0 -77.87882000017058,40.82780999910769,0 -77.87873999980465,40.82783999921588,0 -77.87864000024553,40.82785999905389,0 -77.87856999992535,40.82786999931047,0 -77.87848999955941,40.82787999888587,0 -77.87812999970929,40.82792999877922,0 -77.87803000015018,40.82794999926984,0 -77.87748000032926,40.82801999890022,0 -77.87743000010055,40.82802999913267,0 -77.87726000022123,40.82805999914136,0 -77.87719999994678,40.82806999936779,0 -77.87710000038766,40.82809999935837,0 -77.87702000002172,40.82812999933532,0 -77.87697999983874,40.82813999887151,0 -77.87692999961004,40.82816999883043,0 -77.87686000018816,40.8281999987757,0 -77.87678999986795,40.82823999890827,0 -77.87671000040032,40.82830999891227,0 -77.87663000003438,40.82838999902056,0 -77.87652999957696,40.82845999886615,0 -77.87646000015506,40.82842999903845,0 -77.87621999995557,40.82831999910098,0 -77.87585000005971,40.82815999929877,0 -77.87425999997312,40.82744999879005,0 -77.87376000038093,40.82723999923164,0 -77.87338999958675,40.82705999878958,0 -77.87318999957022,40.82696999940488,0 -77.87301999969091,40.826889998943,0 -77.87217000029433,40.82650999882978,0 -77.871780000307,40.82633999893281,0 -77.87088999982915,40.8259099990475,0 -77.87064999962963,40.82575999876356,0 -77.87043999956734,40.8256299993306,0 -77.87008999976297,40.82538999892367,0 -77.86989999979218,40.82523999882306,0 -77.86986999965495,40.82521999887465,0 -77.86970999982138,40.82507999906689,0 -77.86954999998783,40.8249199989247,0 -77.86919000013769,40.82454999915673,0 -77.86899000012117,40.82430999891999,0 -77.86879000010462,40.82406999917431,0 -77.86854999990511,40.82379999935703,0 -77.8684700004375,40.82370999894707,0 -77.86827999956837,40.82347999930834,0 -77.86815999991776,40.82333999922634,0 -77.86804000026717,40.82319999884889,0 -77.86789999962677,40.82304999923326,0 -77.8678300002049,40.82296999880106,0 -77.86777999997618,40.8229199992467,0 -77.86774999983896,40.82287999930414,0 -77.86766000032559,40.82279999934669,0 -77.86746000030905,40.82261999908955,0 -77.86710999960636,40.8223399990782,0 -77.8670700003217,40.82231999893499,0 -77.86654999973972,40.82195999940568,0 -77.8661699997981,40.82173999895797,0 -77.8650500000648,40.82106999875411,0 -77.86484000000253,40.82094999890595,0 -77.86449000019815,40.82073999915922,0 -77.86382999987407,40.82035999915753,0 -77.86349000011543,40.82016999902013,0 -77.86323999987019,40.82002999874952,0 -77.86310000012811,40.81995999884334,0 -77.86291000015731,40.81984999913283,0 -77.86231000010767,40.81953999921446,0 -77.861530000133,40.81912999918059,0 -77.86094000012912,40.81882999887673,0 -77.86075000015833,40.8187199993318,0 -77.86069999992962,40.8186999987769,0 -77.86035000012525,40.81852999925556,0 -77.86033000003376,40.81851999895028,0 -77.85958000019632,40.81823999930658,0 -77.85929999981381,40.8180999990415,0 -77.85927999972235,40.81808999935117,0 -77.85904999956857,40.81795999916081,0 -77.85888999973501,40.81784999885306,0 -77.85872999990143,40.81773999904274,0 -77.85859000015935,40.81761999928879,0 -77.85844000037152,40.81747999907496,0 -77.85824000035497,40.81726999921992,0 -77.85805000038418,40.81702999915427,0 -77.85794999992676,40.8168999989262,0 -77.85786000041338,40.81675999923232,0 -77.85779000009319,40.81660999932963,0 -77.85775999995596,40.81653999921365,0 -77.8576500003511,40.81626999933692,0 -77.8575599999394,40.81607999904192,0 -77.85754999989366,40.81605999905078,0 -77.85745000033455,40.81590999892499,0 -77.85732999978563,40.81576999918146,0 -77.85713999981485,40.815569998744,0 -77.85705000030148,40.81548999880808,0 -77.85642000011462,40.81489999876606,0 -77.85623000014382,40.81472999902471,0 -77.85603000012729,40.81450999907276,0 -77.85539999994043,40.81385999924834,0 -77.85533999966597,40.81379999928869,0 -77.85525000015261,40.81370999890751,0 -77.8550800002733,40.81352999913865,0 -77.85476999975359,40.81321999892072,0 -77.85449000026942,40.81292999887499,0 -77.85394999959593,40.81237999936251,0 -77.85380999985385,40.81222999907506,0 -77.85388000017404,40.81218999880516,0 -77.85396999968741,40.81211999878472,0 -77.85434999962901,40.81173999903624,0 -77.85468000024021,40.81137999919941,0 -77.8547999998908,40.81125999881974,0 -77.85514999969517,40.81089999909818,0 -77.85546000021488,40.81057999936792,0 -77.85554999972825,40.81047999922072,0 -77.85585000020222,40.81015999882482,0 -77.85590999957837,40.81009999891871,0 -77.85614999977788,40.80985999875183,0 -77.85656999990245,40.80941999913767,0 -77.85672999973602,40.80925999929627,0 -77.85720000008929,40.80877999881734,0 -77.8572999996484,40.80866999892684,0 -77.85754999989366,40.80840999876979,0 -77.85772999981872,40.80818999893958,0 -77.85824000035497,40.80765999938237,0 -77.85828999968537,40.80761999907724,0 -77.85843000032578,40.8074799988392,0 -77.85848999970192,40.80741999922962,0 -77.85873999994718,40.80715999893459,0 -77.85917000011749,40.80670999905025,0 -77.85923000039195,40.80664999874443,0 -77.85957000015057,40.80629999927923,0 -77.85970999989266,40.8061599989763,0 -77.85984999963475,40.80600999890682,0 -77.85991999995494,40.8059399991663,0 -77.86022999957633,40.80561999931525,0 -77.86061999956367,40.80521999920153,0 -77.86067999983811,40.80515999890851,0 -77.86074000011259,40.80509999924124,0 -77.86086999980893,40.80494999881576,0 -77.86105999977973,40.80474999908103,0 -77.86111000000842,40.8046999993932,0 -77.86146999985856,40.80430999890308,0 -77.86148999995004,40.80428999876384,0 -77.86203999977094,40.8037099989046,0 -77.86234000024491,40.80338999918077,0 -77.8624099996668,40.80331999939672,0 -77.86249000003275,40.8032399989703,0 -77.86268000000354,40.80303999884241,0 -77.86279999965414,40.80290999908207,0 -77.86311000017385,40.80257999891301,0 -77.86317999959573,40.80250999895473,0 -77.86368000008626,40.80198999899314,0 -77.86375000040644,40.80191999909263,0 -77.86399999975339,40.80164999888175,0 -77.86406000002783,40.8015899987613,0 -77.86411000025656,40.80153999873285,0 -77.86453000038111,40.80110999924515,0 -77.86454999957429,40.80108999882162,0 -77.86472000035192,40.8009199990586,0 -77.86488000018551,40.80074999886011,0 -77.86489000023124,40.80073999927487,0 -77.86494999960738,40.80066999873605,0 -77.86547000018936,40.80012999928678,0 -77.86553999961126,40.80000999896367,0 -77.86556999974849,40.79995999910503,0 -77.8655999998857,40.79986999899257,0 -77.86560999993146,40.79982999875228,0 -77.86564000006868,40.79967999933665,0 -77.86564000006868,40.79961999879544,0 -77.86565000011444,40.79947999936184,0 -77.86566000016018,40.79932999915528,0 -77.86567000020591,40.79924999935987,0 -77.86570000034314,40.79907999896449,0 -77.86573999962781,40.79890999881373,0 -77.86573999962781,40.79888999908738,0 -77.86575999971927,40.79880999876167,0 -77.86579999990225,40.79871999913006,0 -77.86585000013096,40.79863999927958,0 -77.86590000035967,40.79856999924625,0 -77.86598999987304,40.79847999928926,0 -77.86604000010178,40.79841999902345,0 -77.86606000019324,40.79840999908722,0 -77.86611999956939,40.79835999938346,0 -77.8663799998604,40.79817999877802,0 -77.8664300000891,40.79813999887936,0 -77.86651999960247,40.79806999899886,0 -77.86657999987693,40.79802999903398,0 -77.86677999989347,40.79787999895105,0 -77.86717999992655,40.79756999906568,0 -77.86749000044627,40.79733999924622,0 -77.8677599998847,40.79713999902165,0 -77.86803000022142,40.79694999903221,0 -77.86808999959757,40.79689999890886,0 -77.86814999987203,40.796859998919,0 -77.86820000010074,40.7968199989051,0 -77.86823000023797,40.79678999904887,0 -77.86827000042095,40.79674999899274,0 -77.86831999975135,40.79668999920346,0 -77.86833999984282,40.79666999880826,0 -77.86835999993433,40.79664999908707,0 -77.86839000007154,40.79660999894664,0 -77.86839000007154,40.79659999873773,0 -77.86841000016302,40.79654999903077,0 -77.86844000030027,40.79647999883375,0 -77.86860000013384,40.79650999883008,0 -77.86867999960145,40.79651999905252,0 -77.86873999987591,40.79653999881284,0 -77.86884000033335,40.79654999903076,0 -77.86888999966372,40.79655999924718,0 -77.86895999998394,40.79655999924719,0 -77.8690200002584,40.79655999924719,0 -77.86909999972602,40.79655999924719,0 -77.86916000000049,40.79653999881284,0 -77.86922000027494,40.79652999927346,0 -77.86927999965107,40.79651999905252,0 -77.86933999992554,40.7964999992862,0 -77.86940000019999,40.79647999883375,0 -77.86946999962187,40.79644999882383,0 -77.86952999989633,40.7964199988004,0 -77.86960000021654,40.7963699989579,0 -77.86965000044525,40.79632999932877,0 -77.86981000027882,40.79619999934766,0 -77.86992999992943,40.79611999918041,0 -77.87018000017467,40.79592999899189,0 -77.87041000032845,40.79574999927814,0 -77.87047999975032,40.79568999926506,0 -77.87022000035765,40.79553999933525,0 -77.87010999985448,40.79546999875329,0 -77.87005999962577,40.79543999896708,0 -77.86989999979218,40.79533999912832,0 -77.86977000009584,40.79522999940373,0 -77.86963000035377,40.79512999924867,0 -77.8695199998506,40.79503999938834,0 -77.86941000024572,40.79494999940601,0 -77.8693299998798,40.79486999909262,0 -77.86924000036643,40.79477999887983,0 -77.86908999968028,40.79461999910708,0 -77.86900000016691,40.79450999886964,0 -77.86866000040828,40.79410999912829,0 -77.86843000025452,40.79382999916754,0 -77.86838000002579,40.79377999873452,0 -77.86809999964332,40.7934999987423,0 -77.86804000026717,40.79343999873602,0 -77.86794999985548,40.79335999932345,0 -77.86793999980975,40.79334999930509,0 -77.8678300002049,40.79326999910398,0 -77.86763000018834,40.79312999920015,0 -77.86740000003456,40.79297999892704,0 -77.86704000018447,40.79275999895628,0 -77.86690000044239,40.79268999884363,0 -77.86683000012218,40.79264999903754,0 -77.86654999973972,40.79248999889234,0 -77.86611999956939,40.79224999897163,0 -77.86571000038887,40.79201999908377,0 -77.86566000016018,40.79194999887104,0 -77.86552999956552,40.79187999926458,0 -77.86548000023512,40.79184999921635,0 -77.86528000021858,40.79186999902333,0 -77.86524000003561,40.79187999926458,0 -77.86520999989837,40.79187999926458,0 -77.86512000038499,40.79188999882427,0 -77.86506000011056,40.79189999906252,0 -77.86497999974461,40.79189999906252,0 -77.86490000027698,40.79195999910024,0 -77.86445000001518,40.79230999937321,0 -77.86440999983222,40.7923399992136,0 -77.86411000025656,40.79255999921585,0 -77.86391000024001,40.79270999907762,0 -77.86340999974949,40.79308999897911,0 -77.86300999971643,40.79337999935562,0 -77.86277000041521,40.79355999937438,0 -77.86232000015343,40.79388999882137,0 -77.86166999987509,40.79436999886023,0 -77.8615999995549,40.7944199988489,0 -77.86152000008725,40.79447999932971,0 -77.86154900039958,40.7945589990412,0</coordinates>
        </LineString>
      </MultiGeometry>
    </Placemark>
    <Placemark id="ID_00043">
      <name>H</name>
      <snippet></snippet>
      <description><![CDATA[<html xmlns:fo="http://www.w3.org/1999/XSL/Format" xmlns:msxsl="urn:schemas-microsoft-com:xslt">
<head>
<META http-equiv="Content-Type" content="text/html">
<meta http-equiv="content-type" content="text/html; charset=UTF-8">
</head>
<body style="margin:0px 0px 0px 0px;overflow:auto;background:#FFFFFF;">
<table style="font-family:Arial,Verdana,Times;font-size:12px;text-align:left;width:100%;border-collapse:collapse;padding:3px 3px 3px 3px">
<tr style="text-align:center;font-weight:bold;background:#9CBCE2">
<td>H</td>
</tr>
<tr>
<td>
<table style="font-family:Arial,Verdana,Times;font-size:12px;text-align:left;width:100%;border-spacing:0px; padding:3px 3px 3px 3px">
<tr>
<td>shape_id</td>
<td>31</td>
</tr>
<tr bgcolor="#D4E4F3">
<td>route_id</td>
<td>72</td>
</tr>
<tr>
<td>agency_id</td>
<td>CATA</td>
</tr>
<tr bgcolor="#D4E4F3">
<td>route_short_name</td>
<td>H</td>
</tr>
<tr>
<td>route_long_name</td>
<td>H - Toftrees</td>
</tr>
<tr bgcolor="#D4E4F3">
<td>route_desc</td>
<td>&lt;Null&gt;</td>
</tr>
<tr>
<td>route_type</td>
<td>3</td>
</tr>
<tr bgcolor="#D4E4F3">
<td>route_url</td>
<td>&lt;Null&gt;</td>
</tr>
<tr>
<td>route_sort_order</td>
<td>&lt;Null&gt;</td>
</tr>
<tr bgcolor="#D4E4F3">
<td>continuous_pickup</td>
<td>&lt;Null&gt;</td>
</tr>
<tr>
<td>continuous_drop_off</td>
<td>&lt;Null&gt;</td>
</tr>
<tr bgcolor="#D4E4F3">
<td>route_type_text</td>
<td>Bus</td>
</tr>
<tr>
<td>ColorCode</td>
<td>9966FF</td>
</tr>
<tr bgcolor="#D4E4F3">
<td>Shape__Length</td>
<td>18619.39684</td>
</tr>
<tr>
<td>GlobalID</td>
<td>{C4663A97-152C-4E4B-85FC-6C7AFCA092A6}</td>
</tr>
</table>
</td>
</tr>
</table>
</body><script type="text/javascript">
				function changeImage(attElement, nameElement) {
				document.getElementById('imageAttachment').src = attElement;
				document.getElementById('imageName').innerHTML = nameElement;}
			</script></html>
]]></description>
      <styleUrl>#LineStyle00</styleUrl>
      <MultiGeometry>
        <LineString>
          <extrude>0</extrude>
          <tessellate>1</tessellate><altitudeMode>clampToGround</altitudeMode>
          <coordinates> -77.90179000013896,40.82151999914017,0 -77.90178660360887,40.82152145459132,0 -77.90178653264196,40.82152136417798,0 -77.90179000013896,40.82151999914017,0</coordinates>
        </LineString>
        <LineString>
          <extrude>0</extrude>
          <tessellate>1</tessellate><altitudeMode>clampToGround</altitudeMode>
          <coordinates> -77.90219799966964,40.80958399925456,0 -77.90223000035502,40.80950999921883,0 -77.90283999955207,40.8095899988863,0 -77.90305999966009,40.80961999907674,0 -77.90329999985961,40.80964999925357,0 -77.90355000010486,40.8096799987369,0 -77.90379000030437,40.80970999888665,0 -77.90398000027518,40.80972999875229,0 -77.9042299996221,40.80974999929178,0 -77.90442999963865,40.80976999914537,0 -77.9045800003248,40.80981999909289,0 -77.90474000015836,40.80984999917934,0 -77.90478000034133,40.80985999875183,0 -77.90492000008342,40.80988999882015,0 -77.90493000012916,40.80988999882014,0 -77.90520999961332,40.80991999887495,0 -77.90534000020799,40.80992999911681,0 -77.90526999988779,40.81030999903259,0 -77.90523999975056,40.81043999925564,0 -77.90522999970482,40.81054999893163,0 -77.90521999965907,40.81057999936792,0 -77.90522999970482,40.81060999911077,0 -77.90522999970482,40.81064999897335,0 -77.90525999984204,40.81069999893768,0 -77.90533000016224,40.81078999932247,0 -77.90538000039095,40.81084999928456,0 -77.90542999972135,40.81089999909818,0 -77.90547999995007,40.81093999878595,0 -77.90553000017879,40.81097999912957,0 -77.90569000001236,40.81105999906448,0 -77.90590000007462,40.81117999912596,0 -77.90572000014957,40.8113199990367,0 -77.90560999964642,40.81141999927772,0 -77.90551000008729,40.81153999936802,0 -77.90539999958413,40.81165999924135,0 -77.90505999982551,40.81203999876802,0 -77.90492000008342,40.81218999880517,0 -77.90480999958024,40.81230999886262,0 -77.9047700002956,40.81235999893586,0 -77.90474000015836,40.81240999897136,0 -77.90471000002114,40.81246999882831,0 -77.90467999988391,40.81253999915938,0 -77.90464999974668,40.81264999875346,0 -77.90455000018757,40.81299999940065,0 -77.90453000009606,40.81307999893966,0 -77.90451000000459,40.81312999911254,0 -77.90447999986736,40.81317999924767,0 -77.90444999973013,40.81322999934512,0 -77.90441999959292,40.81327999940489,0 -77.90426999980507,40.81343999907104,0 -77.90425999975933,40.81344999878244,0 -77.90415000015449,40.81356999928058,0 -77.90406999978855,40.81363999913095,0 -77.90398000027518,40.8137099989075,0 -77.90383999963477,40.81379999928869,0 -77.90382999958902,40.81380999894578,0 -77.90374000007566,40.8138499989189,0 -77.9034899998304,40.81398999931476,0 -77.90322000039198,40.81413999902257,0 -77.90303999956862,40.81423999909266,0 -77.90292999996375,40.81429999933427,0 -77.90273999999296,40.81438999891508,0 -77.90226999963967,40.81463999922525,0 -77.90219000017206,40.81468999890229,0 -77.9020899997146,40.81474999873694,0 -77.90189999974382,40.81486999892338,0 -77.90151999980222,40.81509999918379,0 -77.90146999957351,40.81512999892252,0 -77.90140000015161,40.81518999903911,0 -77.90126000040954,40.81526999933678,0 -77.90123000027229,40.81528999888619,0 -77.90108999963191,40.81538999926246,0 -77.90107000043875,40.81539999935978,0 -77.90094999988983,40.81546999931894,0 -77.90074999987328,40.81557999881419,0 -77.90061000013119,40.81564999926326,0 -77.90056999994823,40.81565999932143,0 -77.90052999976525,40.81567999875328,0 -77.90040000006893,40.81573999905232,0 -77.90024000023534,40.81580999933261,0 -77.90000000003585,40.81591999894393,0 -77.89941000003195,40.81619999886215,0 -77.89927000028986,40.81625999937074,0 -77.89933999971176,40.81632999910236,0 -77.89963000013998,40.81671999897416,0 -77.89976999988205,40.81694999893947,0 -77.89988000038524,40.81714999929564,0 -77.90013999977792,40.81771999887221,0 -77.90028000041832,40.81800999905499,0 -77.9003499998402,40.81818999890593,0 -77.90041000011466,40.81835999929861,0 -77.90047000038912,40.81853999887959,0 -77.900539999811,40.81870999905511,0 -77.90056999994823,40.81877999892077,0 -77.90061000013119,40.81887999879498,0 -77.90074999987328,40.81921999900717,0 -77.90089999966112,40.8195699989848,0 -77.90102000021002,40.81985999923768,0 -77.90130999973994,40.82054999875069,0 -77.90148999966499,40.8209899993327,0 -77.90160000016816,40.82122999934689,0 -77.90167999963579,40.82144999876698,0 -77.90171999981877,40.82154999937458,0 -77.90178660360887,40.82152145459132,0 -77.90217880716359,40.82202275331078,0 -77.90327213861107,40.82280610518958,0 -77.90406028630537,40.82324752038679,0 -77.90473771394596,40.82341433732241,0 -77.90539969325862,40.82347315188778,0 -77.90658905011837,40.82346495374414,0 -77.90657790921222,40.82273825022274,0 -77.90888046466026,40.82270025690363,0 -77.90962246859338,40.82274515278189,0 -77.90961403161621,40.82327545330343,0 -77.90947307516836,40.8234622393834,0 -77.90923123162588,40.82351709419238,0 -77.9053995863591,40.82351561907138,0 -77.90472312979733,40.82345188837549,0 -77.90403622043891,40.82328395805202,0 -77.90322942102435,40.82283601918923,0 -77.9021287548326,40.82205943773435,0 -77.90180574401263,40.82164437585916,0 -77.90181000023044,40.82163999931666,0 -77.90171999981877,40.82154999937458,0 -77.90162000025964,40.82159999928197,0 -77.90149999971074,40.82163999931666,0 -77.90138000006014,40.82168999915616,0 -77.90109999967764,40.82176999909292,0 -77.90088999961536,40.82182999932206,0 -77.90087999956963,40.82182999932206,0 -77.90084000028497,40.82183999912837,0 -77.90067000040565,40.82189999929412,0 -77.90066000035992,40.8219099990899,0 -77.90052999976525,40.82195999940567,0 -77.90025000028108,40.82208999923454,0 -77.90010999964069,40.82217999912364,0 -77.89993999976137,40.82228999904888,0 -77.89992999971564,40.82229999878584,0 -77.89972999969908,40.82247999923162,0 -77.89960000000275,40.82255999889531,0 -77.89952999968254,40.82260999940083,0 -77.89937999989473,40.82268999890771,0 -77.89926000024413,40.82276999899788,0 -77.8992300001069,40.82277999934225,0 -77.89911999960373,40.82283999933747,0 -77.89898999990739,40.82287999930414,0 -77.89882000002807,40.82293999920893,0 -77.89862000001153,40.82298999874823,0 -77.89860999996579,40.8229799991153,0 -77.89857999982856,40.8229799991153,0 -77.89853999964559,40.82298999874824,0 -77.898419999995,40.82301999899753,0 -77.89824000006992,40.82304999923328,0 -77.8980199999619,40.8230799987757,0 -77.89785000008258,40.82309999936943,0 -77.89714000042812,40.82319999884889,0 -77.89680999981692,40.82324999887197,0 -77.89654000037849,40.82328999927115,0 -77.89653000033275,40.82328999927115,0 -77.89638999969235,40.82330999912179,0 -77.89629000013323,40.82331999938476,0 -77.89546999997559,40.82343999902373,0 -77.89490000006319,40.82353999935007,0 -77.89483999978874,40.82354999889859,0 -77.89431000005932,40.82368999921702,0 -77.89409999999704,40.82374999906883,0 -77.89399000039218,40.82376999878075,0 -77.89393000011772,40.82378999916643,0 -77.89376000023842,40.8238199990539,0 -77.89367999987248,40.82382999923993,0 -77.89364999973523,40.82383999874472,0 -77.89353000008462,40.82384999892776,0 -77.89349999994742,40.82384999892776,0 -77.89296000017224,40.82382999923993,0 -77.89291999998927,40.82410999907896,0 -77.89288999985203,40.82440999929413,0 -77.8928799998063,40.82461999897721,0 -77.8928799998063,40.8247899992047,0 -77.89288999985203,40.82503999906752,0 -77.89299000030947,40.82561999873622,0 -77.89301000040095,40.82571999917432,0 -77.89303999963987,40.82591999891839,0 -77.89303999963987,40.8259399993355,0 -77.89303999963987,40.82609999905605,0 -77.89303999963987,40.82611999873911,0 -77.89301000040095,40.82625999907041,0 -77.89300000035522,40.82628999920006,0 -77.89291999998927,40.8264599992252,0 -77.89283999962332,40.82658999907037,0 -77.89275000010996,40.82669999915858,0 -77.89260000032215,40.82681999879956,0 -77.89240000030559,40.82695999901257,0 -77.8921900002433,40.82707999886281,0 -77.89195000004378,40.82720999885204,0 -77.89142000031437,40.82744999879004,0 -77.89110999979466,40.82756999911306,0 -77.89088999968664,40.82764999875464,0 -77.89083000031049,40.82765999904291,0 -77.89009999966621,40.82786999931047,0 -77.88961000011976,40.82802999913267,0 -77.88914999981222,40.82822999938718,0 -77.88884000019083,40.82837999884234,0 -77.88867000031151,40.82846999903227,0 -77.8885499997626,40.82854999894752,0 -77.88846000024922,40.82859999901549,0 -77.88825000018694,40.82873999886927,0 -77.88789000033682,40.82899999888159,0 -77.8874300000293,40.82940999907796,0 -77.88706000013343,40.82975999898062,0 -77.88700999990472,40.82979999885188,0 -77.88697999976749,40.82982999873946,0 -77.88659999982589,40.83018999905079,0 -77.88642999994657,40.83038999890787,0 -77.8864099998551,40.83040999933621,0 -77.88577999966824,40.83125999938888,0 -77.88563999992616,40.83140999878681,0 -77.88555999956021,40.83147999884289,0 -77.88539999972664,40.83160999904219,0 -77.88538999968091,40.83161999873328,0 -77.88521999980159,40.83172999931364,0 -77.88516000042546,40.83177999902283,0 -77.88496999955633,40.83189999898654,0 -77.88475000034663,40.8319999987905,0 -77.88471000016366,40.83201999873314,0 -77.88463999984344,40.83203999934952,0 -77.88450000010137,40.83209999912327,0 -77.88445999991839,40.83210999874041,0 -77.88429000003909,40.83215999884274,0 -77.88409000002255,40.8321899990219,0 -77.88390000005174,40.8322099989073,0 -77.88373000017243,40.8322099989073,0 -77.88366999989798,40.8322099989073,0 -77.88359999957777,40.8322099989073,0 -77.88361999966928,40.83214999923308,0 -77.88364999980649,40.83202999904211,0 -77.88359999957777,40.8322099989073,0 -77.88350000001867,40.83219999930522,0 -77.88348999997292,40.83219999930522,0 -77.88336000027658,40.83217999873712,0 -77.88325999981915,40.83214999923308,0 -77.88287999987755,40.83206999890333,0 -77.88268999990676,40.83200999910243,0 -77.88259000034765,40.8319899991567,0 -77.88247999984446,40.831959998887,0 -77.88221000040606,40.83184999936791,0 -77.88215000013159,40.83181999903486,0 -77.88221999955347,40.83173999898658,0 -77.88227999982793,40.83164999915679,0 -77.88230999996517,40.83157999928023,0 -77.88228999987368,40.8314599987373,0 -77.88218000026882,40.83132999892361,0 -77.88216000017734,40.83130999877278,0 -77.88208999985714,40.83121999903899,0 -77.88181000037297,40.83092999883927,0 -77.88170999991554,40.83082999878096,0 -77.88132999997394,40.83037999903132,0 -77.8810599996372,40.83007999931411,0 -77.88096000007808,40.82994999883385,0 -77.88095000003234,40.82992999894645,0 -77.88087999971215,40.82981999877846,0 -77.88085999962065,40.82975999898062,0 -77.880820000336,40.82969999912854,0 -77.88070999983285,40.82938999902772,0 -77.88063000036522,40.82909999898085,0 -77.88063000036522,40.82906999876299,0 -77.88061000027372,40.8289499991152,0 -77.88061000027372,40.82888999920987,0 -77.88062000031947,40.82878999879391,0 -77.88063000036522,40.82870999916821,0 -77.88064999955837,40.82863999890676,0 -77.8806799996956,40.82852999931762,0 -77.88076000006156,40.82831999910098,0 -77.88081000029027,40.82823999890827,0 -77.88084999957492,40.82816999883042,0 -77.88089999980363,40.82807999891301,0 -77.88102000035255,40.82785999905389,0 -77.88110999986593,40.82768999921897,0 -77.8812000002776,40.82754999918761,0 -77.88121000032334,40.82752999925611,0 -77.88130999988246,40.82736999890724,0 -77.881249999608,40.82732999892961,0 -77.88118000018612,40.82728999892787,0 -77.88111999991166,40.82725999925065,0 -77.88110999986593,40.827249998902,0 -77.88104999959147,40.82718999881799,0 -77.88101000030682,40.82714999873181,0 -77.88097000012384,40.82709999893003,0 -77.88093999998661,40.82704999909055,0 -77.88089999980363,40.82697999911597,0 -77.88087999971215,40.82691999878767,0 -77.88084999957492,40.82684999935563,0 -77.88081000029027,40.82677999916996,0 -77.88080000024452,40.82674999926198,0 -77.88073999997005,40.82667999897074,0 -77.88069999978708,40.82663999925664,0 -77.88064000041095,40.82659999883872,0 -77.8805800001365,40.82656999884934,0 -77.8804899997248,40.82652999906891,0 -77.88040000021144,40.82650999882978,0 -77.88028999970827,40.82648999926439,0 -77.88025000042362,40.8264899992644,0 -77.88027999966253,40.8263799988278,0 -77.88031999984548,40.82626999888855,0 -77.88033999993698,40.82617999911148,0 -77.88036000002846,40.82613999909584,0 -77.88038000011994,40.82608999921231,0 -77.88043000034867,40.82597999879199,0 -77.8804400003944,40.82596999893016,0 -77.88046999963332,40.82590999904749,0 -77.88049999977056,40.82585999899054,0 -77.88057000009074,40.82576999933683,0 -77.88063000036522,40.8256899987868,0 -77.88065999960412,40.82566999897411,0 -77.88077000010729,40.82555999921668,0 -77.88087999971215,40.82546999915581,0 -77.88104000044402,40.82535999906665,0 -77.88109999982018,40.8253099992748,0 -77.88137000015692,40.82513999902072,0 -77.88154000003622,40.82501999905882,0 -77.88166999973257,40.82495999899645,0 -77.88184999965762,40.82486999880111,0 -77.88198000025227,40.82480999928281,0 -77.88202999958267,40.82478999920469,0 -77.88217000022308,40.82473999898309,0 -77.8822699997822,40.82470999883203,0 -77.88241999957003,40.82466999928927,0 -77.88250999998171,40.82464999916898,0 -77.88286999983181,40.82455999923274,0 -77.8833900004138,40.82441999939124,0 -77.88341999965272,40.82441999939124,0 -77.88356000029312,40.8243699988907,0 -77.88364999980649,40.82433999925199,0 -77.88376000030966,40.82429999880633,0 -77.88386999991452,40.82424999889506,0 -77.88397000037195,40.82418999881585,0 -77.88403999979381,40.82414999895946,0 -77.8841999996274,40.82405999902448,0 -77.88427999999334,40.82399999877338,0 -77.88457000042158,40.82380999886632,0 -77.88462999979771,40.82376999878075,0 -77.88464999988921,40.82375999926541,0 -77.88469000007217,40.8237399988707,0 -77.8847200002094,40.82372999935082,0 -77.88483999985999,40.82367999900983,0 -77.88496999955633,40.82362999931098,0 -77.88497999960207,40.82362999931096,0 -77.88516000042546,40.82357999889458,0 -77.88518999966436,40.8235699993506,0 -77.8852700000303,40.82354999889859,0 -77.88542999986389,40.82350999933599,0 -77.88543999990962,40.82350999933599,0 -77.88562999988042,40.82348999886588,0 -77.88566000001764,40.82348999886588,0 -77.88578999971399,40.82347999930834,0 -77.88590000021716,40.82347999930834,0 -77.88591000026291,40.82347999930834,0 -77.88609000018796,40.82347999930833,0 -77.88621999988429,40.82348999886588,0 -77.88631000029599,40.82350999933599,0 -77.88650000026679,40.82353999935007,0 -77.88647000012955,40.82369999874292,0 -77.88643999999233,40.82378999916643,0 -77.8864099998551,40.82388999896509,0 -77.88638999976361,40.82401999908969,0 -77.88638999976361,40.82402999924561,0 -77.88635999962638,40.82412999936214,0 -77.88634999958063,40.82423999877236,0 -77.88634999958063,40.82425999901631,0 -77.88646000008382,40.82414999895946,0 -77.88649000022104,40.82410999907896,0 -77.88651000031253,40.82402999924561,0 -77.88652000035826,40.82399999877337,0 -77.88655999964293,40.82391999880729,0 -77.88659999982589,40.82380999886632,0 -77.88664000000887,40.82371999914969,0 -77.88664000000887,40.82370999894707,0 -77.88668000019183,40.8235699993506,0 -77.88670000028333,40.82351999888902,0 -77.88669000023758,40.82351999888903,0 -77.8866700001461,40.82351999888903,0 -77.88661999991739,40.82350999933599,0 -77.88653000040401,40.82348999886588,0 -77.88632000034174,40.82344999926703,0 -77.88619999979282,40.82342999877885,0 -77.88599999977626,40.82341999921225,0 -77.88598999973053,40.82340999896441,0 -77.88591000026291,40.8234099989644,0 -77.88575000042933,40.82341999921225,0 -77.8855799996517,40.82342999877885,0 -77.8855300003213,40.82342999877885,0 -77.88544999995536,40.82344999926703,0 -77.88535000039624,40.82345999882912,0 -77.88521999980159,40.82348999886588,0 -77.88510000015098,40.82351999888902,0 -77.88507000001377,40.82352999912027,0 -77.88497999960207,40.82354999889859,0 -77.88484999990574,40.82359999933753,0 -77.88463999984344,40.82368999921702,0 -77.88444999987266,40.82342999877885,0 -77.88440999968969,40.82338999914388,0 -77.88436000035929,40.82332999896642,0 -77.88431000013058,40.82325999914395,0 -77.88421999971889,40.82318999924761,0 -77.88421999971889,40.82317999896505,0 -77.88420999967313,40.82317999896505,0 -77.88420999967313,40.82316999936075,0 -77.8841999996274,40.82315999907522,0 -77.8841999996274,40.82314999878811,0 -77.88418999958166,40.8231399991793,0 -77.88418000043424,40.8231399991793,0 -77.88418000043424,40.82312999888922,0 -77.88417000038849,40.82312999888922,0 -77.88417000038849,40.82311999927741,0 -77.884150000297,40.82311999927741,0 -77.884150000297,40.82310999898427,0 -77.88414000025126,40.82310999898426,0 -77.88413000020553,40.82310999898426,0 -77.88412000015977,40.82310999898426,0 -77.88411000011403,40.82309999936943,0 -77.8841000000683,40.82309999936943,0 -77.88409000002255,40.82309999936943,0 -77.88407999997679,40.82309999936943,0 -77.88406999993106,40.82309999936943,0 -77.88405999988532,40.82309999936943,0 -77.88404999983959,40.82309999936943,0 -77.88404999983959,40.82310999898427,0 -77.88403999979381,40.82310999898427,0 -77.88402999974808,40.82310999898427,0 -77.88401999970235,40.82310999898427,0 -77.88400999965661,40.82310999898427,0 -77.88400999965661,40.82311999927741,0 -77.88399999961085,40.82311999927742,0 -77.88398999956512,40.82312999888922,0 -77.88398000041768,40.82312999888923,0 -77.88398000041768,40.8231399991793,0 -77.88397000037195,40.8231399991793,0 -77.88396000032621,40.82314999878811,0 -77.88396000032621,40.82315999907521,0 -77.88395000028046,40.82315999907521,0 -77.88395000028046,40.82316999936075,0 -77.88395000028046,40.82317999896505,0 -77.88394000023472,40.82317999896505,0 -77.88394000023472,40.82318999924761,0 -77.88394000023472,40.82319999884889,0 -77.88394000023472,40.82320999912844,0 -77.88394000023472,40.82321999940645,0 -77.88394000023472,40.82322999900319,0 -77.88395000028046,40.82323999927823,0 -77.88395000028046,40.82324999887197,0 -77.88396000032621,40.82325999914394,0 -77.88397000037195,40.82326999873467,0 -77.88398000041768,40.82327999900368,0 -77.88398999956512,40.82328999927115,0 -77.88399999961085,40.82328999927116,0 -77.88400999965661,40.82328999927115,0 -77.88400999965661,40.82329999885731,0 -77.88401999970235,40.82329999885731,0 -77.88402999974808,40.82329999885731,0 -77.88403999979381,40.82330999912179,0 -77.88404999983959,40.82330999912179,0 -77.88405999988532,40.82330999912179,0 -77.88406999993106,40.82330999912179,0 -77.88407999997679,40.82330999912179,0 -77.88430000008483,40.82342999877883,0 -77.88437000040503,40.82347999930834,0 -77.88457000042158,40.82371999914969,0 -77.88422999976464,40.82393999914773,0 -77.88393000018898,40.82413999882169,0 -77.88372000012669,40.82423999877237,0 -77.88351000006442,40.82430999891999,0 -77.88333000013937,40.82435999878603,0 -77.88283999969458,40.82448999934893,0 -77.88270999999824,40.82451999891972,0 -77.88241999957003,40.82458999877186,0 -77.88238000028537,40.82459999884184,0 -77.88221000040606,40.82464999916898,0 -77.88204999967417,40.82469999877864,0 -77.88199000029803,40.82472999893423,0 -77.88189999988633,40.82475999907624,0 -77.88178000023575,40.82481999931956,0 -77.88177000018999,40.82481999931954,0 -77.88163999959534,40.82487999882887,0 -77.88158000021919,40.8249199989247,0 -77.88151999994476,40.82495999899646,0 -77.88140000029414,40.82501999905882,0 -77.88118000018612,40.82516999897725,0 -77.88095000003234,40.82532999919604,0 -77.88085999962065,40.82538999892367,0 -77.88083000038175,40.82540999882081,0 -77.88075000001582,40.82546999915582,0 -77.88065999960412,40.82554999929146,0 -77.88061000027372,40.82560999882003,0 -77.88056000004499,40.82565999906548,0 -77.8804400003944,40.82580999889591,0 -77.88037000007421,40.82591999891839,0 -77.880299999754,40.82602999875848,0 -77.880299999754,40.82603999929107,0 -77.88026999961677,40.8261299992581,0 -77.88024000037787,40.82619999877041,0 -77.88022000028639,40.82627999938492,0 -77.88018000010341,40.82641999937847,0 -77.88017000005767,40.82647999879965,0 -77.88010999978322,40.82667999897074,0 -77.88005000040707,40.82680999906431,0 -77.87998000008687,40.82693999890313,0 -77.87989999972092,40.82705999878959,0 -77.87983000029904,40.82713999904636,0 -77.87973999988736,40.82722999888004,0 -77.87966000041972,40.82729999927047,0 -77.87958000005378,40.82736999890724,0 -77.87947000044893,40.82743999914983,0 -77.87935999994575,40.82750999931859,0 -77.87924000029516,40.82756999911307,0 -77.87913999983773,40.82761999924023,0 -77.87904000027862,40.82765999904291,0 -77.87892999977545,40.82769999882145,0 -77.87880000007911,40.82773999925562,0 -77.8786800004285,40.8277699993955,0 -77.87853999978812,40.82779999884205,0 -77.87840000004603,40.8278199993718,0 -77.87829999958859,40.82783999921588,0 -77.87808000037889,40.82786999931047,0 -77.87777999990492,40.82789999939153,0 -77.87770000043727,40.82791999921144,0 -77.87744000014628,40.82794999926983,0 -77.87726000022123,40.82797999931472,0 -77.87716999980955,40.82798999887343,0 -77.87710000038766,40.82800999934595,0 -77.87700999997598,40.82803999936368,0 -77.87693999965578,40.82806999936779,0 -77.87686000018816,40.82809999935838,0 -77.8767799998222,40.82814999908592,0 -77.87671000040032,40.8281999987757,0 -77.87665000012588,40.82824999910761,0 -77.8766099999429,40.82828999920994,0 -77.87646000015506,40.82842999903845,0 -77.87621999995557,40.82831999910098,0 -77.87585000005971,40.82815999929877,0 -77.87425999997312,40.82744999879005,0 -77.87376000038093,40.82723999923164,0 -77.87338999958675,40.82705999878958,0 -77.87318999957022,40.82696999940488,0 -77.87301999969091,40.826889998943,0 -77.87217000029433,40.82650999882978,0 -77.871780000307,40.82633999893281,0 -77.87088999982915,40.8259099990475,0 -77.87064999962963,40.82575999876356,0 -77.87043999956734,40.8256299993306,0 -77.87008999976297,40.82538999892367,0 -77.86989999979218,40.82523999882306,0 -77.86986999965495,40.82521999887465,0 -77.86970999982138,40.82507999906689,0 -77.86954999998783,40.8249199989247,0 -77.86919000013769,40.82454999915673,0 -77.86899000012117,40.82430999891999,0 -77.86879000010462,40.82406999917431,0 -77.86854999990511,40.82379999935703,0 -77.8684700004375,40.82370999894707,0 -77.86827999956837,40.82347999930834,0 -77.86815999991776,40.82333999922634,0 -77.86804000026717,40.82319999884889,0 -77.86789999962677,40.82304999923326,0 -77.8678300002049,40.82296999880106,0 -77.86777999997618,40.8229199992467,0 -77.86774999983896,40.82287999930414,0 -77.86766000032559,40.82279999934669,0 -77.86746000030905,40.82261999908955,0 -77.86734999980587,40.82253999881848,0 -77.86710999960636,40.8223399990782,0 -77.8670700003217,40.82231999893499,0 -77.86654999973972,40.82195999940568,0 -77.8661699997981,40.82173999895797,0 -77.8650500000648,40.82106999875411,0 -77.86484000000253,40.82094999890595,0 -77.86449000019815,40.82073999915922,0 -77.86382999987407,40.82035999915753,0 -77.86349000011543,40.82016999902013,0 -77.86323999987019,40.82002999874952,0 -77.86310000012811,40.81995999884334,0 -77.86291000015731,40.81984999913283,0 -77.86231000010767,40.81953999921446,0 -77.861530000133,40.81912999918059,0 -77.86094000012912,40.81882999887673,0 -77.86075000015833,40.8187199993318,0 -77.86069999992962,40.8186999987769,0 -77.86035000012525,40.81852999925556,0 -77.86033000003376,40.81851999895028,0 -77.85958000019632,40.81823999930658,0 -77.85929999981381,40.8180999990415,0 -77.85927999972235,40.81808999935117,0 -77.85904999956857,40.81795999916081,0 -77.85888999973501,40.81784999885306,0 -77.85872999990143,40.81773999904274,0 -77.85859000015935,40.81761999928879,0 -77.85844000037152,40.81747999907496,0 -77.85824000035497,40.81726999921992,0 -77.85805000038418,40.81702999915427,0 -77.85794999992676,40.8168999989262,0 -77.85786000041338,40.81675999923232,0 -77.85779000009319,40.81660999932963,0 -77.85775999995596,40.81653999921365,0 -77.8576500003511,40.81626999933692,0 -77.8575599999394,40.81607999904192,0 -77.85754999989366,40.81605999905078,0 -77.85745000033455,40.81590999892499,0 -77.85732999978563,40.81576999918146,0 -77.85713999981485,40.815569998744,0 -77.85705000030148,40.81548999880808,0 -77.85642000011462,40.81489999876606,0 -77.85623000014382,40.81472999902471,0 -77.85603000012729,40.81450999907276,0 -77.85539999994043,40.81385999924834,0 -77.85525000015261,40.81370999890751,0 -77.85514999969517,40.81360999939835,0 -77.8550800002733,40.81352999913865,0 -77.85476999975359,40.81321999892072,0 -77.85449000026942,40.81292999887499,0 -77.85394999959593,40.81237999936251,0 -77.85380999985385,40.81222999907506,0 -77.85388000017404,40.81218999880516,0 -77.85396999968741,40.81211999878472,0 -77.85434999962901,40.81173999903624,0 -77.85468000024021,40.81137999919941,0 -77.8547999998908,40.81125999881974,0 -77.85514999969517,40.81089999909818,0 -77.85546000021488,40.81057999936792,0 -77.85554999972825,40.81047999922072,0 -77.85589000038519,40.81011999934672,0 -77.85590999957837,40.81009999891871,0 -77.85614999977788,40.80985999875183,0 -77.85656999990245,40.80941999913767,0 -77.85668000040563,40.8092999992928,0 -77.85672999973602,40.80925999929627,0 -77.85720000008929,40.80877999881734,0 -77.8572999996484,40.80866999892684,0 -77.85754999989366,40.80840999876979,0 -77.85772999981872,40.80818999893958,0 -77.85824000035497,40.80765999938237,0 -77.85828999968537,40.80761999907724,0 -77.85843000032578,40.8074799988392,0 -77.85848999970192,40.80741999922962,0 -77.85873999994718,40.80715999893459,0 -77.85892999991796,40.80695999906049,0 -77.85917000011749,40.80670999905025,0 -77.85923000039195,40.80664999874443,0 -77.85957000015057,40.80629999927923,0 -77.85970999989266,40.8061599989763,0 -77.85984999963475,40.80600999890682,0 -77.85991999995494,40.8059399991663,0 -77.86022999957633,40.80561999931525,0 -77.86067999983811,40.80515999890851,0 -77.86074000011259,40.80509999924124,0</coordinates>
        </LineString>
        <LineString>
          <extrude>0</extrude>
          <tessellate>1</tessellate><altitudeMode>clampToGround</altitudeMode>
          <coordinates> -77.86081000043278,40.80501999892054,0 -77.86074000011259,40.80509999924124,0 -77.86086999980893,40.80494999881576,0 -77.86105999977973,40.80474999908103,0 -77.86111000000842,40.8046999993932,0 -77.86146999985856,40.80430999890308,0 -77.86148999995004,40.80428999876384,0 -77.86138000034518,40.80421999924908,0 -77.86135000020795,40.80419999908274,0 -77.86126999984201,40.80415999873198,0 -77.86089999994616,40.8039499988749,0 -77.86084999971743,40.8039199988411,0 -77.86052000000457,40.80372999921859,0 -77.86029999989653,40.80360999928411,0 -77.86016000015445,40.80352999920726,0 -77.85983000044156,40.80334999902179,0 -77.85971999993839,40.80327999919557,0 -77.8594599996474,40.80313999932171,0 -77.85916000007174,40.80296999936927,0 -77.85893999996371,40.80283999879183,0 -77.85889999978075,40.8028199988896,0 -77.85872999990143,40.80273999922051,0 -77.85856000002212,40.80266999875092,0 -77.85847999965618,40.80263999881853,0 -77.85841000023429,40.80261999885603,0 -77.85827999963962,40.802579998913,0 -77.85813999989755,40.80254999893993,0 -77.8580100002012,40.80252999895033,0 -77.85785000036763,40.80250999895473,0 -77.85786000041338,40.80244999893169,0 -77.85787999960655,40.80237999883625,0 -77.85791999978952,40.8023199993757,0 -77.85797000001824,40.8022599991809,0 -77.85809999971457,40.80213999930864,0 -77.85847999965618,40.80176999895994,0 -77.85853999993063,40.80170999894798,0 -77.85900000023817,40.80125999882932,0 -77.85951999992184,40.80073999927488,0 -77.8599600001379,40.80028999938008,0 -77.86027999980504,40.79995999910503,0 -77.86031999998801,40.79991999891897,0 -77.86017000020018,40.79982999875228,0 -77.86005999969701,40.79975999929382,0 -77.85985999968048,40.79962999922942,0 -77.85982000039581,40.79961999879544,0 -77.85981000035008,40.79960999903997,0 -77.8597700001671,40.79958999884455,0 -77.85974000002987,40.79957999908456,0 -77.85968999980116,40.79956999932308,0 -77.8594399995559,40.79942999910395,0 -77.85921000030045,40.79930999887546,0 -77.85889999978075,40.79913999931372,0 -77.85873999994718,40.79903999892817,0 -77.85832999986835,40.7987899990052,0 -77.85791999978952,40.79855999933261,0 -77.85786000041338,40.79850999906179,0 -77.8571499998606,40.79810999893962,0 -77.85691999970682,40.79796999904148,0 -77.8576500003511,40.79740999921652,0 -77.85774999991021,40.79733999924622,0 -77.85800000015547,40.79714999914918,0 -77.8580799996231,40.79707999890478,0 -77.85830999977686,40.79690999907255,0 -77.85866999962697,40.79663999888421,0 -77.85897000010094,40.79640999924295,0 -77.85918000016322,40.79625999889974,0 -77.85921000030045,40.79622999879044,0 -77.85952999996759,40.79598999878803,0 -77.85982000039581,40.79576999927041,0 -77.859839999589,40.79575999893498,0 -77.86014000006296,40.79552999896518,0 -77.86037000021672,40.79534999884691,0 -77.86043999963863,40.79529999887857,0 -77.86076000020407,40.79505999891445,0 -77.86147999990429,40.79450999886964,0</coordinates>
        </LineString>
      </MultiGeometry>
    </Placemark>
    <Placemark id="ID_00044">
      <name>H</name>
      <snippet></snippet>
      <description><![CDATA[<html xmlns:fo="http://www.w3.org/1999/XSL/Format" xmlns:msxsl="urn:schemas-microsoft-com:xslt">
<head>
<META http-equiv="Content-Type" content="text/html">
<meta http-equiv="content-type" content="text/html; charset=UTF-8">
</head>
<body style="margin:0px 0px 0px 0px;overflow:auto;background:#FFFFFF;">
<table style="font-family:Arial,Verdana,Times;font-size:12px;text-align:left;width:100%;border-collapse:collapse;padding:3px 3px 3px 3px">
<tr style="text-align:center;font-weight:bold;background:#9CBCE2">
<td>H</td>
</tr>
<tr>
<td>
<table style="font-family:Arial,Verdana,Times;font-size:12px;text-align:left;width:100%;border-spacing:0px; padding:3px 3px 3px 3px">
<tr>
<td>shape_id</td>
<td>32</td>
</tr>
<tr bgcolor="#D4E4F3">
<td>route_id</td>
<td>72</td>
</tr>
<tr>
<td>agency_id</td>
<td>CATA</td>
</tr>
<tr bgcolor="#D4E4F3">
<td>route_short_name</td>
<td>H</td>
</tr>
<tr>
<td>route_long_name</td>
<td>H - Toftrees</td>
</tr>
<tr bgcolor="#D4E4F3">
<td>route_desc</td>
<td>&lt;Null&gt;</td>
</tr>
<tr>
<td>route_type</td>
<td>3</td>
</tr>
<tr bgcolor="#D4E4F3">
<td>route_url</td>
<td>&lt;Null&gt;</td>
</tr>
<tr>
<td>route_sort_order</td>
<td>&lt;Null&gt;</td>
</tr>
<tr bgcolor="#D4E4F3">
<td>continuous_pickup</td>
<td>&lt;Null&gt;</td>
</tr>
<tr>
<td>continuous_drop_off</td>
<td>&lt;Null&gt;</td>
</tr>
<tr bgcolor="#D4E4F3">
<td>route_type_text</td>
<td>Bus</td>
</tr>
<tr>
<td>ColorCode</td>
<td>9966FF</td>
</tr>
<tr bgcolor="#D4E4F3">
<td>Shape__Length</td>
<td>16419.174949</td>
</tr>
<tr>
<td>GlobalID</td>
<td>{A1C790A4-7EB3-49E4-A70B-111432400401}</td>
</tr>
</table>
</td>
</tr>
</table>
</body><script type="text/javascript">
				function changeImage(attElement, nameElement) {
				document.getElementById('imageAttachment').src = attElement;
				document.getElementById('imageName').innerHTML = nameElement;}
			</script></html>
]]></description>
      <styleUrl>#LineStyle00</styleUrl>
      <MultiGeometry>
        <LineString>
          <extrude>0</extrude>
          <tessellate>1</tessellate><altitudeMode>clampToGround</altitudeMode>
          <coordinates> -77.90219799966964,40.80958399925456,0 -77.90223000035502,40.80950999921883,0 -77.90283999955207,40.8095899988863,0 -77.90305999966009,40.80961999907674,0 -77.90329999985961,40.80964999925357,0 -77.90355000010486,40.8096799987369,0 -77.90379000030437,40.80970999888665,0 -77.90398000027518,40.80972999875229,0 -77.9042299996221,40.80974999929178,0 -77.90442999963865,40.80976999914537,0 -77.9045800003248,40.80981999909289,0 -77.90474000015836,40.80984999917934,0 -77.90478000034133,40.80985999875183,0 -77.90492000008342,40.80988999882015,0 -77.90493000012916,40.80988999882014,0 -77.90520999961332,40.80991999887495,0 -77.90534000020799,40.80992999911681,0 -77.90526999988779,40.81030999903259,0 -77.90523999975056,40.81043999925564,0 -77.90522999970482,40.81054999893163,0 -77.90521999965907,40.81057999936792,0 -77.90522999970482,40.81060999911077,0 -77.90522999970482,40.81064999897335,0 -77.90525999984204,40.81069999893768,0 -77.90533000016224,40.81078999932247,0 -77.90538000039095,40.81084999928456,0 -77.90542999972135,40.81089999909818,0 -77.90547999995007,40.81093999878595,0 -77.90553000017879,40.81097999912957,0 -77.90569000001236,40.81105999906448,0 -77.90590000007462,40.81117999912596,0 -77.90572000014957,40.8113199990367,0 -77.90560999964642,40.81141999927772,0 -77.90551000008729,40.81153999936802,0 -77.90539999958413,40.81165999924135,0 -77.90505999982551,40.81203999876802,0 -77.90492000008342,40.81218999880517,0 -77.90480999958024,40.81230999886262,0 -77.9047700002956,40.81235999893586,0 -77.90474000015836,40.81240999897136,0 -77.90471000002114,40.81246999882831,0 -77.90467999988391,40.81253999915938,0 -77.90464999974668,40.81264999875346,0 -77.90455000018757,40.81299999940065,0 -77.90453000009606,40.81307999893966,0 -77.90451000000459,40.81312999911254,0 -77.90447999986736,40.81317999924767,0 -77.90444999973013,40.81322999934512,0 -77.90441999959292,40.81327999940489,0 -77.90426999980507,40.81343999907104,0 -77.90425999975933,40.81344999878244,0 -77.90415000015449,40.81356999928058,0 -77.90406999978855,40.81363999913095,0 -77.90398000027518,40.8137099989075,0 -77.90383999963477,40.81379999928869,0 -77.90382999958902,40.81380999894578,0 -77.90374000007566,40.8138499989189,0 -77.9034899998304,40.81398999931476,0 -77.90322000039198,40.81413999902257,0 -77.90303999956862,40.81423999909266,0 -77.90292999996375,40.81429999933427,0 -77.90273999999296,40.81438999891508,0 -77.90226999963967,40.81463999922525,0 -77.90219000017206,40.81468999890229,0 -77.9020899997146,40.81474999873694,0 -77.90189999974382,40.81486999892338,0 -77.90151999980222,40.81509999918379,0 -77.90146999957351,40.81512999892252,0 -77.90140000015161,40.81518999903911,0 -77.90126000040954,40.81526999933678,0 -77.90123000027229,40.81528999888619,0 -77.90108999963191,40.81538999926246,0 -77.90107000043875,40.81539999935978,0 -77.90094999988983,40.81546999931894,0 -77.90074999987328,40.81557999881419,0 -77.90056999994823,40.81565999932143,0 -77.90052999976525,40.81567999875328,0 -77.90040000006893,40.81573999905232,0 -77.90024000023534,40.81580999933261,0 -77.90000000003585,40.81592999896134,0 -77.89990999962413,40.81596999901602,0 -77.89976999988205,40.81603999905358,0 -77.89967000032294,40.81607999904192,0 -77.89955999981979,40.81612999899336,0 -77.89935999980324,40.81622999878332,0 -77.89943000012343,40.81629999922639,0 -77.89954999977404,40.81645999908776,0 -77.89960000000275,40.81654999913763,0 -77.89969000041444,40.81667999937176,0 -77.89969000041444,40.81668999927463,0 -77.89972999969908,40.81675999923232,0 -77.89976999988205,40.81684999887518,0 -77.8998000000193,40.8169099987959,0 -77.89989000043097,40.81710999927265,0 -77.90000000003585,40.81738999892708,0 -77.90026000032684,40.81799999935112,0 -77.90045000029762,40.81852999925557,0 -77.90056999994823,40.8187999987717,0 -77.90068999959884,40.81906999922835,0 -77.90090999970685,40.81953999921446,0 -77.90110999972337,40.82001999935014,0 -77.90139000010588,40.82068999928334,0 -77.90167999963579,40.82136999912408,0 -77.90174999995598,40.82154999937458,0 -77.90108999963191,40.82174999877785,0 -77.90087000042219,40.82181999883443,0 -77.90086000037645,40.82181999883444,0 -77.90061000013119,40.82189999929413,0 -77.90049999962802,40.82193999914796,0 -77.90043000020614,40.82196999919239,0 -77.90040000006893,40.82197999897761,0 -77.90022000014386,40.82206999901597,0 -77.90009000044753,40.82216999936859,0 -77.89993999976137,40.82228999904888,0 -77.89992999971564,40.82229999878584,0 -77.89964000018573,40.82250999903186,0 -77.89957999991127,40.82254999919755,0 -77.89948000035214,40.82261999908954,0 -77.89926000024413,40.82273999931522,0 -77.89912999964946,40.82279999934668,0 -77.89897999986165,40.82285999932384,0 -77.89879999993659,40.8229199992467,0 -77.89872999961639,40.82293999920893,0 -77.89860999996579,40.8229799991153,0 -77.89857999982856,40.8229799991153,0 -77.89853999964559,40.82298999874824,0 -77.898419999995,40.82301999899753,0 -77.89824000006992,40.82304999923328,0 -77.8980199999619,40.8230799987757,0 -77.89785000008258,40.82309999936943,0 -77.89714000042812,40.82319999884889,0 -77.89680999981692,40.82324999887197,0 -77.89654000037849,40.82328999927115,0 -77.89653000033275,40.82328999927115,0 -77.89638999969235,40.82330999912179,0 -77.89629000013323,40.82331999938476,0 -77.89546999997559,40.82343999902373,0 -77.89490000006319,40.82353999935007,0 -77.89483999978874,40.82354999889859,0 -77.89431000005932,40.82368999921702,0 -77.89409999999704,40.82374999906883,0 -77.89399000039218,40.82376999878075,0 -77.89393000011772,40.82378999916643,0 -77.89376000023842,40.8238199990539,0 -77.89367999987248,40.82382999923993,0 -77.89364999973523,40.82383999874472,0 -77.89353000008462,40.82384999892776,0 -77.89349999994742,40.82384999892776,0 -77.89296000017224,40.82382999923993,0 -77.89291999998927,40.82410999907896,0 -77.89288999985203,40.82440999929413,0 -77.8928799998063,40.82461999897721,0 -77.8928799998063,40.8247899992047,0 -77.89288999985203,40.82503999906752,0 -77.89299000030947,40.82561999873622,0 -77.89301000040095,40.82571999917432,0 -77.89303999963987,40.82591999891839,0 -77.89303999963987,40.8259399993355,0 -77.89303999963987,40.82609999905605,0 -77.89303999963987,40.82611999873911,0 -77.89301000040095,40.82625999907041,0 -77.89300000035522,40.82628999920006,0 -77.89291999998927,40.8264599992252,0 -77.89283999962332,40.82658999907037,0 -77.89275000010996,40.82669999915858,0 -77.89260000032215,40.82681999879956,0 -77.89240000030559,40.82695999901257,0 -77.8921900002433,40.82707999886281,0 -77.89195000004378,40.82720999885204,0 -77.89142000031437,40.82744999879004,0 -77.89110999979466,40.82756999911306,0 -77.89088999968664,40.82764999875464,0 -77.89083000031049,40.82765999904291,0 -77.89009999966621,40.82786999931047,0 -77.88961000011976,40.82802999913267,0 -77.88914999981222,40.82822999938718,0 -77.88884000019083,40.82837999884234,0 -77.88867000031151,40.82846999903227,0 -77.8885499997626,40.82854999894752,0 -77.88846000024922,40.82859999901549,0 -77.88825000018694,40.82873999886927,0 -77.88789000033682,40.82899999888159,0 -77.8874300000293,40.82940999907796,0 -77.88706000013343,40.82975999898062,0 -77.88700999990472,40.82979999885188,0 -77.88697999976749,40.82982999873946,0 -77.88659999982589,40.83018999905079,0 -77.88642999994657,40.83038999890787,0 -77.8864099998551,40.83040999933621,0 -77.88577999966824,40.83125999938888,0 -77.88563999992616,40.83140999878681,0 -77.88555999956021,40.83147999884289,0 -77.88539999972664,40.83160999904219,0 -77.88538999968091,40.83161999873328,0 -77.88521999980159,40.83172999931364,0 -77.88516000042546,40.83177999902283,0 -77.88496999955633,40.83189999898654,0 -77.88475000034663,40.8319999987905,0 -77.88471000016366,40.83201999873314,0 -77.88463999984344,40.83203999934952,0 -77.88450000010137,40.83209999912327,0 -77.88445999991839,40.83210999874041,0 -77.88429000003909,40.83215999884274,0 -77.88409000002255,40.8321899990219,0 -77.88390000005174,40.8322099989073,0 -77.88373000017243,40.8322099989073,0 -77.88366999989798,40.8322099989073,0 -77.88359999957777,40.8322099989073,0 -77.88361999966928,40.83214999923308,0 -77.88364999980649,40.83202999904211,0 -77.88359999957777,40.8322099989073,0 -77.88350000001867,40.83219999930522,0 -77.88348999997292,40.83219999930522,0 -77.88336000027658,40.83217999873712,0 -77.88325999981915,40.83214999923308,0 -77.88287999987755,40.83206999890333,0 -77.88268999990676,40.83200999910243,0 -77.88259000034765,40.8319899991567,0 -77.88247999984446,40.831959998887,0 -77.88221000040606,40.83184999936791,0 -77.88215000013159,40.83181999903486,0 -77.88221999955347,40.83173999898658,0 -77.88227999982793,40.83164999915679,0 -77.88230999996517,40.83157999928023,0 -77.88228999987368,40.8314599987373,0 -77.88218000026882,40.83132999892361,0 -77.88216000017734,40.83130999877278,0 -77.88208999985714,40.83121999903899,0 -77.88181000037297,40.83092999883927,0 -77.88170999991554,40.83082999878096,0 -77.88132999997394,40.83037999903132,0 -77.8810599996372,40.83007999931411,0 -77.88096000007808,40.82994999883385,0 -77.88095000003234,40.82992999894645,0 -77.88087999971215,40.82981999877846,0 -77.88085999962065,40.82975999898062,0 -77.880820000336,40.82969999912854,0 -77.88070999983285,40.82938999902772,0 -77.88063000036522,40.82909999898085,0 -77.88063000036522,40.82906999876299,0 -77.88061000027372,40.8289499991152,0 -77.88061000027372,40.82888999920987,0 -77.88062000031947,40.82878999879391,0 -77.88063000036522,40.82870999916821,0 -77.88064999955837,40.82863999890676,0 -77.8806799996956,40.82852999931762,0 -77.88076000006156,40.82831999910098,0 -77.88081000029027,40.82823999890827,0 -77.88084999957492,40.82816999883042,0 -77.88089999980363,40.82807999891301,0 -77.88102000035255,40.82785999905389,0 -77.88110999986593,40.82768999921897,0 -77.8812000002776,40.82754999918761,0 -77.88121000032334,40.82752999925611,0 -77.88130999988246,40.82736999890724,0 -77.881249999608,40.82732999892961,0 -77.88118000018612,40.82728999892787,0 -77.88111999991166,40.82725999925065,0 -77.88110999986593,40.827249998902,0 -77.88104999959147,40.82718999881799,0 -77.88101000030682,40.82714999873181,0 -77.88097000012384,40.82709999893003,0 -77.88093999998661,40.82704999909055,0 -77.88089999980363,40.82697999911597,0 -77.88087999971215,40.82691999878767,0 -77.88084999957492,40.82684999935563,0 -77.88081000029027,40.82677999916996,0 -77.88080000024452,40.82674999926198,0 -77.88073999997005,40.82667999897074,0 -77.88069999978708,40.82663999925664,0 -77.88064000041095,40.82659999883872,0 -77.8805800001365,40.82656999884934,0 -77.8804899997248,40.82652999906891,0 -77.88040000021144,40.82650999882978,0 -77.88028999970827,40.82648999926439,0 -77.88025000042362,40.8264899992644,0 -77.88027999966253,40.8263799988278,0 -77.88031999984548,40.82626999888855,0 -77.88033999993698,40.82617999911148,0 -77.88036000002846,40.82613999909584,0 -77.88038000011994,40.82608999921231,0 -77.88043000034867,40.82597999879199,0 -77.8804400003944,40.82596999893016,0 -77.88046999963332,40.82590999904749,0 -77.88049999977056,40.82585999899054,0 -77.88057000009074,40.82576999933683,0 -77.88063000036522,40.8256899987868,0 -77.88065999960412,40.82566999897411,0 -77.88077000010729,40.82555999921668,0 -77.88087999971215,40.82546999915581,0 -77.88104000044402,40.82535999906665,0 -77.88109999982018,40.8253099992748,0 -77.88137000015692,40.82513999902072,0 -77.88154000003622,40.82501999905882,0 -77.88166999973257,40.82495999899645,0 -77.88184999965762,40.82486999880111,0 -77.88198000025227,40.82480999928281,0 -77.88202999958267,40.82478999920469,0 -77.88217000022308,40.82473999898309,0 -77.8822699997822,40.82470999883203,0 -77.88241999957003,40.82466999928927,0 -77.88250999998171,40.82464999916898,0 -77.88286999983181,40.82455999923274,0 -77.8833900004138,40.82441999939124,0 -77.88341999965272,40.82441999939124,0 -77.88356000029312,40.8243699988907,0 -77.88364999980649,40.82433999925199,0 -77.88376000030966,40.82429999880633,0 -77.88386999991452,40.82424999889506,0 -77.88397000037195,40.82418999881585,0 -77.88403999979381,40.82414999895946,0 -77.8841999996274,40.82405999902448,0 -77.88427999999334,40.82399999877338,0 -77.88457000042158,40.82380999886632,0 -77.88462999979771,40.82376999878075,0 -77.88464999988921,40.82375999926541,0 -77.88469000007217,40.8237399988707,0 -77.8847200002094,40.82372999935082,0 -77.88483999985999,40.82367999900983,0 -77.88496999955633,40.82362999931098,0 -77.88497999960207,40.82362999931096,0 -77.88516000042546,40.82357999889458,0 -77.88518999966436,40.8235699993506,0 -77.8852700000303,40.82354999889859,0 -77.88542999986389,40.82350999933599,0 -77.88543999990962,40.82350999933599,0 -77.88562999988042,40.82348999886588,0 -77.88566000001764,40.82348999886588,0 -77.88578999971399,40.82347999930834,0 -77.88590000021716,40.82347999930834,0 -77.88591000026291,40.82347999930834,0 -77.88609000018796,40.82347999930833,0 -77.88621999988429,40.82348999886588,0 -77.88631000029599,40.82350999933599,0 -77.88650000026679,40.82353999935007,0 -77.88647000012955,40.82369999874292,0 -77.88643999999233,40.82378999916643,0 -77.8864099998551,40.82388999896509,0 -77.88638999976361,40.82401999908969,0 -77.88638999976361,40.82402999924561,0 -77.88635999962638,40.82412999936214,0 -77.88634999958063,40.82423999877236,0 -77.88634999958063,40.82425999901631,0 -77.88646000008382,40.82414999895946,0 -77.88649000022104,40.82410999907896,0 -77.88651000031253,40.82402999924561,0 -77.88652000035826,40.82399999877337,0 -77.88655999964293,40.82391999880729,0 -77.88659999982589,40.82380999886632,0 -77.88664000000887,40.82371999914969,0 -77.88664000000887,40.82370999894707,0 -77.88668000019183,40.8235699993506,0 -77.88670000028333,40.82351999888902,0 -77.88669000023758,40.82351999888903,0 -77.8866700001461,40.82351999888903,0 -77.88661999991739,40.82350999933599,0 -77.88653000040401,40.82348999886588,0 -77.88632000034174,40.82344999926703,0 -77.88619999979282,40.82342999877885,0 -77.88599999977626,40.82341999921225,0 -77.88598999973053,40.82340999896441,0 -77.88591000026291,40.8234099989644,0 -77.88575000042933,40.82341999921225,0 -77.8855799996517,40.82342999877885,0 -77.8855300003213,40.82342999877885,0 -77.88544999995536,40.82344999926703,0 -77.88535000039624,40.82345999882912,0 -77.88521999980159,40.82348999886588,0 -77.88510000015098,40.82351999888902,0 -77.88507000001377,40.82352999912027,0 -77.88497999960207,40.82354999889859,0 -77.88484999990574,40.82359999933753,0 -77.88463999984344,40.82368999921702,0 -77.88444999987266,40.82342999877885,0 -77.88440999968969,40.82338999914388,0 -77.88436000035929,40.82332999896642,0 -77.88431000013058,40.82325999914395,0 -77.88421999971889,40.82318999924761,0 -77.88421999971889,40.82317999896505,0 -77.88420999967313,40.82317999896505,0 -77.88420999967313,40.82316999936075,0 -77.8841999996274,40.82315999907522,0 -77.8841999996274,40.82314999878811,0 -77.88418999958166,40.8231399991793,0 -77.88418000043424,40.8231399991793,0 -77.88418000043424,40.82312999888922,0 -77.88417000038849,40.82312999888922,0 -77.88417000038849,40.82311999927741,0 -77.884150000297,40.82311999927741,0 -77.884150000297,40.82310999898427,0 -77.88414000025126,40.82310999898426,0 -77.88413000020553,40.82310999898426,0 -77.88412000015977,40.82310999898426,0 -77.88411000011403,40.82309999936943,0 -77.8841000000683,40.82309999936943,0 -77.88409000002255,40.82309999936943,0 -77.88407999997679,40.82309999936943,0 -77.88406999993106,40.82309999936943,0 -77.88405999988532,40.82309999936943,0 -77.88404999983959,40.82309999936943,0 -77.88404999983959,40.82310999898427,0 -77.88403999979381,40.82310999898427,0 -77.88402999974808,40.82310999898427,0 -77.88401999970235,40.82310999898427,0 -77.88400999965661,40.82310999898427,0 -77.88400999965661,40.82311999927741,0 -77.88399999961085,40.82311999927742,0 -77.88398999956512,40.82312999888922,0 -77.88398000041768,40.82312999888923,0 -77.88398000041768,40.8231399991793,0 -77.88397000037195,40.8231399991793,0 -77.88396000032621,40.82314999878811,0 -77.88396000032621,40.82315999907521,0 -77.88395000028046,40.82315999907521,0 -77.88395000028046,40.82316999936075,0 -77.88395000028046,40.82317999896505,0 -77.88394000023472,40.82317999896505,0 -77.88394000023472,40.82318999924761,0 -77.88394000023472,40.82319999884889,0 -77.88394000023472,40.82320999912844,0 -77.88394000023472,40.82321999940645,0 -77.88394000023472,40.82322999900319,0 -77.88395000028046,40.82323999927823,0 -77.88395000028046,40.82324999887197,0 -77.88396000032621,40.82325999914394,0 -77.88397000037195,40.82326999873467,0 -77.88398000041768,40.82327999900368,0 -77.88398999956512,40.82328999927115,0 -77.88399999961085,40.82328999927116,0 -77.88400999965661,40.82328999927115,0 -77.88400999965661,40.82329999885731,0 -77.88401999970235,40.82329999885731,0 -77.88402999974808,40.82329999885731,0 -77.88403999979381,40.82330999912179,0 -77.88404999983959,40.82330999912179,0 -77.88405999988532,40.82330999912179,0 -77.88406999993106,40.82330999912179,0 -77.88407999997679,40.82330999912179,0 -77.88430000008483,40.82342999877883,0 -77.88437000040503,40.82347999930834,0 -77.88457000042158,40.82371999914969,0 -77.88422999976464,40.82393999914773,0 -77.88393000018898,40.82413999882169,0 -77.88372000012669,40.82423999877237,0 -77.88351000006442,40.82430999891999,0 -77.88333000013937,40.82435999878603,0 -77.88283999969458,40.82448999934893,0 -77.88270999999824,40.82451999891972,0 -77.88241999957003,40.82458999877186,0 -77.88238000028537,40.82459999884184,0 -77.88221000040606,40.82464999916898,0 -77.88204999967417,40.82469999877864,0 -77.88199000029803,40.82472999893423,0 -77.88189999988633,40.82475999907624,0 -77.88178000023575,40.82481999931956,0 -77.88177000018999,40.82481999931954,0 -77.88163999959534,40.82487999882887,0 -77.88158000021919,40.8249199989247,0 -77.88151999994476,40.82495999899646,0 -77.88140000029414,40.82501999905882,0 -77.88118000018612,40.82516999897725,0 -77.88095000003234,40.82532999919604,0 -77.88085999962065,40.82538999892367,0 -77.88083000038175,40.82540999882081,0 -77.88075000001582,40.82546999915582,0 -77.88065999960412,40.82554999929146,0 -77.88061000027372,40.82560999882003,0 -77.88056000004499,40.82565999906548,0 -77.8804400003944,40.82580999889591,0 -77.88037000007421,40.82591999891839,0 -77.880299999754,40.82602999875848,0 -77.880299999754,40.82603999929107,0 -77.88026999961677,40.8261299992581,0 -77.88024000037787,40.82619999877041,0 -77.88022000028639,40.82627999938492,0 -77.88018000010341,40.82641999937847,0 -77.88017000005767,40.82647999879965,0 -77.88010999978322,40.82667999897074,0 -77.88005000040707,40.82680999906431,0 -77.87998000008687,40.82693999890313,0 -77.87989999972092,40.82705999878959,0 -77.87983000029904,40.82713999904636,0 -77.87973999988736,40.82722999888004,0 -77.87966000041972,40.82729999927047,0 -77.87958000005378,40.82736999890724,0 -77.87947000044893,40.82743999914983,0 -77.87935999994575,40.82750999931859,0 -77.87924000029516,40.82756999911307,0 -77.87913999983773,40.82761999924023,0 -77.87904000027862,40.82765999904291,0 -77.87892999977545,40.82769999882145,0 -77.87880000007911,40.82773999925562,0 -77.8786800004285,40.8277699993955,0 -77.87853999978812,40.82779999884205,0 -77.87840000004603,40.8278199993718,0 -77.87829999958859,40.82783999921588,0 -77.87808000037889,40.82786999931047,0 -77.87777999990492,40.82789999939153,0 -77.87770000043727,40.82791999921144,0 -77.87744000014628,40.82794999926983,0 -77.87726000022123,40.82797999931472,0 -77.87716999980955,40.82798999887343,0 -77.87710000038766,40.82800999934595,0 -77.87700999997598,40.82803999936368,0 -77.87693999965578,40.82806999936779,0 -77.87686000018816,40.82809999935838,0 -77.8767799998222,40.82814999908592,0 -77.87671000040032,40.8281999987757,0 -77.87665000012588,40.82824999910761,0 -77.8766099999429,40.82828999920994,0 -77.87646000015506,40.82842999903845,0 -77.87621999995557,40.82831999910098,0 -77.87585000005971,40.82815999929877,0 -77.87425999997312,40.82744999879005,0 -77.87376000038093,40.82723999923164,0 -77.87338999958675,40.82705999878958,0 -77.87318999957022,40.82696999940488,0 -77.87301999969091,40.826889998943,0 -77.87217000029433,40.82650999882978,0 -77.871780000307,40.82633999893281,0 -77.87088999982915,40.8259099990475,0 -77.87064999962963,40.82575999876356,0 -77.87043999956734,40.8256299993306,0 -77.87008999976297,40.82538999892367,0 -77.86989999979218,40.82523999882306,0 -77.86986999965495,40.82521999887465,0 -77.86970999982138,40.82507999906689,0 -77.86954999998783,40.8249199989247,0 -77.86919000013769,40.82454999915673,0 -77.86899000012117,40.82430999891999,0 -77.86879000010462,40.82406999917431,0 -77.86854999990511,40.82379999935703,0 -77.8684700004375,40.82370999894707,0 -77.86827999956837,40.82347999930834,0 -77.86815999991776,40.82333999922634,0 -77.86804000026717,40.82319999884889,0 -77.86789999962677,40.82304999923326,0 -77.8678300002049,40.82296999880106,0 -77.86777999997618,40.8229199992467,0 -77.86774999983896,40.82287999930414,0 -77.86766000032559,40.82279999934669,0 -77.86746000030905,40.82261999908955,0 -77.86734999980587,40.82253999881848,0 -77.86710999960636,40.8223399990782,0 -77.8670700003217,40.82231999893499,0 -77.86654999973972,40.82195999940568,0 -77.8661699997981,40.82173999895797,0 -77.8650500000648,40.82106999875411,0 -77.86484000000253,40.82094999890595,0 -77.86449000019815,40.82073999915922,0 -77.86382999987407,40.82035999915753,0 -77.86349000011543,40.82016999902013,0 -77.86323999987019,40.82002999874952,0 -77.86310000012811,40.81995999884334,0 -77.86291000015731,40.81984999913283,0 -77.86231000010767,40.81953999921446,0 -77.861530000133,40.81912999918059,0 -77.86094000012912,40.81882999887673,0 -77.86075000015833,40.8187199993318,0 -77.86069999992962,40.8186999987769,0 -77.86035000012525,40.81852999925556,0 -77.86033000003376,40.81851999895028,0 -77.85958000019632,40.81823999930658,0 -77.85929999981381,40.8180999990415,0 -77.85927999972235,40.81808999935117,0 -77.85904999956857,40.81795999916081,0 -77.85888999973501,40.81784999885306,0 -77.85872999990143,40.81773999904274,0 -77.85859000015935,40.81761999928879,0 -77.85844000037152,40.81747999907496,0 -77.85824000035497,40.81726999921992,0 -77.85805000038418,40.81702999915427,0 -77.85794999992676,40.8168999989262,0 -77.85786000041338,40.81675999923232,0 -77.85779000009319,40.81660999932963,0 -77.85775999995596,40.81653999921365,0 -77.8576500003511,40.81626999933692,0 -77.8575599999394,40.81607999904192,0 -77.85754999989366,40.81605999905078,0 -77.85745000033455,40.81590999892499,0 -77.85732999978563,40.81576999918146,0 -77.85713999981485,40.815569998744,0 -77.85705000030148,40.81548999880808,0 -77.85642000011462,40.81489999876606,0 -77.85623000014382,40.81472999902471,0 -77.85603000012729,40.81450999907276,0 -77.85539999994043,40.81385999924834,0 -77.85525000015261,40.81370999890751,0 -77.85514999969517,40.81360999939835,0 -77.8550800002733,40.81352999913865,0 -77.85476999975359,40.81321999892072,0 -77.85449000026942,40.81292999887499,0 -77.85394999959593,40.81237999936251,0 -77.85380999985385,40.81222999907506,0 -77.85388000017404,40.81218999880516,0 -77.85396999968741,40.81211999878472,0 -77.85434999962901,40.81173999903624,0 -77.85468000024021,40.81137999919941,0 -77.8547999998908,40.81125999881974,0 -77.85514999969517,40.81089999909818,0 -77.85546000021488,40.81057999936792,0 -77.85554999972825,40.81047999922072,0 -77.85589000038519,40.81011999934672,0 -77.85590999957837,40.81009999891871,0 -77.85614999977788,40.80985999875183,0 -77.85656999990245,40.80941999913767,0 -77.85668000040563,40.8092999992928,0 -77.85672999973602,40.80925999929627,0 -77.85720000008929,40.80877999881734,0 -77.8572999996484,40.80866999892684,0 -77.85754999989366,40.80840999876979,0 -77.85772999981872,40.80818999893958,0 -77.85824000035497,40.80765999938237,0 -77.85828999968537,40.80761999907724,0 -77.85843000032578,40.8074799988392,0 -77.85848999970192,40.80741999922962,0 -77.85873999994718,40.80715999893459,0 -77.85892999991796,40.80695999906049,0 -77.85917000011749,40.80670999905025,0 -77.85923000039195,40.80664999874443,0 -77.85957000015057,40.80629999927923,0 -77.85970999989266,40.8061599989763,0 -77.85984999963475,40.80600999890682,0 -77.85991999995494,40.8059399991663,0 -77.86022999957633,40.80561999931525,0 -77.86067999983811,40.80515999890851,0 -77.86074000011259,40.80509999924124,0</coordinates>
        </LineString>
        <LineString>
          <extrude>0</extrude>
          <tessellate>1</tessellate><altitudeMode>clampToGround</altitudeMode>
          <coordinates> -77.86081000043278,40.80501999892054,0 -77.86074000011259,40.80509999924124,0 -77.86086999980893,40.80494999881576,0 -77.86105999977973,40.80474999908103,0 -77.86111000000842,40.8046999993932,0 -77.86146999985856,40.80430999890308,0 -77.86148999995004,40.80428999876384,0 -77.86138000034518,40.80421999924908,0 -77.86135000020795,40.80419999908274,0 -77.86126999984201,40.80415999873198,0 -77.86089999994616,40.8039499988749,0 -77.86084999971743,40.8039199988411,0 -77.86052000000457,40.80372999921859,0 -77.86029999989653,40.80360999928411,0 -77.86016000015445,40.80352999920726,0 -77.85983000044156,40.80334999902179,0 -77.85971999993839,40.80327999919557,0 -77.8594599996474,40.80313999932171,0 -77.85916000007174,40.80296999936927,0 -77.85893999996371,40.80283999879183,0 -77.85889999978075,40.8028199988896,0 -77.85872999990143,40.80273999922051,0 -77.85856000002212,40.80266999875092,0 -77.85847999965618,40.80263999881853,0 -77.85841000023429,40.80261999885603,0 -77.85827999963962,40.802579998913,0 -77.85813999989755,40.80254999893993,0 -77.8580100002012,40.80252999895033,0 -77.85785000036763,40.80250999895473,0 -77.85786000041338,40.80244999893169,0 -77.85787999960655,40.80237999883625,0 -77.85791999978952,40.8023199993757,0 -77.85797000001824,40.8022599991809,0 -77.85809999971457,40.80213999930864,0 -77.85847999965618,40.80176999895994,0 -77.85853999993063,40.80170999894798,0 -77.85900000023817,40.80125999882932,0 -77.85951999992184,40.80073999927488,0 -77.8599600001379,40.80028999938008,0 -77.86027999980504,40.79995999910503,0 -77.86031999998801,40.79991999891897,0 -77.86017000020018,40.79982999875228,0 -77.86005999969701,40.79975999929382,0 -77.85985999968048,40.79962999922942,0 -77.85982000039581,40.79961999879544,0 -77.85981000035008,40.79960999903997,0 -77.8597700001671,40.79958999884455,0 -77.85974000002987,40.79957999908456,0 -77.85968999980116,40.79956999932308,0 -77.8594399995559,40.79942999910395,0 -77.85921000030045,40.79930999887546,0 -77.85889999978075,40.79913999931372,0 -77.85873999994718,40.79903999892817,0 -77.85832999986835,40.7987899990052,0 -77.85791999978952,40.79855999933261,0 -77.85786000041338,40.79850999906179,0 -77.8571499998606,40.79810999893962,0 -77.85691999970682,40.79796999904148,0 -77.8576500003511,40.79740999921652,0 -77.85774999991021,40.79733999924622,0 -77.85800000015547,40.79714999914918,0 -77.8580799996231,40.79707999890478,0 -77.85830999977686,40.79690999907255,0 -77.85866999962697,40.79663999888421,0 -77.85897000010094,40.79640999924295,0 -77.85918000016322,40.79625999889974,0 -77.85921000030045,40.79622999879044,0 -77.85952999996759,40.79598999878803,0 -77.85982000039581,40.79576999927041,0 -77.859839999589,40.79575999893498,0 -77.86014000006296,40.79552999896518,0 -77.86037000021672,40.79534999884691,0 -77.86043999963863,40.79529999887857,0 -77.86076000020407,40.79505999891445,0 -77.86147999990429,40.79450999886964,0</coordinates>
        </LineString>
      </MultiGeometry>
    </Placemark>
    <Placemark id="ID_00045">
      <name>RC</name>
      <snippet></snippet>
      <description><![CDATA[<html xmlns:fo="http://www.w3.org/1999/XSL/Format" xmlns:msxsl="urn:schemas-microsoft-com:xslt">
<head>
<META http-equiv="Content-Type" content="text/html">
<meta http-equiv="content-type" content="text/html; charset=UTF-8">
</head>
<body style="margin:0px 0px 0px 0px;overflow:auto;background:#FFFFFF;">
<table style="font-family:Arial,Verdana,Times;font-size:12px;text-align:left;width:100%;border-collapse:collapse;padding:3px 3px 3px 3px">
<tr style="text-align:center;font-weight:bold;background:#9CBCE2">
<td>RC</td>
</tr>
<tr>
<td>
<table style="font-family:Arial,Verdana,Times;font-size:12px;text-align:left;width:100%;border-spacing:0px; padding:3px 3px 3px 3px">
<tr>
<td>shape_id</td>
<td>51</td>
</tr>
<tr bgcolor="#D4E4F3">
<td>route_id</td>
<td>33</td>
</tr>
<tr>
<td>agency_id</td>
<td>CATA</td>
</tr>
<tr bgcolor="#D4E4F3">
<td>route_short_name</td>
<td>RC</td>
</tr>
<tr>
<td>route_long_name</td>
<td>RC Waupelani Express</td>
</tr>
<tr bgcolor="#D4E4F3">
<td>route_desc</td>
<td>&lt;Null&gt;</td>
</tr>
<tr>
<td>route_type</td>
<td>3</td>
</tr>
<tr bgcolor="#D4E4F3">
<td>route_url</td>
<td>&lt;Null&gt;</td>
</tr>
<tr>
<td>route_sort_order</td>
<td>&lt;Null&gt;</td>
</tr>
<tr bgcolor="#D4E4F3">
<td>continuous_pickup</td>
<td>&lt;Null&gt;</td>
</tr>
<tr>
<td>continuous_drop_off</td>
<td>&lt;Null&gt;</td>
</tr>
<tr bgcolor="#D4E4F3">
<td>route_type_text</td>
<td>Bus</td>
</tr>
<tr>
<td>ColorCode</td>
<td>FF3399</td>
</tr>
<tr bgcolor="#D4E4F3">
<td>Shape__Length</td>
<td>7801.084228</td>
</tr>
<tr>
<td>GlobalID</td>
<td>{AB97924E-7A57-428C-9D87-C5E52E420124}</td>
</tr>
</table>
</td>
</tr>
</table>
</body><script type="text/javascript">
				function changeImage(attElement, nameElement) {
				document.getElementById('imageAttachment').src = attElement;
				document.getElementById('imageName').innerHTML = nameElement;}
			</script></html>
]]></description>
      <styleUrl>#LineStyle00</styleUrl>
      <MultiGeometry>
        <LineString>
          <extrude>0</extrude>
          <tessellate>1</tessellate><altitudeMode>clampToGround</altitudeMode>
          <coordinates> -77.85540999998616,40.78594999923611,0 -77.85636999988591,40.78611999924519,0 -77.85652999971947,40.78614999916159,0 -77.85672999973602,40.78618999880231,0 -77.85683000019344,40.78620999895379,0 -77.85695999988978,40.7862399988295,0 -77.85713999981485,40.78628999881909,0 -77.85736999996861,40.7863599988772,0 -77.85749999966495,40.78639999907163,0 -77.85767999959,40.78646999901382,0 -77.85779000009319,40.78650999914201,0 -77.85782000023042,40.78651999883024,0 -77.85789999969803,40.78654999924606,0 -77.85800000015547,40.78659999900221,0 -77.8580799996231,40.78662999938196,0 -77.85822000026349,40.78669999908172,0 -77.85830999977686,40.78674999940506,0 -77.85841000023429,40.78679999901065,0 -77.85849999974765,40.78684999925871,0 -77.85853999993063,40.78686999921135,0 -77.85857000006786,40.78688999915798,0 -77.85876000003866,40.78701999900436,0 -77.85885999959777,40.7870799993708,0 -77.85896000005521,40.78715999886822,0 -77.8590300003754,40.78720999884525,0 -77.85924999958512,40.78736999879077,0 -77.85972999998413,40.78772999895911,0 -77.8600299995598,40.78795999874395,0 -77.86020000033741,40.78808999921626,0 -77.8603400000795,40.78819999920781,0 -77.86033000003376,40.78819999920781,0 -77.86046999977584,40.78829999891841,0 -77.8607900003413,40.78854999889626,0 -77.86111000000842,40.7887899992682,0 -77.86138000034518,40.78898999880221,0 -77.8615999995549,40.7891599991907,0 -77.86205999986244,40.78951999917683,0 -77.86218999955878,40.78960999903846,0 -77.86227999997045,40.78967999899761,0 -77.86236000033639,40.78973999900106,0 -77.86246999994125,40.7898199993747,0 -77.86269000004927,40.78998999899856,0 -77.86271000014077,40.78999999884284,0 -77.86331000019038,40.79046999934781,0 -77.86378999969109,40.79083999875067,0 -77.86415999958696,40.79111999907897,0 -77.86460999984874,40.79146999901907,0 -77.86472000035192,40.79154999934872,0 -77.86474999959083,40.79156999924606,0 -77.86477999972806,40.79158999913738,0 -77.86480999986529,40.79159999874069,0 -77.86485000004826,40.79161999930309,0 -77.86488000018551,40.79162999890188,0 -77.8649300004142,40.79165999904953,0 -77.86497999974461,40.7916699993224,0 -77.86518999980689,40.79172999888787,0 -77.86533999959471,40.79178999907921,0 -77.86544000005215,40.7918299994034,0 -77.86548000023512,40.79184999921635,0 -77.86552999956552,40.79187999926458,0 -77.86566000016018,40.79194999887104,0 -77.86581999999375,40.79198999909878,0 -77.86615999975236,40.79218999919596,0 -77.8666200000599,40.79242999933355,0 -77.86696999986425,40.79261999933723,0 -77.86722000010951,40.7927699990635,0 -77.86746000030905,40.79290999904633,0 -77.86769999961024,40.79305999879747,0 -77.86790999967251,40.79320999888986,0 -77.86801000012996,40.79328999916327,0 -77.86818000000927,40.79343999873603,0 -77.86819000005501,40.79344999874082,0 -77.8682600003752,40.79350999873805,0 -77.86836999998006,40.79361999927216,0 -77.8684700004375,40.7937399989051,0 -77.86851999976788,40.79377999873452,0 -77.86874999992165,40.79405999890615,0 -77.86908999968028,40.79446999879996,0 -77.86917000004622,40.79456999926904,0 -77.86931999983405,40.7947199993503,0 -77.86941000024572,40.79480999896435,0 -77.86949999975911,40.79488999935002,0 -77.86960000021654,40.79497999873361,0 -77.86970999982138,40.79506999935531,0 -77.86984999956348,40.79516999892071,0 -77.8699700001124,40.79526999901554,0 -77.87012999994595,40.79537999935393,0 -77.87028999977953,40.79547999913241,0 -77.87055000007052,40.79562999919779,0 -77.87143999965006,40.79613999906123,0 -77.87164999971235,40.79625999889974,0 -77.871780000307,40.79633999889827,0 -77.87235000021938,40.79665999928842,0 -77.87246999986999,40.79673999880493,0 -77.87240000044811,40.79680999872784,0 -77.87235000021938,40.79686999908871,0 -77.87200000041503,40.79728999873653,0 -77.87147999983304,40.79792999901635,0 -77.87139000031966,40.79803999902744,0 -77.87110999993718,40.79837999926948,0 -77.8710699997542,40.79842999895817,0 -77.87015000003746,40.79950999936246,0 -77.86999000020387,40.79968999908156,0 -77.86984000041605,40.79984999887543,0 -77.86963000035377,40.80007999883849,0 -77.86956000003357,40.80005999878462,0 -77.86950999980485,40.80004999909546,0 -77.86912999986326,40.79993999901501,0 -77.86906999958879,40.79991999891897,0 -77.86885000037908,40.79982999875228,0 -77.86875999996739,40.79978999916791,0 -77.86854999990511,40.79968999908158,0 -77.86850999972214,40.7996699989102,0 -77.86838000002579,40.799599999283,0 -77.86809999964332,40.79940999885425,0 -77.86796999994698,40.79930999887546,0 -77.86790999967251,40.79926999897775,0 -77.86777999997618,40.79916999878804,0 -77.86741000008033,40.79887999922195,0 -77.8673799999431,40.79885999880651,0 -77.86728000038399,40.79877999912471,0 -77.86723000015527,40.79873999890768,0 -77.86710999960636,40.79864999918117,0 -77.8668800003509,40.79846999936208,0 -77.86653999969396,40.7982199993325,0 -77.8664300000891,40.79813999887936,0 -77.86651999960247,40.79806999899886,0 -77.86657999987693,40.79802999903398,0 -77.86677999989347,40.79787999895105,0 -77.86672200016716,40.79783599886242,0</coordinates>
        </LineString>
        <LineString>
          <extrude>0</extrude>
          <tessellate>1</tessellate><altitudeMode>clampToGround</altitudeMode>
          <coordinates> -77.8554200000319,40.78591999922934,0 -77.85540999998616,40.78594999923611,0 -77.85515999974091,40.78589999899059,0 -77.85454999964556,40.78579999906679,0 -77.85448000022366,40.78578999927016,0 -77.85369000020326,40.78564999923881,0 -77.85343999995798,40.78559999876742,0 -77.85259999970884,40.78544999916787,0 -77.85214000029964,40.78535999910952,0 -77.85183999982567,40.78530999909995,0 -77.85138000041644,40.78521999885186,0 -77.85093000015463,40.78513999905798,0 -77.84990999998047,40.78494999873614,0 -77.84921000037171,40.78482999886138,0 -77.84902000040093,40.78478999908166,0 -77.84875000006419,40.78474999927784,0 -77.8485400000019,40.78467999888304,0 -77.84847999972743,40.78445999929964,0 -77.8484499995902,40.78432999920326,0 -77.84844000044278,40.78425999904596,0 -77.84844000044278,40.7842099988884,0 -77.8484499995902,40.78413999928483,0 -77.84849999981893,40.78400999924227,0 -77.84857000013912,40.78379999889755,0 -77.84859000023062,40.78375999917768,0 -77.848639999561,40.78361999894815,0 -77.84865999965248,40.78357999911988,0 -77.84874000001842,40.78341999888568,0 -77.84890999989774,40.78319999920964,0 -77.84908999982279,40.78297999880486,0 -77.84910999991429,40.78295999904115,0 -77.84928999983934,40.78277999885573,0 -77.84944999967291,40.78263999928124,0 -77.84953000003885,40.78257999898462,0 -77.84982999961451,40.78237999919136,0 -77.85010999999699,40.78221999878721,0 -77.8501600002257,40.78218999913611,0 -77.85038000033373,40.78206999903594,0 -77.85066999986364,40.78191999894601,0 -77.85143999979258,40.78149999934066,0 -77.85188000000865,40.7812699989497,0 -77.85206999997943,40.78115999904305,0 -77.85226999999598,40.78105999878433,0 -77.8526599999833,40.78084999931552,0 -77.85303999992492,40.78064999907455,0 -77.85318999971273,40.78055999931384,0 -77.85342999991225,40.78042999906627,0 -77.85356999965434,40.78034999894444,0 -77.85363999997453,40.7803099991875,0 -77.85368000015751,40.78027999935397,0 -77.85373000038622,40.78023999887469,0 -77.85378999976236,40.78018999909193,0 -77.85385000003681,40.7801199993329,0 -77.85389000021979,40.78007999875719,0 -77.85393000040277,40.78001999886886,0 -77.85401999991613,40.77990999893286,0 -77.8540400000076,40.77986999891094,0 -77.85406000009911,40.779829998865,0 -77.85412000037356,40.77972999932484,0 -77.85418999979545,40.77957999939229,0 -77.85421999993265,40.7795199990523,0 -77.85427000016139,40.77941999904552,0 -77.85440999990348,40.7790999992365,0 -77.85445000008644,40.77898999913744,0 -77.85448000022366,40.77888999901296,0 -77.85452000040662,40.77875999889824,0 -77.85452999955407,40.77868999899271,0 -77.85455999969129,40.77853999875239,0 -77.85458999982853,40.77837999930176,0 -77.8546300000115,40.77794999878373,0 -77.8546300000115,40.77788999901217,0 -77.85471000037744,40.77788999901215,0 -77.85464000005723,40.77783999882105,0 -77.85465000010298,40.77775999898117,0 -77.85469000028594,40.77758999934166,0 -77.8547499996621,40.77742999896338,0 -77.85477999979932,40.77737999910631,0 -77.85483000002804,40.77727999927917,0 -77.85491000039399,40.77714999873466,0 -77.85494999967864,40.77708999892086,0 -77.8549899998616,40.77703999880786,0 -77.85509000031904,40.77691999892729,0 -77.85511999955793,40.77688999892325,0 -77.85528000028982,40.77672999889985,0 -77.85540999998616,40.77660999913957,0 -77.85577999988203,40.77626999898178,0 -77.85588000033945,40.77617999872877,0 -77.85592999966985,40.77612999929137,0 -77.85603000012729,40.77603999884871,0 -77.85614999977788,40.77592999912471,0 -77.85622000009808,40.77584999902553,0 -77.85629999956571,40.77574999893608,0 -77.85642000011462,40.77555999896379,0 -77.85647000034334,40.77541999913768,0 -77.85649000043482,40.77534999911402,0 -77.85649999958225,40.77531999908132,0 -77.85651999967374,40.77519999881494,0 -77.85652999971947,40.77505999891051,0 -77.85651999967374,40.77487999908581,0 -77.856509999628,40.77481999926264,0 -77.85647000034334,40.77465999901573,0 -77.8563899999774,40.77449999906375,0 -77.85629000041828,40.77434999888636,0 -77.85616999986937,40.77420999923159,0 -77.85616999986937,40.77419999905062,0 -77.85607000031025,40.77410999939478,0 -77.85605000021877,40.77408999900119,0 -77.85587000029372,40.77394999879859,0 -77.85579999997351,40.77389999904342,0 -77.8555100004436,40.77367999912963,0 -77.85524000010685,40.7734699987797,0 -77.85477999979932,40.77311999921588,0 -77.85471000037744,40.77306999883614,0 -77.85484000007378,40.77294999926789,0 -77.85495999972439,40.77285999927935,0 -77.8550800002733,40.77276999916891,0 -77.85516999978667,40.77269999907433,0 -77.85519999992388,40.77267999893661,0 -77.85525000015261,40.77264999905884,0 -77.85526000019836,40.77263999932331,0 -77.85531000042707,40.77259999900566,0 -77.8553699998032,40.77256999909176,0 -77.85546000021488,40.77250999922338,0 -77.855559999774,40.77244999930078,0 -77.85565000018569,40.77239999909709,0 -77.85575999979054,40.77233999907516,0 -77.85581000001926,40.77231999882905,0 -77.85613999973214,40.77213999906428,0 -77.85614999977788,40.77212999925204,0 -77.85675999987325,40.77179999916082,0 -77.85715999990633,40.7715699992,0 -77.85686000033068,40.77121999915177,0 -77.85679000001046,40.77113999882359,0 -77.85649000043482,40.77084999929263,0 -77.85569000036865,40.7700599989124,0 -77.85610000044748,40.76981999889161,0 -77.85610999959492,40.76981999889159,0 -77.85611999964065,40.76980999873021,0 -77.85628000037255,40.76975999926126,0 -77.85643000016036,40.76973999891886,0 -77.8565799999482,40.76972999874536,0 -77.85667000035987,40.76971999925077,0 -77.85686000033068,40.76968999939717,0 -77.85706000034722,40.7696299989691,0 -77.85705000030148,40.76959999907487,0 -77.85707000039295,40.76957999936466,0 -77.85708999958612,40.76955999896812,0 -77.85710999967762,40.76954999876755,0 -77.85725000031802,40.76946999915003,0 -77.85744000028882,40.76936999898249,0 -77.8575599999394,40.76930999894576,0 -77.858200000172,40.76895999923926,0 -77.85827999963962,40.7689299990426,0 -77.8590799997058,40.76849999927071,0 -77.85944999960167,40.76828999887713,0 -77.85949999983038,40.76823999894476,0 -77.85946999969313,40.76821999882521,0 -77.85902000032966,40.76774999938583,0</coordinates>
        </LineString>
      </MultiGeometry>
    </Placemark>
  </Folder>
  <Style id="LineStyle00">
    <LabelStyle>
      <color>00000000</color>
      <scale>0.000000</scale>
    </LabelStyle>
    <LineStyle>
      <color>00828282</color>
      <width>6.000000</width>
    </LineStyle>
    <PolyStyle>
      <color>00000000</color>
      <outline>0</outline>
    </PolyStyle>
  </Style>
</Document>
</kml>